0000200000000000000000000000000000000000000000000000400000000000
0000000000000000000000000000000000000000000000000000000000000000
00000000000000000000000000000000000000000000000000000000C0000000
0000000000000000001000000001002800000000000000002000000000000000
0000000000000000000000000000000000000000000000010000000000000000
0000000000000000004000000000000000000000000000000000000000000000
0000000000000000000000000000000000000000000000000000400000000000
0000000002000000000080000000000200000000000000000000000000000000
0000000010000000000000000000008000000000004000000000000000000000
0000000000000000000000000000000000000000080000000000000000000000
0000000000000000000000000000000000000000010000400000000000000000
0000000800400000000280000000000000000000000000000000000000000000
004000000C00010003001800000001D400000000000000000000000000000000
0000000000208008000000000080000000000000000000000000000000000000
0000000000000000000002000000000000000000000000000000400000000000
0000000000000000000101000000000000000000000000000000000000000000
0100000000000008000000000000002000000000000000000000000000000000
000000000000000004F780000000016C00000000000000000800000000000000
0000000000000000000000100000000000001000000000000000000000000000
0000000000000000000000000000000000800000000000000000000000000000
102000000000000007200C0000AC07FF00000000000000000800000000000000
00000000000000000001C0010000000000000000000000000000000000000000
02000000000000040010000C0000001000000000000000000000000000000000
00000000000C00060000008000A0000800000000000000000800000000000000
0000000000004000000000100000000000000000000000000000000000000000
00000080000000C0000000000000000000000000000000000000000000000000
0000000000000000000000000000000000000000000000000000400000000000
0010000200000000000100000000420000000000000000000000000000000000
0000000000100000000000000000004000000000000000000800000000000000
0000000000000000000000000000000000400000000000000000080000000000
0000000000000000000000260000010000000000000000000000000000000000
0000000000000000002D40000000000000000000000000000000000000000000
0000000100000040000000000000000000000000000000000000000000000000
0010001000020020000080000080000000000000000000000000000000000000
02000000C0000008000000000000000200000000000000000000000000000000
0000030000010011000000000000000000000000000000000000000000000000
0100000080000000000004000000000000000000000000000000000000000000
0400100000000000000000018000000000000000000000000000000000000000
0000000200018080000000000000000008000000000000000800000000000000
0000004000000000000000000000000000000000000000000000000000000000
0000000000000000000000000000000000001000000000000000000000000000
0000000000000000048000000080421200000000000000000000000000000000
0001000100000000041002000000002000000000000000000000000000000000
0000000000000000000000013000000000000000000000000000000000000000
100000000000040006000010000201FF28000000000000000000000000000000
0000000000000000000000000000000000000100000000000000000000000000
0000000000000000000000000000000000000000000000100000000000000000
0050801800800000000040000000782000000000000000001800000000000000
0000000000000000000000000000000000000000000000000000000000010000
0000200000000040000000000000400000000000000000000000000000000000
0000000000000000000010000000000000000000000000000000000000000000
0000080000201000000000000000000000000000000000000000000000000000
000000000004000000080030001C0A0000000000000000000000000000000000
0000000000000000017F40000000000E20000000000000000000000000000000
0000040210000000010008000000002E00000000000000000800000000000000
0000000001800020000820800000000000000000000000000000000000000000
0000002020000000000000400804014100000000000000000800000000000000
0000000000000001000000002000800020000000000000000000000000000000
0000000000040100010000000000008F08000000008000000000000000000000
0000000000000000000000000000000000000000800000000000000000000000
0000000000040000000000000000000000000000004040000000000000000000
0000000000000000000000000000000000000000000000000000000000000100
10000000080000000100001C140000C000000000000000000000000000000000
0000000000000000000020000000000000000000000000000000000000000000
0000000000000400000000200000020000000000000000000000000000000000
0000000000000000000000000000800000000000000000000000000000000000
0000000200000000000002000000000000000000000000010000000000000000
0000000000000000002000008001000000000000000000000000000000000000
0000000000000000000000000000000000000000000000000040000000000000
00001800020000000000000000CC000000000000000000000000000000000000
0050C0000C000000020000000010054108000000000000000800000000000000
0000000002800020000000000000000000000000000000000000000000000000
0000000100000000000000000000000000001000000000000000000000000000
000010000000000000A000000008802000000000000000000000000000000000
0008000200000000000000000400004000000000000000000000000000000000
0000000000000000401000000010000000000000000000000000000000000000
0000000000040100000000000000010800000000000000100000000000000000
0400000000000000000000018200000000000000000000000000000000000000
0000000000000000000000000000000000000000000000000000000000000000
0000000800800000000000000000000000000000000000000000000000000000
0000000000000000000000000000000000000000004000100000000000000000
0000000000000000000000000000000001000000000000000000000000000000
004060000C04000402001C00000001FE20000000000000000000000000000000
0000000000000000023620000004007908000000000000000000000000000000
0000000008000000000000000000010000000000008000000000000000000000
040010000000000000A008010000020400000000000000000000000000000000
0000002000000004000000000000000000000000000000000000000000000000
0420080000000000000010000000000600000000000000000000000000000000
0008010000000000000000000000000000000000000000000000000000010000
0280024000800000001000000010000000000000000000000000000000000000
1100000000000000020000000000088000000000000000000000000000000000
0000000000000000000000000000800000000000000000000000100000000000
0000000020000000000000000000010080000000000000000000000000000000
8000100000000000000000000010100000000000000000000000000000000000
0000000000000000060000100000010000000000000020000000000000000000
0000000000020000008401000000000000000000000000000000000000000000
0000000100000400000000000000000400000000000000000000000000000000
0400001000820000000008400000000000000000000000000000000000000000
1700000240000008060000000000081340000000000000000000000000000000
000001000000000000080000004E601300000000000000000000000000000000
0100000000000000000000000000000000000000008000000000000000000000
0000000000000042000000000000000000000000000000000000000000000000
0000000000000000000000000000000000000000000000000000000000000000
02008800200000000638000000F9387F00000000000000001000000000000000
0000000000000000000002000000009040000000000000000000000000000000
0000000000000000000000000000000000000000000001000000000000000000
0000000000000000000000000000000000000000000000000000000020000000
0000000000000000000000000000000000000010000000000000000000000000
0010000006000000020000000002010000000000000000000000000000000000
0000000000000000000000000000000000000000000000000000000400000000
0000000000000000000000000000000000000000000000000000000000000000
0000000000008800000001000000100000000000000000000000000000000000
0180C00040200000070800000000016B40000000000000000000000000000000
0000000000000000000000000000000000000000000000000000001000000000
0000000000000000040200501004010008000000000000000000000000000000
0000001000000010000000000000100000000000000000000000000000000000
0000000000000000000000000000000000000000000800000000000000000000
0000000000000000001660000008007C08000000000000000800000000000000
00000000002000000400000400000000A0000000000000000000000000000000
00000000200C00020529C2000000038508000000000000000000000000000000
0000000000000000000000000000000000000000000000000000000080000000
1080000800000000049FE0000010047928000000000000000800000000000000
0000000000000000000000000000010000000000004000000000000000000000
0420010000010000000100000001000000000000000000000000000000000000
0000000200000000000000000000000000000000000000000000400000000000
0200060000820020000800000010800000000000000000000000000000000000
0040000000000000000008000000010000000000000000000000000010000000
0000000000000080000000100000000000000000000000000000000000000000
0000000000000000000000000000000000000000000000000000200000000000
0000000800010000000000000040206000000000000000000000000000000000
0008040100000000200000000000000008000000000000000000000000000000
0000000000000000003000000000800000000000000000000000000000000000
01080000082000080408000000D801FC00000000000000000800000000000000
00000000000000000000840000A2440000000000000000000000000000000000
0000000000000000000000000000000000000200000000000000000000000000
0000000000000000000000800000000040000000000020000000000000000000
0040000000040100020000000000000000000000804000000000000000000000
00000C0000000000000000000042000000000000000000000000000000000000
0008000000000400000000000000000000000000004000000000000000000000
0000000000000000000000000000000000000000000000000000002400000000
0000000000000000000201000000000000000000000000000000400000000000
0000000000000000000000000000000000000000800000000000000000000000
0000000000000400020000000000010200000000008060000000000000000000
0000000000000000000000000000000000000000000000000000040000000000
0000000000000000000000000000000000000000000000000000000000000000
0000000000000000000040000001000040000000000000000000000000000000
0000002000000400000000100000000000000000000000000000000000000000
0000000000000000000000000000000000000000000000000000000400000000
0000000204000000000000000000000000000000000000000000000000000000
0000000000000000000000000000000000000001800000000000000000000000
1000000000000400010400200000010500000000000000000000000000000000
0000030000800000000000000000000000000000000000000000000000000000
0020000000040000000000000200004000000000000000100000000000000000
0000000000000000000000002000400000000000000020000000000000000000
0000000000000000000002000000000000000000000000000000000000000000
0000000000000000000000000000000000000000000000000000080000000000
0000000000000000000000000000000000000000000000000001000000000000
0020001020000800001000000000A00000000000000000001000000000000000
0000000100000000000201680200010000000000000000000000000000000000
00100010000010010000C0000000840000000000000000000000000000000000
000000000000000005E03820000001FA20000000000000000800000000000000
0000010000000000000000000000100000000000000000000000000000000000
0000000000000100000000000000001100000000004000100000000000000000
0000000000000000000000000004C00000000000000000000000000000000000
0000000000000000000000000000000000000000000000000000000000000000
0000000800000000008141000000100000000000000000000000000000000000
0000000020001004000008000000000CC0000000000000000800000000000000
0000000000000200000000000000000000000000000000000000000000000000
0000000000000000800000000000000000000000004000000000000000000000
0000028000800000000000000000000000000000000000000000000000000000
0000000000000000000000000000000000000000000000000000000000004000
0000000000000000000000000000000000000000000000000000000000000000
0000000200000000020008000000000000000000000000000000000000000000
0000000000000000000000000000000000000001000000000000000000000000
0000000000000000200002000020008000000000000000000000000000000000
0000000000000000000044000000000000000000000000000000000000000000
1008000201004000000000000020000008000000000000000800000000000000
0000000001820000002000000000240000000000000000000000000000000000
0000000080000000040804000000010400000000000000000000000000000000
0000000800000000020080000000000800000000000000001000000000000000
0000000000000000000000200000000040000000000000000000000000000000
0000000000000000000000000000000000000000000000000000000000000000
0101000040000000000008000000000000000000000000000000000000000000
0000011000000000000000000000000000000000000000000000000000000000
1080000000100000000000000000000048000000000000000000000000000000
0000000000000000008000000000000000000000000000000000000200000000
0008240000008000000000000400000000000000000000000000000000000000
0000000000000000000000000000000000000000000000000000000000000000
0000000080000000000000010000000000000000000000000000000000000000
0000000000004000000000000001800000000000000000000000000000000000
0000000000000000000000080040000200000000000000000000000000000000
000000000000000000F5E0000000000020000000000000001800000000000000
0000000000000000000000000000000000000000000000000000400000000000
0000000000000000040000002018802040000000000000000000000000000000
0000000080400000020000040000000000000000000000000000000000000000
00000000000000000460000000000208E0000000000000000000000000000000
100000000000000000000C0000C0009040000000000000001800000000000000
0000000000000000000000000000000000000000000000800000002000000000
0000000000000000000000180000010000000000000000000000000000000000
0000000000000000004000000000000000000000000000000000000800000000
0000000100000000000000000000028000000000000000000000200000000000
0000000000008000000100000000000000000000000000000000000000000000
0000200000000000000000000000010000000000000000000000000000000000
0000000000000000000000000000000000000000000000000000020000000000
0100000040101008000000000000000040000000000000000000000000000000
0000100000120050000000000000400000000000000000000000000000000000
0000000000000000000000000000000000000000000000000000000010000000
0000000000000000000000000000000000000000000000000000000400000000
000000000000000003000000000000BB00000000000000201800000000000000
0000000000000000000000000000000000000000000000000000000400000000
1000000040000400C10000100000019E00000000000000000800000000000000
0400000000000080000060000000000800000000000000000000000000000000
0000000000000000000000000000000000000000000000010000000000000000
0000000000000000000080000008000000000000000000000000002000000000
0040000020000000020000000800002000000000000000000000000000000000
0000000000800000000000800008280000000000000000000000000000000000
000800050000000006100000000001EF00000000000000000800000000000000
0000000000000010000000000000000000000000000000000000000000000000
0000000000000000000000000000000000000000000000000000200000000000
0000000000000000000000000000000000000000000000000000002000000000
0000000000000000000008000000010000000000000000000000000008000000
0000000000000014000000000000000000000000000000000000000000000000
0000000000000000000000000000000000000000000000400000000000000000
0400004000000000002800008010010000000000000000001000000000000000
0000800000000000040000000000018008000000000000000000000000000000
0000800000400100400080000000200000000000000000000000000000000000
0000000100000000000000000000000000000000000010000000000000000000
0000300000800000000000000000000000000000000000000000000000000000
0000000000000000000000000000000000000000000000000000400000000000
0000000000000000000000000000000000000000000000000000002000000000
0040600000000000020000000020000000000000000000100000000000000000
0000000000030202000000000000007808000000000000000000000000000000
0000000400000000000000010000000000000000000000000000000000000000
0000000000000000000000000000000040000000000000000000000000000000
0000000000000000000000000000000000000000008000000000000000000000
0000000014000100010040000000280000000000000000000000000000000000
1000000000000040200400000000008008000000000000000800000000000000
0000008800C00000000000000000000000000000000000000000000000000000
0000000008000100010010000000000300000000000000000000000000000000
0000000000000000000200000000800000000000000000000000000000000000
0000000000000000000000000000000000000000000000000000000000000000
0000000000003000004060000000000000000000000000000000000000000000
0008000204000000020000000200000000000000000000000000004000000000
0000090002001000000000000000000000000000000000000000000000000000
1000000000000400000000200000000000000000000000000000000000000000
0400000000020000000500000020000000000000000000000000000000000000
0000000000000000000008000000000000000000000000000000000000004000
0000000000000000000000000000000000000000000000000000000000000000
0000000000000000000000000800000000000000000000000000000000004000
0000000000000000000000010000000000000000002000000000001000000000
000000000000000000100C000000000000000000000020000000000000000000
0000000000001000000000000018000000000000000000000000000000000000
0000000000000100000000000000000000000000000000100000000000000000
00880008400100000010C0800000000008000000000000000000000000000000
0000000000000000000000000000000000000000000000000000000000000000
00000000000000000001C0000000200000000000000000000000000000000000
0000000000020000000000000000000000000000000000000000000000000000
0000001000000000000000000000000080000000000000000000000000000000
000804070101800006000000000001EF00000000000000000800000000000000
00000400000C0010000000000000000000000000000000000000000000000000
00C850000800000007200400024001FF00000000000000000800000000000000
0220010000020020000000000000000000000000000000000000000000000000
0000000210000000020000000C00010040000000000000000000000000000000
1000000000000001000100008200000000000000000000000000000000000000
0000000000000000004000040000000008000000000000001000000000000000
0430112000000000000000000001000000000000000000000000000000000000
0000000000000008800000000000202000000000000000000000000000000000
0400080000060000000000000008504000000000000000000000000000000000
0000000000000000000004000000000020000000000000000000000000000000
0000000000008000000080000000000000000000000000000000000000000000
0000000000000000000000000000000008000000000000000000000000000000
0000000000000000000000000000000000000400000000000000000000000000
0000000000000000000000000000000000000000000000000000000010000000
000000000000000006DE80000008400E00000000000000000000000000000000
0100000000000000000000000800008100000000000000100000000000000000
0000000000000000000000000000000000080000000000000000000000000000
0020000000000000000000000000000000000000000020100000000000000000
0000000000000000000000000000000000000020000000000000000000000000
0000000200000000000000040000000000000000000000000000000000000000
0000000000000020000000000000000000000000000000000000000000000000
0000200000000000000000000000010000000000000000000000000200000000
0000000000000000000000000000000000400000000000000000000000000000
0000000180000000050000000048010200000000000000000000000000004000
0000000000000000000000000000000000000000000000000000003000000000
0040240010000000000000000004000000000000008000000000000000000000
0000800000000000002080000001090000000000000000000000000000000000
1000000000000008000008000000000000000000000000000000000000000000
0010000000000010050000800010000000000000000000000800000000000000
0000000000000000000000000000000000000080000000000000000000000000
0000020001000000000000000000700000000000000000000000000000000000
0100000000000000020000000000005100000000008000000800000000000000
0000000800000010000100000000000000000000000000000000000000000000
0000000000000000000000000000020008000200000000000000000000000000
0000012000030000000000000000000000000000000000000000000000000000
000008000C00000084100800000001D120000000000000000800000000000000
0000000000000000000220000000000000000000000000000000000008000000
1108400018000400030400000020010E08000000000000000800000000000000
0000000000000000000C01006088006800000000000000000800000000000000
0110004000000000000000200000000800000000000000000000000000000000
00001020000002000000C1000000000000000000000000000000000000000000
0000000000000000000000000000000000000000000000000000000000010000
0000008400000001000000000000100000000000000000000000000000000000
0000000080000000030000000000010100000000000000000800000000000000
0000000000000000000000000000400000000000000000000000000400000000
0000000000000000000A00800040003000000000000000100000000000000000
0000000000000000040020000000000008000000000000000000001000000000
0004000000000000000000000000000000000000000000000000000000000000
0000010000000000000000000000500000000000000000000000000000000000
0180400008000002000000000000010000000000008000000000000000000000
000000000080000000E000000080460120000000000000000000000000000000
0000000180000000000000000100008000000000000000000000000000000000
0000000000000000000000000000000000000000000000000000001000000000
0000000000000400060C02000020007040000000000000000000000000000000
0000000020088002000000000000000000000000000000001000000000000000
0040000004000000060E01800068018D00000000000000000000000000000000
0000000000000000000000000000000000000001000020000000000000000000
1000001008000200030000100000019500000000000000000000000000000000
0000000000000000000000000000000000000000000000000000000400000000
1100000000100008001008000000008000000000000000000800000000000000
0000000000000000001000000820400000000000000000000000000000000000
0000000000000000000000000000000000000000000000000000400000000000
0000000000000000000000000000000000000000000000000000002000000000
00080402000000C0060000000000018000000000000000000000000000000000
0000000010800020000000000000400000000000000000000000000000000000
0000000008000000000001000000000000000000000000000000000000000000
0000000000000000000000000000000000000000002001000000000000000000
0000000000000000000008000000000000000000000000000000000000000000
00020008800000000005E0000000000000000000000000000000000000000000
1000000000000000078000180000017508000000000000000800000000000000
00200008000100000100C0000000000400000000000000000000000000000000
00D0100000000000000000000000000000000000000000000800000000000000
000000000000000100D100000000240000000000000000000000000000000000
0000000601000000000000000000004000000000000000000000000000010000
0000100000000000000000008008000000000000000000000000000000000000
0000000000000000020000000000000000000000004000000000000000000000
0000000000400000000000800000000000020000000000000000000000000000
0000000000000000000004000000000000000000000000000000000020000000
4000000000000000008000000000000000000000000000000000000000000000
0000000000000000000000000000000000000000000000000000000000008000
0000000000000000000000000000000000000000000008000000000000000000
0008000100000000040000000000000000000000000000000000000000000000
0000000000000000000000000000000000000002000000000000000000000000
1040000000000000020000000008000008000000000000000800000000000000
0000000000000000000020000000000080000000000000000000000000000000
0000000000000000000000000000000000000000008000400000000000000000
0000080000000040000000000000600000000000000000000000000000000000
0000000000000800000000000000000800000000000000000000000000000000
0000000000000020000000008800000000000000000000000000000000000000
0101000000000008000200000000008000000000000000000000000000000000
0000000000000000000000000000000000000000000000000000000400000000
0000000002020000800000000000004400000000000000000000000000000000
0000000000010010000000000000000000000000000000000000000000000000
0080400200000000000000000002001208000000000000000000000000000000
0000020000000000001000000000800400000000000000000000000000000000
0000000000000000000004120000200048000000000000000800000000000000
0000000000000000000000000000000000000000000000000000000000000000
0000600800000000020000000000002000000000000000000000000000000000
0000000000000000000000000000400000000000000000000000000000000000
0000000108000020000000000000000000000000000000000000000000000000
0000000000000000000800000008440000000000000000000000000000000000
030A00800020000007000000000001BF00000000000000001800000000000000
0000000000000000000000000000000000000000000000000000000000000000
1040000000040100040000000000000000000000004000000000000000000000
0000000000000000000000000000000000000000000000000000000000000000
0000000000000000000000000000000000000000000000000000000000004000
0000000000000000000000000000000028000000000000000000000400000000
0000000000000000000000000000000000000000000000000000000000000000
0400000000000020000000008000000000000000000000000000000000000000
0000000000060100020000000000000000000000000000100000000000000000
0000000000000020040000000001E00000000000000000000000000000000000
1008000000000008000000000000003C08000000000000000000000000000000
0400002000001000040240000018000000000000000000000000000000000000
0000000000000000000000200000000000000000000100000000000000000000
0000000000000000008000000000000000000002000000000000000000000000
0000000000000000000000000000000000000000000000000000000000004000
0000008000020000000000000020000000000000000000000000000000000000
0000000000000000000000000000080000000000000000000000000000000000
0000000000000000000000000000000000000000000000002000000000000000
0000000000100000800000000000000408000000004000000000000000000000
0000000000000000000000000000000001000400000000080000000000000000
0000000000000000010000800020000000000000000000000000400000000000
0000044800820000000000000002100000000000000000000000000000000000
0000000080000000000000000000000400000000000000000000000000000000
0000100000400000000000000000000000000000000000000000000000000000
100000000000000001800030000000B408000000000000000800000000000000
0000000000000000000000009000000000000000000000000000000000000000
0000000200000000000000000000000E00000000000000000800000000008000
0028000000800001800000000000600000000000000000000000000000000000
0000000000000000000002400000000000000000000010000000000000000000
0000000000800000000020000000400000000000000000000000000000000000
0001000080000000000000000000000000000000000000000000000000000000
0000000000000000040780000000700500000000000000000000000000000000
0000000000000000000000000000000000000000000000100000000000000000
04000108000000000000C0000000400000000000000000000000000000000000
010000400000000003080600047001EC00000000000000000800000000000000
0000000000000000000000000000000000000000000000006000000000000000
0000000000000000000200600000000000000000000000001000000000000000
0200008830000000005000000001C40400000000000000000000000000000000
0000000000000000000000000000000000000000008000000000000000000000
0000000000000000000000000000000000000020000000000000000000000000
008000200004000004000400000001C400000000000000000000000000000000
0000000000000000000000000000000000000000000000000000000400000000
0000000000000000000000000000000000000000000000000000000000018000
0000000000000080000084002000000000000000000000000000000000000000
0100000000000000000000000000000000000000000000000001000000000000
0020004000800000000000000024108000000000000000000000000000000000
0000000000000000000000000000000000000200000000000000000000000000
0000000000000000001000000000000208000000800020000000000000000000
0000000280004000000000000000000000000000000000000000000000000000
00001A8000600E00000000000020000000000000000000000000000000000000
0000000000000000000000000000000000000000000000000000200000000000
0000000000000000000000000000000000000000000000000000002000000000
1000800020000C00000000000020010000000000000000000000000000000000
0000020000000000000000000000400000000000000000000000000000000000
0000000240001000000000000000010000000000000000001000000000000000
00800000000001C0021000000004100800000000000000001000000000000000
0000000000040000204000000400010420000000000020000000000000000000
0000000000000000000000000000000000000000001000000000000200000000
06C0400048200000071000000200017A40000000000000001000000000000000
0098000C000300000009C0000000000000000000000000000000000000000000
0000000000000000200000040000014408000000000000000000000000000000
0000000000000000000000000000000000000000000000000000000000000000
000000040000000805400000000201A800000000000000001000000000000000
0000000000000000000000000000000000000000000000000000000000000000
0000040000000000000000000000000000000000004000000000000000000000
0000000000000002000000000000000000000000000000000000000000000000
0000000000000000000000000000000000000000000000000000800000000000
0000000000001020000000000000000000000000000000000000000000000000
0000000000000000000000000000000000000100000040000000000000000000
0000000000010000000080000000000000000000000000000000000000000000
0040080000000000000000000000040000000100000000000000000000000000
0000000000000000000010000000000000000000000000000000000000000000
01000000800000000000000400CC000000000000000000000000000000000000
0000000000000000000420000000005840000000000000000000000000000000
01C8406604000000020000000000015400000000000000000000000000000000
0000000000000000000000000000000000000000002000000000000000000000
0100040200000000200000200000000000000000000000000000000000000000
0000000000000000000000000000000000000000000000000000000000000000
0010000004000000040000000000004000000000000000000000000000000000
0000000000070001010000000000000000000000000000000000000000000000
1000000000000000000000000000014028000000008000001000000000000000
0420000000000020000000000000C00000000000000000000000000000000000
0000000000000000000000200000000000000020000000000000000000000000
0000000000000000000000000000000000080000000000000000000000000000
0000000000000000000000000000000000000000000000000000400000000000
0004008000000000004180000000020000000000000000000000000000000000
0000000000000000000000000000000000000000000000000000000000000000
0000000000000000000000000000000000000010000000000000000000000000
0000000000000000000000000000000000000000000000000000000000010000
00000000000000000002A0000000000000000000000000000000000000000000
0000000004000000000000000000000800000000000000000000000060000000
0020002000000002000584000000004000000000000000000000000000000000
0000000000000000000008000010000008000000000000000000000000000000
0000000000000005000000000008000000000000000000000000000000000000
1000000008000000000000080000000000000000000000000000000000000000
0400000000000000001080000010806000000000000000000000000000000000
0000000102000000000000000000012040000000000000000000000000000000
0000000040004000000420000000024800000000000000000000000000000000
00080000000000000200000000000000A0000000000000000000000000000000
0000000000400000000000000000000000000000000000000000000000000000
100000000000000006020200001000BE40000000000000000800400000000000
0000000000000000000000000000004001000000000000000000000000000000
0040000008000000000010000000002000000000000000000000000000000000
0000800000000000000000002008200000000000000000000000000000000000
0040000000000081000000000000000000000000000000100000000000000000
0000000000000020000000000089600000000000000000000000000000000000
0000000080000000000000000000000000000000000000000000200000000000
0000000000000000000000000002000000000000000000000000000000000000
0000000000000000000000000000000020000000000000000000000000000000
0000000000000000000000000000000000000000000000000000000000000000
100010000204010107000000000001A200000000004000000000000000000000
0002000000000000000040000000000000000000000000000000000000000000
108000001000040002040000000000C400000000000000000800000000000000
0000000000000000000000000000000000000000000000000000002000000000
01000000C0000000060200000060017E00000000000000000800000000000000
0000040000000021000000000108000000000000000000000000000000000000
00000000000A0000000002000000000000000000000000000000000000000000
0000000000018000000040000000000000000000000000000000000000000000
0000000000000000000000200000000000000000000000000000000000000000
0000020000000040000080000001000000000000000000000000000000000000
0000000000000000000000000000000000000200000040000000000000000000
0000000000000000008180000000340A00000000000000000000000000000000
0000000000000000000000000000000000000000000000000040000000010000
000000000000000000B500000000000000000000000000000000000000000000
004100000004000007001200000001BE00000000000000000800000000000000
000000000000000100C0000000200000A0000000000000000000000000000000
0000000000000000000000000000010000000200004000000800000000000000
0000000000000000000000000000000000400000800000000000000000000000
0000000000000000000200401018022200000000000000000000000000000000
0000000800000000000080000000400000000000000000000000000000000000
1104000200000000001800000040000808000000000000000000000000000000
0000000000020000000000000020880000000000000000000000000000000000
0000000000000000000200000000008000000000000000000000000000004000
000000000000000100C000000000000000000000000000000000000000000000
1000000000000800058000300000002A08000000000000000000000000000000
0000000000000000000000000000000000400000000000000000000000000000
010000000000000000000C0000000000000000000000000000000000E0000000
0020100000000000044000033E80000000000000000000000800000000000000
0000000000000000000000000400010000000000000000000000000000000000
0000000000000000000000000000000000000000000004000000000000000000
0000000000000000000000000000000000000000000000000000400000000000
0000000000000000004000000000000000000000002000000000000000000000
0000000000004000000000100000000000000000000000000000000000000000
4000000000004000000000000000000000000000000000000000000000000000
0000000000080000000010000200000000000000000000000000000000000000
0000000000000000000000000000040000000000000000000000002000000000
0100000000040100000000000000010008000000008000000000000000000000
0000200000000000000000000000800000000000000000000000000000000000
0400000000000000030402000020007D00000000000000000000000000000000
0000000000000001001000000021000000000000000000000000000000000000
0000000008000000000008000000000000000000004000000000000000000000
0000000000000000000000000000000000000000000000000000000400000000
0080600000000100000000000000000000000000000000000800000000000000
0000000000000000000000400008400000000000000000000000000040000000
90000000800000000200027C00A0004008000000000000001000000000000000
0010000000020010000000000000000000000000000000000000000000000000
0000000000000000000000800000010000000000000000000000000000004000
0570840000800000001000400028721000000000000000000000000000000000
0000000000000800000000020000000000000000000000000000000000000000
0000000000000000000000000000000000000000000004000000000000000000
0000000000000800200000101000001000000000000000000000000000000000
0000000000200100000000000010000000000000000000000000000000000000
101020000000000002800000020201A900000000000000000000000000000000
04000000000401000002A0000000000000000000000000000000000000000000
0000000400000000000000000000000000000000000000200000000000000000
0000000000000000001590000000460000000000000000000000000000000000
0000001000000000000000000000000800000000004000000000000000000000
0000000040000000002000000001400000000000000000000000000000000000
0008000000000000000000000000010000000000000000000000000000000000
0000000000020000000000009000000000000000000000000000000000000000
0280000400000000000000000000000000000000000000000000000000000000
00000000000000000042C0800000804A00000000000000000000000000000000
0000000000000000000004000088008400000000000000020000000000000000
0000000000000000000000000000000000000000000000000000000000000000
0000000000000000000000000000000000000000000000000001000000000000
0000000004490120000000000000000000000000000000000000000000000000
0000400000000000000000000200000000000000000000000000000010000000
0000000000000000000000000000000000000000002000000000000000000000
0000000200000040020000000000010080000000000000000000000000000000
0000000000000000000000000000000000800000000000000000000000000000
8000080000000800000000000000000000000000000000000000000000000000
0000000000000000000000000000000000000000000000000000001000000000
0408000100000000000000000000008000000000000000000000000000000000
0000000000000000000080000001000000000000000000000000000000000000
0000000000000000000000000000010000000000000000000000000000004000
0000000000000000000000000000000000000000000000000000004000000000
0040080000000000000000000800000400000000000000000000000000000000
0000000000000000000000000000000000000000400000000000000000000000
0141200008000008000000000000000000000000000000000000000000000000
0000000000000000000000000000010000000000000000000000000800000000
100000000000000006D00E060000018F00000000000000000000000000000000
0000000000020000000080000060000000000000000000000000000000000000
0000400C0C03000007800010000001B300000000000000000800000000000000
0000000000000000000000000000000000000004000000000000000000000000
00000000010000000000000000000050A8000000000000000000000000000000
0000010000020000800000000000000000000000000000000000000000000000
00008000000000000000000000400104000000000000000000000000A0000000
0000000000000000000040002800000000000000000000001000000000000000
0000400000000000000000000000008000000000000000000000000000000000
0000000000000000000000000000000000000000000000000000000000000000
0000000000000000000000000000000000000000000000000000000000000000
0000000000000200000000000001200000000000000000000000000000000000
0000000008000000020000100000000000000000000000000000000000000000
0000000000000010000000000000800000000000000000000000000000000000
004000000000090003400000020001D108000000000000000000000000000000
040000000000000004F761000050007F28000000000000000000000000000000
0000000000000000000000000000000000000000000000000000000000008000
0000000000000000002000000000000000000000000000000000000000000000
1000000000000000034400004020000000000000000000000000000000000000
00000000000000000080A0000000000000000000000000000000000000000000
0004000400004000050000000000008000000000000000000000000000000000
0000000000000000000400000002000001000000000000000000000000000000
0008000300000000000000000080008C00000000000000000000000000000000
0000000000000000000000000000000000000000000024000000000000000000
01C1C0003800000801000000000000B400000000000000001800000000000000
0000000000000000000080000000000000000000000000000000000000000000
1000080000000000000008000000000CC8020000000000000000000000000000
0000000000000000000000022088000000000000000000000000000000000000
0000000000000000000009000080008000000000000000000000000000000000
0000000000000000004000000000000000000000002000000000000000000000
1000000000000800070000240000011D08000000000000000800000000000000
0010000002800020000000080188002800000000000000000000000000000000
0000000000000400020000000000002800000200008000000000000000000000
0000020000000200000840000000000800000000000000000000000000000000
0200000300000000000000000000010000000000000000000000000000000000
0000010000000000000000000000000000000000000000000000000000000000
00C0A0001C00000003000000000800E800000000000000000800000000000000
0000000000000000000000000000000000000000000000000000000000000080
0000000000000000000000000000000000000000000000000000000000000000
0110090000800000000000000004600100000000000000000000000000000000
0000000200000000020000000000000000000000000000000000000000000000
0200010000000000000000000000100000000000000000000000000000000000
0000040204010080000000000000000000000000000000000000000000000000
0040000000010000000100000000800000000000000000000000000000000000
0000000000000100020000000000019000000000000000100000000000000000
0000000000200020000000000000800000000000000000000000000000000000
0000000000000000020002000004001C08000000000000000000000000000000
0000000000000000000000000000000000000000000000000000000400000000
0000000000100000000000000000000000000000000000000000000000000000
0000000000000000000080000000400000000000000000000000000000000000
0000000000000000030000000000000000000000000000200000000000000000
0000011000000000000000000000001000000000000000000000000000000000
0000000000000000000000040000000000000000000000100000000000000000
00100100020200000000C0000000000000000000000000000000000000000000
000000000200000002100006000001AD00000000000000000000000000000000
0000000000000000000020000010000000000000000000000000000000000000
0000000008000000010000000000000000000000000000000000000010000000
0000000000000000004080000000800000000000000000000000000000000000
112000000000000003840030000001C800000000000000000800000000000000
0400000000000000000000006800000000000000000000001000000000000000
0000000000000000020808000040001000000000000000000000000000020000
00000000000000000000000000000C0000000000000000000000000000000000
0000000000000000000000000000000000000000000000000000000000010000
0000000000000000000000002000000000000000000000000000000000000000
0000000000000000000000000000000000000000000000000000000000000000
0000000000000000040080800000222900000000000000001000000000000000
10D0200000000002000000000000082000000000000000000000000000000000
0200014000880020000000000000700000000000000000000000000000000000
1000000000000000000A00000020010500000000000000000800000000000000
0000020000000200000000000000000000000000000000000000000000000000
11000000000008000740000C000001A400000000000000000000000000000000
0000000000000000000000000000000000000001000000000000000000000000
00080002000000000000000000000000C0000000000000000000000000000000
0000000000000000000000000000000001400000000000000000000000000000
0000000000000000000000000000000000000000000000000000800000000000
0000000000000000000000000000000000000000000004000000000000000000
0000000000080000000000000040000000000000000000000000000000000000
0000008000020000002000000000640000000000000000000000000000000000
0000000000000000000000000000000000000000000000000000000000000000
0000000000000000000000000000100000000000000000003000000000000000
0000000000000000020008040000000200000000000000001000000000000000
0010018010020020000000000000000000000000000000000000000000000000
0000000000000000000000000000000000000080000000000000000000000000
0000800000000000000000000000000000000000000004000000000000000000
0000000000000000000000000000000000000000000000000000000000002000
0000000000400000000000000000000000000000000000000000000000000000
1000000000000000030000104000004800000000000000000000000000000000
0000000000000000000020000000000000000800000000000000000000000000
0008000100004000000200200000000000000000000000000000000000000000
0000000000000000000120000000000000000000000000000000000000000000
0088000300000000030000000200011708000000000000001800000000000000
0000000000000000000000000000000000000040040000000000000000000000
040A000380000000060002000048003600000000000000000800000000000000
0000000000000000000000000000000000000000000000000000000800000000
0000000100000020000000200000000000000000000000000000000000000000
00000000000000000457A0000000802000000000000000000000000000000000
0000000000000000000000000020000000000000000000010000000000000000
0400010800020000000080000000400000000000000000000000000000000000
0000020100000000000000040000000000000000000000000000000000000000
0000000000000000000000000000000000000000000000000000003800000000
0000000000000000000000200000010008000000000080000800000000000000
0000000800080010002000200000000000000000000000000000000000000000
0000000000000000000000000000000000000000000000000000000000000000
0000000000000000002000000101200000000000000000000000000000000000
0000000200000000040000000400000400000000004000000000000000000000
000000000000100000A240000000000000000000000000000000000000000000
0000000080000000000000000010000000000000000000000000000000000000
0040000000010000000000000000020000000000000000000000000000000000
00400000000004000600000000000148A8000000000000000800000000000000
0000000000020000000080000000100000000000000000000000000000000000
0000000030000000000800000000004000000000000000000000000000010000
0000000000000000000000000000000000000000010000000000002000000000
0100000000000000020000000000008008000000008000000800000000000000
0000000000000000000060000000120000000000000000000000000000000000
0000000100000000000000200000000000000000000000000000000000000000
0000000000030800000000000000400000000000000000000000000000000000
0000000000000000020400040000110000000000000000000800000000000000
0000000000000000004000000000000040000000000000000000040000000000
0000000000000000020000000000009200000200000000000000000000000000
0000000000000000000000000000000000000002000000000000000000000000
0000000000000000000000000004008020000200000000000000000000000000
0000400000000000000014000000100000000000000000000000000000000000
0000000000000000000000000400004000000000000000000000000000008000
0000000000000000000000000000000000000000000000480000000000000000
0000000000000000000000000000000000000000000000020000000000000000
0000000000000000000000000000000000000000000000000000000208000000
0020000000000000000000000000008000000000000000100000000000000000
0000000000000000000000000008000000000000000000000000000000000000
0000000200000000200000000000000000000000000000000000000000000000
0000048000800020000000C80000204000000000000000000000000000000000
0000000000000000000008000000000000000200000040000000000000000000
0000020000800000000010000007000000000000000000000000000000000000
0000000000000000020000000000000200000000000000000000000000004000
0000000000000010000000000000800000000000000000000000000000000000
0000000000000000000000000000000000000000000000000000000000004000
0000000000000000000000000000800000000000000000000000000000000000
0000000000000000000000000000000000000200000000000000000000000000
0000100000000000000000000000100000000000000000000000000000000000
0000000000000000001000000000010900000000000000000000000000010000
0000000000008000000000000000000000000000000000000000000000000000
11000000000000000660002C0002019508000000000000000800000000000000
0000000000000000000000000000000000080000000000000000000000000000
0020000000000000040000000120015100000000000010000000000000000000
0000000000000000000000000000000000000000000001000000000000000000
1100000040000000000801000090062100000000000000000000000000000000
0000000000010012000000000000000000000000000000000000000000000000
0040400004000000000000000000011000000100000000000000000000000000
0000000000000000000000000008100000000000000000000000000000000000
01000000000008080000000C0000000100000000000000000000000000000000
0000000000000000001000000000000000000000000000000000000000000000
0060000000000000022004000000000500000000000000000800000000000000
0020001C00020001800140000000200000000000000000000000000000000000
0000000000000000000000000000000000000000000000000000000000004000
0000000000000000000000000000000001000000000000000000000000000000
0040000000000000000000000400000000000000000000000000000000000000
0000000000000000000660000000600000000000000000000000000000000000
0100000000000000000000000000000000000000008000000000000000000000
0000000000000000000000000000000000000000000000000000000000000000
0060000004000100020000000010018200000000000000000800000000000000
0000000000000000000000000000000000000000000000000000000000000000
100200000000000021020060000000C000000000000000000000000000000000
0200000000030000000080000020424000000000000000000000000000000000
0000000000000000000000000000000000000000000000000000000000000000
0400000004000000000000000000000000000000000000000000000000000000
0008040200000000010000000000000000000000000000000000000000000000
0000000000000000002000000000000000000000000002000000000000000000
0000000000000000000000000000000000000000000000000000000000080000
0000000000000000000000000000000000000000000000000000000400000000
0000000000000001040000000000000000000000008000000000000000000000
0000008000000000004000000000001080000000000000000000000000000000
1000000000000000000000000000000000000000000000000000000000000000
0480000000000010040140000000000000000000000000000000000000000000
0000000000000080000000000000000000000000000000000000000000000000
0000008000800000000000000000800000000000000000000000000000000000
0400000080000000000000000188010400000000000000000000000000000000
0000000000000000000000002000000000000000800000000000000000000000
0000000000000000000000000000000000000000000000000000000000000000
0000084000400000000000000000000000000000000000000000000000000000
1000000000000001000000000000000000000000000000000000000000000000
000000000000000000000000A000000000000000000000000000000000000000
0000000000000000000000000000000000000000000000000000000080000000
0000000020600103000000000000000000000000000000000000000000000000
000000000000000000000000000000000000000000000000000000000000C000
0000000000000000000000000000000000000000002000000000000000000000
0000000004000000000000000000000008000000004000000000000000000000
0000040000000020400004800020400000000000000000000000000000000000
000C000100000000000000000400000000000000000010000000000000000000
0000000000000010000080000000000000000000000000000000000000000000
0000080000100000000008000000019F00000000000000000800000000000000
0000000000000000008000000000000000000000001000000000000000000000
0001800000000000000000000000000000000000008000000000000080000000
00A0000801000000000000000300000000000000000000000000000000000000
0000000000000000021402000020012E28000000000000000800000000000000
0002000000000000000440002000000000000000000000000000000000000000
0080000000000000000000000000000000000000000000000000000000000000
0000000000000000000000000000000000000002000000000000000000000000
0000000000000200000000000000000000000200000040000000000000000000
0000000000000000000000000000000000000000802000000000000000000000
0000000000000000000000000000000000000000000000020000000000000000
0000000000000000000000000000800000000000000000000000000000000000
0000000000000000000000000000000000000000000000000000000000008000
0000200000000000000000400000000000000000000000000000000000000000
01C0000000020000010000000200000000000000000000000000000000000000
0000000000000000000000000000000000000000800420000000000000000000
1040001018000000020000000000004400000000000000000000000000000000
0000000000020000000100000000000000000000000000000000000000000000
0008000000000000230000100000080100000000000000000000000000000000
0000000000000000000000000000000000200000000000000000000400000000
0000010000000000000000000000000000000000000000000000000000000000
0000000800081000000088000000004000000000000000000000000000000000
0000000080000000000000200000000000000000000000000000000000000000
0000000000000000800000000000400000000000000000000000000000000000
0200000500000000020C02000060006C00000000000000000000000000000000
00000000400000000000A0000000608000000000000000001000000000000000
0000000000000000000000000000000000040000000000000800000000000000
0020100000000020000000000008000000000000000000000000000000000000
00402C0008000000070000000000018F00000000000000000800000000000000
0000000000000000000400000000000000000000000000000000000000000000
100000000000080000080000000001BD28000000000000000000000000000000
0000000000000000000000000000000000000001000000000000000000000000
0202000000000000000000040000000008000000000000000000000000000000
0000000000000000000000000000000000000000000000000000002000000000
0000000000000000000000000200000000020000004000000000000000000000
0000000000000000000000000000000000800000000000000000000000000000
0000000000000000000000000000000000000000000000000000000000004000
041001100000000000000000000100C100000000000000000000000000000000
0000800200000000060008000000000D000000000000000000000000C0000000
0000000000000000008500000000604800000000000000000000000000000000
01C0280000000000070000000000003700000000000000000800000000000000
0000000000000000000000000000000000000000000000002000000000000000
0000200000000000000000000000000000000000000000000000000000000000
0000000000000000000180000000900000000000000000000000000000000000
0040200040000000000000000A00000000000000000000000000000000000000
00000000000000000015000000200018A0000000000000000800000000000000
1000000000000000020800306020018600000000000000000800000000000000
0000000000000000000000000000000000000000000000000000000200000000
0000000000000000000000000000000000000000000000020000000000000000
00000000000000000001A0000000400000000000000000000800000000000000
0040000000000000020000000000000000000000000000100000000000000000
0004008000010000800000000000000000000000000000000000000000000000
0000000080000000000000000000000000000000000000000000000000000000
0000000400200000000040000000000000000000000000000000000000000000
0000001000000000000004000000000000000000000000000000000000000000
0000000000000000000000000000000000080000000000000000000000000000
0000A00000200000000000000000000000000000000000000000000010000000
02005F5020000000000000000238808600000000000000000000000000000000
0000001004000000020000000000000000000000000000000800000000000000
0000000000000000000000000000000001400000000000000000000000000000
0000000000000000000000000000000000000000000000000001000000000000
0000000000000000000000000000000000000000000000000000000090000000
000000000000000000000C000000001000000000000000000800000000000000
0000000000000000000000000000000000000000000000002000000000000000
1008000000000000000000100004000000000000000000000000000000000000
0000000000000000000000010000100000000000000000000000000000000000
0000800000000008040000000000016020000000000000000000000000000000
0000000000000000000000000000000000400000000000000000000000000000
0000000000000200000000000000400000000000008000000000000000000000
0000020000000000000000000000000000000001000000000000000000000000
0000400310000000000004000000000000000000000000000800000000000000
0000000000000000001000000100000400000000000000000000000000000000
0000000000000000000000000000000000000000000000000000800000000000
0000000000000000400180018300000000000000000000000000000000000000
0000000000000000000000000000000000000000000000000000200000000000
0080000000080001808000000000080000000000000000000000000000000000
0000000200004000000000000000000000000000000000000000000000000000
0000000000000000000000000000000000000000000000000000000000000000
0000000000000000000000000000000000000000000000020000000000000000
0210000000020000000000000000000000000000000000000000000000000000
0001000000000008000000000000000000000000000000000000000000000000
0040021000000000008000000008800000000000000000000000000000000000
00080001100000000200000000000C8000000000000000000000000000000000
0000000000000000003000000000850020000000000000000000000000000000
0000080000000000000000000000004000000000000000000000000180000000
0000030800000000004080000000400000000000000000000000000000000000
0440000000000000010000000000008100000000000000000000000100000000
0000000000000000000000000000000000000000000000000000000000000000
0000000000000200000000000000010000000100000000000000000000000000
0020010000000020012800000061680100000000000000000800000000000000
0000000000200000000000000000000000000000008000000000000000000000
0000000000000000000500000001400000000000000000000000000000000000
0000000008000000010000000000010100000000000000000000000100000000
0000000000000000000000000000000000000002000000000000000000000000
1100000008000100070000300000005948000000000000000800000000000000
0000008000020001000140000000000000000000000000000000000000000000
10000000000004000000000C000E020100000000000000000000000000000000
0000000000000000052100000080862700000000000000000800000000000000
102000000000000000000030120001FD08000000000000000000000000000000
000006000200000000100000001A400000000000000000000000000000000000
1000000000000400030802040100815800000000000000000000000000000000
0000000000480000000000000000100000000000000000000000000000000000
1000000000000800040C00200020013A08000000000000000800000000000000
0000100000020000000180000000002000000000000000000000000000000000
060000024000000005A000000C0001F500000000000000001800000000000000
0000000000000000000180000000400000000000000000000000000000000000
000000000000000007001000020201A000000000000020000000000000000000
0000000800001002000040000000000000000000000000000000000000000000
1040000000000000008000180010015D00000000000000000000000000000000
0000000000000000008000000000000000000000000000000000003400000000
0000000000000800000000000000020000000000000000000800000000000000
000000000000000000018001B000000900000000000000000000000000000000
000200008000000001080800001001E000000000000000000000000000000000
0000000000000020000000000000880000000000000000000000000000000000
0000000000000000000000000000000000000000000000000000000000000000
0480042804008000048004800108046200000000000000000800000000000000
0180000000000000020000000000012000000000000000000000000000000000
0000000000000000000000000000000000800000000000000000000000000000
0010000004000000000000000000000800000100000000000000000000000000
0000000000000000000000000000000000000000000000000000002000000000
1000000000000800000000060000008000000000000000000000000000000000
0000000000000000008200000000000080000000000000000000000000000000
0041000000100000030000000000010500000000000000000800000000000000
0000000000500002000000000000000000000000000000000000000000000000
0000000100000000000000000000004848000000000000000000000000000000
0000000000001406004000000000000000000000000000000000000000000000
0000000000000000000000000000000000000000004000000000000000000000
0000000000000000000000000000000000000000040001000000000400000000
0209018000200008000002000020000000000000000000000000000000000000
0000000000000000000000000000000000000000000004000000000000000000
0040080004000000000000000800019400000000000000000000000000000000
0000000000000000000000000000000000480000000000000000000000000000
0000000080000000000000240000000000000000000000000000000000000000
000000000000100004D000800008163200000000000000000000000000000000
0000000004000000000001000000010000000000000000000000000000000000
000010000200000000DA20000008033E08000000000000001000000000000000
0004000000000400000000000000000000000000000000000000000000000000
4000000000000000000000000000000000000000000000000000000000000000
100800000800000003C201A0041800F500000000000000000800000000000000
0000000000000000000000000000000000010000000000000000000000000000
000000000000000042D002100100008100000000000000000000000000000000
0000000000000000000000000020000000000000000000000000000040000000
0000600000000100008000000000010400000000000000000000000000000000
00000000000000000494A0000000800400000000000000000000000000000000
0000000008020100000000000808000000000000000000000000000000000000
0000000000400200000000000000000400000000000000001000000000000000
100000030000000006000800000001F800000000000000000000000000000000
0000000000000000000000000000000000000000004000018000000000000000
1000200008000000020200000010015300000000000000000000000000000000
0400000000000000800000000000020000000000000000001000000000000000
0000000000000000000000000000000000000000000000010000000000000000
0000000000000000004000000100000000000000080000000000000000000000
0000000000000000000008000000000008000000008000000000000000000000
00000000004018004406A0000000000100000000000000000000000000000000
0000000000000000000000000000000000000000000000800000000000000000
0400080010800000000000000000600200000000000000000000000000000000
0000000000000000000000000000000000000000000000000000000000000000
0000000000000000000000000000000000000000000000000000000000000000
0040000000000000000000000000004000000000000000000000000000004000
0000000002000000000000000000100000000000000000000000000000000000
0000000000000000000000000000000000000000000000020000000000000000
0000000000000000000000000000000000000000002000000000000000000000
0000000080000000000000000000000000000000000000000000000000000000
0200008010190200018000000010009100000000000000000800000000000000
0000010100000000000000200000000108000000000000000000000000000000
00000002000200000001C0000010200000000000000000000000000000000000
0000000084000000000000000000000000000000000000000000000000000000
0000000000000000000000000000000000000000000001000000000000000000
0000040200010200008000000600000000000000004000000000000000000000
0000000000000000000000000000000000000000000000000000002000000000
0008000000000000000000800000010400000000000000000000000000010000
0000000000000000000000000000000000080000000000000000000000000000
0060080004000000020000000200008000000000004020000000000000000000
0000000000000000001000000000000020000000000000000000000200000000
0000000010000000000000000000000000000000000000200000000000000000
0000000000000000000000000000000000000000000000000000000000000800
000000000000000000000000080000000000000000000000000000000000C000
0000000000000000000000000000000000000000000000000000000400000000
1000000000000000009002000000000040000000000000000000000000000000
000000004000000004B710000008000000000000000000000800000000000000
0100000000000000000000000000010000000000004000000000000000000000
0000000000000000000400000000000000000000000000080000000000000000
0000100000000000000000000000018200000000008040000800000000000000
0000000000000000000000000000000000000000000000000000020000000000
0001000000200000020008000000010000000008000000000000000000000000
0000000000000000001000000000000A00000000000000000000000000000000
0000200000000101000000000000000000000000000000000000000000000000
040000000000000004A080000000000000000000000000000000000000000000
11E050000004000202000000000001E400000000000000000000000000000000
0410000000400000000000800000002000000000000000000000000000000000
0020000000000000000000000000000000000000000010000000000000000000
0000000000000000000000000000000001000000000000010000000000000000
0000000000000000000000240000000000000000000000000000000000000000
0080100000000000004000000000100000000000000000000000000000000000
0102000080400000000000000000000800000000000000000000000000000000
0040000000000000000000000000000000000000000000000000000000000000
0000000000000800000002100040000800000000000000000000000000000000
0020000000000020000000000000400000000000000000000000000000000000
0100000000000000000000000004000000000200000000000000000000000000
0000000000000000000000000000000000000002000000000000000000000000
0000000000000000020800000100018008000000000000000000000000000000
0000000000000000000000000000000000080000000004000000000000000000
0040800010000000000018000000008000000000000000000000000000000000
00000000008000200000C0000000000000000000000000000000000000000000
100800020000020005000030000002A000000000000000000800000000000000
0400000000000000003080000088C21800000000000000001800000000000000
0000000400000100001000000000008208000000000000000800000000000000
0000000000000000000000000000000008000000000000000000002000000000
0000000000000000000000000000000000000000000000000000000000000000
0010002000020000000000000000000000000000000000000000000000000000
0000800000000000000000000000000080000000000000000000000000000000
0000000000020020000000000000000000000000000000000000000000000000
1000000000000000000002000004000000000000000000000000200000000000
0000000000820000000000000020500000000000000000000000000000000000
0000000080000000000000200000040000000000000000000000000000000000
000000000000000005FE00800000004F28000000000000000800000000000000
0000000000000000000000000000000000001000000000000000000000000000
00000000000000000075E1000000000000000000000000001800000000000000
0000000000000100000000000000000000000000004000100000000000000000
0000908000020000008900000000C80000000000000000000800000000000000
1000000000000900060008000000014020000000008000000800000000000000
0000000000000000000000000000000000000004000000000000000000000000
0000000000000000000000701808020008000000000000000000000000000000
0400040000000000000020000000000000000000000000000000000000000000
0000000000000800000000200000000120000000000000000000000000000000
0000000000000000000000000008000000000000002000080000000000000000
0000000300000000000000000000000000000000000000000000000080000000
0000000000000000000000000020000200000000002000000000000000000000
1100000000000000020406000020052008000000008000000000000000000000
0000038000800000001000000000100000000000000000000000000000000000
0000001000000080000000000000000000000000000000000000000000000000
0000000011000000000000000000400000000000000000000000000000000000
0008000200000000000000000000004000000000000000000000400000000000
0000020020000000000080000000600000000000000000000000000000000000
100000000000000000020070100001EA00000000000000000800000000000000
0022000000000000003000000000000220000000000000000000000000000000
0040000000000000000201800000000000000000000000000000000000000000
0000000000000000000000000000000000000000000000000000000400000000
0000000000000000000000008000000000000000000000000000000000008000
0000020000420042000000400000800000000000000000000000000000000000
000000C02000080C020000000000010000000000000000000000000000000000
0000000000000000008000000000000008000000000000000000003000000000
0000000000000000000000000000000000000000000000000040000000010000
0000000000000030000000000000000000000000000000000000000000000000
00400000000000010200000000000030E0000100000000000000000000000000
0000000000000000800300000020400800000000000000000000000000000000
1080200000040000000000000000010000000000000000000000000000000000
0000000000040010400000000000000020000000000000000000000000000000
0040000000000000070000000000012820000200008000000000000000000000
0000010000080000000000000000080000000000000000000000000000000000
040A00038100400004000000000001D400000000000000000000000000000000
01300B6000000000000000000082100200000000000000000000000000000000
0380000000000000020000000000018C00000000000000000000400000000000
0000000000010000000080000000000200000000000000000000000000000000
0000010080400000000000100000000000000000000000000000000000000000
4000000000000000000000000000000000000000000000000000000000000000
0100000000000000000000000000000000000000000000000000000000000000
0400000020000000000010800000000000000000000000000000000000000000
00000020000000000300000000000000C0000000000000000000000000000000
0000000000000000004000000000000000000000002000000000000000000000
0000000000000000000800000000011000000000000000000000000000000000
0000000000800000000001000000000000000000000000000000000000000000
0000000000000000000000000000008000000000000000200000000000000000
0000000000000000000000002000080000000000000000000000000000000000
040000000000000000000C000000000000000000000000000000000080000000
0020000000000000000041000000000000000000000000000000000000000000
0000000000000000000001000000000000000000000000000000000000000000
0000000000000000000000000000000000000001000000000000000000000000
0000000000000000000004000010000000000000000000000000000000000000
0000000000000000000000000000000000000000002000000000000000000000
0008000000000040000004000000000000000000000000000000000000000000
0000000800001000008000000040000000000000000000000000000000000000
004000000000000002000000000009A000000000004000000000000000000000
0000000000000000002100000000200000000000000000000000000000000000
0000000000000000000000000000000000000000000000000000600000000000
0000000000000000004080000000201000000000000000000000000000000000
0000000000000800020000000000040000000000000000000000000000000000
00000080000000000001A0000000000000000000000000000000000000000000
1100000000000000000000000000000000000000000000000000800000000000
0000000000000000000040800100000000000000000000000000000000000000
1000000000000800040200600000030000000000000000000000000000000000
0000000000000000008000000000000000000000000000002000000000000000
0000000000000000000000000000000000000000000000000000000000000000
0000000000000000000000000000000000000000000000000000000004000000
0000000000000000000000000000000000000000000000000000000020000000
0000000001C001C0000000000000500000000000000000000000000000000000
0000000000000001000000000000080000000000000000000000000000000000
0000000000000000000000000000000000000000002000000000000000000000
0000000000000000000000000000000000000000000000200000000000000000
0000000000000000000080000000000000000000000000000000000000000000
0000000000000000000004000040000000000000004000000000000000000000
0000100000010000000000000000100000000000000000000000000000000000
0000004200000000040000000000000140000000000000000000000000000000
0000000000000000008000000000000000000000000000000000001000000000
0000000000000000000000000000000200000000000800000000000000000000
0000000000000000000000000000000000400000000000000000000000000000
0010000400000200010000000001002200000000000000000000000000000000
000000000000000000400000000C400800000000000000000000000000000000
1000000000000000000008000000008000000000008000000000000000000000
0000000000020010000000000200000000000000000000000000000000000000
0000000000000000000000000000000000000000000000000001000000000000
1300100020040401060000800000002C00000000000000000000000000000000
0000000000000000000000000000000000000000000000000000000000008000
0000000000000000000000000000000000000000000000000000000000000100
0040000000000000020000000000000000000000000000100000000000000000
000000000000000004C000000000001AC0000000000000000800000000000000
0000000000000000000000000000000000000000000000000000000000000000
0000000000800000000000000000220000000000000000000000000000000000
0020000000000000050000000000010800000000000000100000000000000000
0000000000800000000000000001000000000000000000000000000000000000
0000000000000000020010000000010100000000000000000000000000000000
0000000000000000002000000000400000000000000000000000000400000000
0000040000010008000001000000008800000000000000000000000000000000
0000000000000000000000000000000000400000000000000000000000000000
0000000000000000000000000000000000000000000000000000000000000200
00000E5001820000000000000000000000000000000000001000000000000000
0000000000000000000100400000020000000000000000000000000000000000
0400001800020004000000000000000000000000000000000000000000000000
0000080000000000000000000000000000000000000000000000000040000000
0000000000000000000000000000000000000000000000000000000400000000
00000000000000000000002000000000C8000000000000000000000000000000
0000000000000000000000000000000000000002000000000000000000000000
0000000000000000000000000000008000000000008000000000000000000000
0000000000000000002000000000000002000000000004000000000000000000
0000400008000400000000000000004000000000000000000000000000000000
0000000000000000000000000000000000000000000000000000001000000000
1000000100000040000001000000094000000000000000000000000000000000
0400000000800000000000100000000000000000000000000000000000000000
0120000000000000020000400000000000000000000000000000000000000000
0000010800000000000088000000100000000000000000000000000000000000
0000000000000000000000000000200000000000000000000000400000000000
000000000000000000C000001008600000000000000000000000000000000000
100000000000000000040A000020014500000000000000000000000000000000
0000000000800000000000000000000000000000000000000000000000000000
0088400008000000000000000000000000000000000000000000000000000000
0000020000000420000000000208000000000000000000000000000000000000
0000080004000000000000000000000000000000000000100000000000000000
0000021000180000000000000000000000000000000000000000000000000000
0000000000000C00000000200000000000000000000000000000000000000000
0000000000000000000000000000000000080000000000000000000000000000
0000000000000000000000000000000000000200000000000000000000000000
0000000000000000020060000000000000000000000000000000000000000000
0100000400000000000004000000002840000000000000000000000080000000
0004000000010000000000000000000000000000000000000000000000000000
0000000020000000000000000000000000000000000000000000000020000000
0000080000800400000000000000100000000000000000000000000000000000
0088000E0C00000003000000000801FF00000000000000000800000000000000
0000020000000000000000000000000000000000002000000000000000000000
0080400000000000000000000000010200000000000000001000400000000000
0000000000000000000000000000000000000000000000002000000000000000
0000000000000000000802000000000000000000000000000000000000000000
0000000000000000002040000000800000000000000000000000000000000000
0040000000200000032010000200008400000000000000002000000000000000
0000000000000000000100000000000000000000000000000000001000000000
0100000000000000000000000000000000000000000000000000000000000000
0000000000000000000000000000000000000000000000020000000000000000
1008000000000000000000040000080400000000000000000000000000000000
00000000000080000003D2000000002008000000000000000000000000000000
0000000004010000000000000000000000000000000000100000000000000000
0000000000008000001021000008040000000000000000000000000000000000
1080000000000000000000000000000000000000000000000000000000000000
0000000000000000000000000000000003000000000000000000000000000000
0000000080000000000000060040000000000000000000000000000000000000
0000000000000000000000000000000000000000000000000000001000000000
1100804040000008000000000000000200000200000000000000000000000000
0000000000000070000080000000000000000000000000000000000000000000
0000800000200000002000000000010300000000000000000800000000000000
4000000000008000000000000000000000000000000000000000000000000000
0000000000000000000000000001010000000000000000000001000000000000
0000000000000000000000000000000000000000002001000000000000000000
0000000000000000000000000000000000000000000400000000000000000000
05803A8000880000001000000000624200000000000000000000000000000000
02080000A0000000000000000004074800000000000000000000000000000000
00000000008000000001A0000000200000000000000000000000000000000000
1000000000000000030000000000001C00000000004000000000000000000000
0000000000000000000000000000000000000000000000000000000200000000
0000000000000000000000000000010000000000000000040000000000000000
0000000000000000000000008008000000000000000000000000000000000000
0000000000000000000100000004000000000000000000000000000000000000
0000000000000000000000000000000000000000000000000000000800000000
000800020010000006000180005000B600000000000000000800000000000000
0000106000000200000040800000000800000000000000000000000000000000
0040000000000000010000040000000400000000000000000000000000000000
0000000000000000000000000001420000000000000000000000000000000000
0000000000000400000000000000000000000100004000000000000000000000
0000000000000000002000001180000000000000000000400000000000000000
1001000000000000000004200000008800000000000000000000000000000000
0000802001020000000000000000200000000000000000000000000000000000
0000000000000000000000000000000000000000000000000000000000004000
0000000402000000004000000044122200000000000000000000000000000000
1000000000000000000000240000008000000000000000000000000000000000
0000000000000000000000000000000000000000000000000000000000000000
0000080000000080000000000000000048000000004000000000000000000000
0000000000000000000000000000000000000000000000000000000000000000
11000000000000000200024000280F0100000000000000000000000000000000
0000000000000000000000000000000000000000000000000000002000000000
0000000000000000064002040000019008000000000000001000000000000000
0000000000001000011040000000004900000000000000000000000000000000
0000000000000000000000000000000000000000000000000000000000000000
0000000000000000006000000200800000000000000000000000000000000000
0000000000000000000004000000010000000000000010000000000000000000
0080100000000000000001400000100000000000000000000000000000000000
0000000000000000000000000000000000000200000040000000000000000000
0000000000000000001020000000800000000000000000000000000000000000
0100000000000000000000000000400000000000000000000000000000000000
0080000000000000008000018800000000000000000000000000000000000000
0048000408040000038000000000000A00000000000000000800000000000000
0000000000000000000000000000000000000400000000000000000000000000
0084040108000000020200000008001800000000000000000000000000000000
0000000000000000000000000000000010000000000000000000000000000000
0000000008000000020008000000002000000000000000000000000000000000
0000000000000000003000000000400400000000000000000000000400000000
0000040000000000000000000000000000000000004000000000000000000000
0000000000000000000000000000000000000000000000000000001000000000
000000000000090004000004000000C000000000000000000800000000000000
00000000000000000085A0000000410300000000000000000000000000000000
0000000000000000000000000000000000000000000040201000000000000000
100000000000100000A120000000000000000000000000001000000000000000
000000000000000004000020000001C908000000008000000800000000000000
0000000000000000002000000000000000000000000000000000000000000000
0000000000000100000200000000010000000000000000000000000000010000
0000000000000042000000000000800000000000000000000000000000000000
100000000000000004020030100001A300000000000000000000000000000000
0000000000000000000000000000000000000400000000000000000000000000
0000000000000400020000000000000000020100004000000000000000000000
0000000000020041000000000000000000000000000000000000000000000000
0000000000000800000000100000000008000000004000000000000000000000
0000000000000000000000000026000000000000000000000000000000000000
008020100800080003000010000000BC00000000000000000000000000000000
00000000000100000000C0000000000000000000000000000000000000000000
0000000000000800000800200004014C00000000000000000000000000000000
0000000000000000000000000001000000000000000000000000000000000000
00000000000008000240001C0000000000000000000000000000000000000000
0000000000000000007180000021400000000000000000000800000000000000
0000000000000000000000000000010000000000000000200000000000000000
0000000000000000000000000000000000000000002000000000000000000000
0000000000002008000000040000000000000000000000000000000000000000
000000000000000000000000B000000000000000000000000000000000000000
0000000000000000020000020000000000000000000000000800000000000000
0000000000000000001080004000000000000000000000000000000000000000
0100440100000800000000000000010200000000000000000000000000000000
0000000000000000000000000000800000000000000000000000000000000000
0000000000000000000000000000018000001000000000000000000000000000
0000020001020000000000000000000000000000000000000000000000000000
0000001000000000000000000000000000020000000000000000000000000000
0000000000000000000000000000000000400008000000000000000000000000
0000000000000400000000000000000000000000000000000000800000000000
0000000000480001000000000000000000000000000000000000000000000000
0000800000000000020000000000000200000000000000000000000080000000
0000800000000000000000000001000000000000000000000000000000000000
0000000000000000000400000000004000000000000000001000000000000000
0008000000000000000000A00008604000000000000000000000000000000000
0040000004000300038000200000018400000000008000000000000000000000
0000018000020000000100000000000400000000000000000000000000000000
0000000000000000000000000000000000000000000000000000000000004000
0000800800000000000440000000080000000000000000000000000000000000
0000010080000000000000040000000000000000000000000000000000000000
0000000822000000001000000004100100000000000000001000000000000000
0000002000000800040C02000000019108000000000000000000000000000000
0220000804000000000000000000100000000000000000000000000000000000
0108040200000000040000000000010400000000000000010000000000000000
0000800000000000000000008A01804000000000000000000000000000000000
1000000300000010059000300000000100000000000000000000000000000000
0200001000000000001000000231080300000000000000000800000000000000
10400000000000000100001C0000001800000000000000000000000000000000
0000000000000000000000008000000000000000000000000000000000000000
1040000000000000000000000000000000000200000040000000000000000000
0000800800800000000000000000500000000000000000000000000000000000
0040000008000104010002000000008000000000000000000000000000000000
0000000020000102000004000800000000000000000000000000000000000000
0000080000000001000000000000010000000000000000000000000000000000
0000000000000000000000000000000000080000000000000000000000000000
000000000004010001000000000000A008000000000000100000000000000000
0000100800040000008400000000000000000000000000000000000000000000
0000000000000000000000000000000000000000000000000000000000000000
0000001C000000000000A0000000480100000000000000000000000000000000
0000000000000000000000000000000000000000000000000000000000000000
0000000000000000000080000000800000000000000000000000000000000000
1000000000000800061000060000017E48000000000000001800000000000000
0000000000000000000000008000000000000000000000000000000000000000
00D0400418000000000000000000010000000000000000000000000000000000
0000000000000000000000000000000000080000000000000000000000000000
0000000000000000030000000000000A00000000000000000000000020000000
0000000000000000002000000000000008000000000004000000000000000000
0000000000000000000000000000000000000000000000000000000000002000
0000000000000000000000000000000000000000000008000000000000000000
0100000040000000060000000000018D00000000000000000800000000000000
0000000000080040000000000000000000000000000000000000000000000000
0001000100000000000000000000000000000000000000000000000000000000
0000000000080000008080000000040040000000000000000000000000000000
0040000004000000020000000000000000000000008000000000000000000000
0000000000000000000000000000000000000002000000000000000000000000
0000000008000000000000000000000000000000000000000000000000000000
0000008000000000000030000000600000000000000000000000000000000000
0000000004000000000000000000002040000000000000000000000000000000
000016E0000200200000000000C0180000000000000000000000000000000000
0000000000000000000000000000000000000000000000000000800000000000
0000000000000000000000000000000000000002000000000000000000000000
0000040200000000660000000002010008000000000000000000000000000000
0000000000001001000040000000000000000000000000000000000000000000
0000040808000000020401000020018500000000000000001800000000000000
0000000000000000000000000000000000000000800000000000000000000000
0000000000000000000000000000000000001000000000000000000000000000
0000000000000000002000000008000000400000000000000000000000000000
0000000200000000000000000000000000000000004020000000000000000000
0000000000000000000000000000000003000000000000000000000000000000
0000000004000000000000000000000000000000004000000000000000000000
0000000000000000000000000000000800000000000000800000000000000000
0000C00000000000000000000000002000000000000000200000000000000000
0000000000001002000080000000000000000000000000000000000000000000
0000000000000000000000000000000000000000004000100000000000000000
0000000000000000000000000000000000000000000000000200000000000000
0000000000000000000000000000000000000000000000000000000020000000
0400020001000003000000000000000000000000000000000000000000000000
0000000000000000000000000000000000000000000002000000000000000000
00008000000000000410C3000021000800000000000000000800000000000000
0000000000040000000010000000010000000000000000000000000010000000
0000000000800000000000001000000000000000000000000000000000000000
0000000000000000000000000000000000000000000000000000800000000000
0000000000000000000000000000000000400000000000000000000000000000
0002000000000000000008000000000000000000000000000000000000000000
04000000000000000022800000A0400200000000000000000000000000000000
0000000000000000000000000000000500000000000020000000000000000000
0000080802800000000000000000200000000000000000000000000000000000
000000000000000002100200000001A500000000000000000000000000000000
0000000000000020000000000001180000000000000000000000000000000000
0008040000008040240000000000000040000000000000000000000000000000
0000000000080020000000000000000000000000000000000000000040000000
010000000000000020000000000004F400000000000000000000000000000000
0000010000000040000080000000040000000000000000000000000000000000
0000000000000000010200000000006C00000000000000000000000000000000
0000021000820000000000000014500000000000000000000000000000000000
0000000080000000000000200000000000000000000000000000000000000000
0000000000000000006000012000000000000000000000000000000000000000
0040000000000000021000000000008800000000000000000000000000000000
0000000000000000000000000000000000000000100000000000000000000000
0000000000000000000004000000000000000000008000000000000000000000
0000000000000000000000000000000000000000800000000000000000000000
0000000000000000000000200000000000000000000000000000000000000000
0000000000000000000000000000000000000000000000000000002000000000
0040000200000000000000000000000000000000000000000000000000000000
00001008000000000200E0000000042000000000000000000000000000000000
0000000000000000000000000000000000000000000000000000000000001000
0000000000000010000000000000000000000001000000000000000000000000
0000000000000000000000000000000000000000000000000000000000008000
0000020800000000000080000000400000000000000000000000000010000000
0000000000000000000000000000000000000000000000100000000000000000
00000000400000000400E7000010240000000000000000000800000000000000
01C0800000000000060000000000017B0000000000C000000000000000000000
000000000000000000C000000000000000000000000000000000000800000000
0004000200000000020000000040000000000000000000000000000000000000
0000000000000000000000000000000000000400000000800000000000000000
0000000000000000000000000000000000000000000000000000000000000000
0000000000000000000000000000000000000000100000000000000000000000
0000000000000000060000000000018500001000000200000000000000000000
0000000000000000000800000000000000000000000004000000000000000000
0000000000000000000000000000000000000080000000000000000000000000
0000000000000000000000000000000000000000000000000000000000000000
1000000000000000020000000200018000020000000000000000000000000000
0000000000000000000000000000000000000000000000000000000400000000
0000000000000000000000000000000000000020000000000000000000000000
0000000000000000000000000000000000000000000008000000000000000000
100040001C00030007000000000001C520000000000000000000000000000000
0000000000020000000000000000400000000000000000000000000000000000
0100000000000082000006000000010000000000000000000000000000000000
0000000000800000000020000000200000000000000000000000000000000000
0000000000000000000000000020000000000000000000000000000000000000
0000100002041000000068000052000000000000000000000000000000000000
0100000000000008000000000000000000000000000000000000000000000000
000080002000000000808001A000002000000000000000000000000000000000
0000000000000000000000000000000000000000000000000800000000005000
0000120000000000000000000080000000000000000000000000000000000000
0040000000000000000000000000000000000000000000000000000000002000
0000100000000000000000000000000000000000000000000000020000000000
01C0000000200000040000000000000100000000000000000000000000000000
0000000000000000000000000000000000000000001000000000000000000000
1180000000000800074000040000011E08000000000000000000000000000000
00008208000000000000000000A5020200000000000000000000000000000000
0000000000008000000000020000010200000000000000000000000000000000
0400020000000000000080000000180000000000000000000000000000000000
0400000000000000000000000000000000000000000000000000000040000000
0000020000000000000820000000000020000000000000000000000000000000
00C0400008000000010000000000000140000000000000000000000000000000
0000000000000000004022000000000000000000000000000000000000000000
0040040000000100020000000000018900000000004020000000000000000000
0000000000000000000000000000000000000002000000000000000000000000
100008000C010200420000000000019600000000000000000000000000000000
0002008000000000004000000000240000000000000000000000000000000000
0000000000000000000000000000000000000000000000005000000000000000
0000000000000000000000000000000000000000000000000000000000000000
0000000010000000000000000000014040000000000000000000000000000000
0000000000000000000110800000008000000000000000000000000000000000
0000000008000100000000000000000928000000000000000000000000000000
0000000000000001000600000010400000000000000000000000000000000000
0000000000000000000000400020010000000000000000000000000000010000
04008000000000000210000000C8742640000000000000000000000000000000
1100000040000808020000000000018F48000000000000001800000000000000
0000006800000000002080000000000020000000000000000000000000000000
010D800040000000020000000000010200000000000000000000000000000000
0000000000000000000000000000000001400010000000000000000000000000
0000000008000000000000000000000800000000000000000000400000000000
0000000000000000000000000000700000000000000000000000000000000000
0000000000000000020000000000000000000000000000200000000000000000
0000000000000000000000000000004000000000000001000000000000000000
1000000000000000070008200004031520000000000100000800000000000000
0000000000000100003AE1800010005400000000000000001000000000000000
0040280000000280400000000000000400000000000000000000000000000000
0400000000000000000020000000500000000000000000000000000000000000
0000000000000000000000000000000000000000000000000000000000002000
020000002000000000C0000000004A0000000000000000000000000000000000
0008000000000000000000000000000000000000000000000000000000004000
0000100000000000000080000020000000000000000000000000000000000000
1100000000000000000000000000014140000000008000000000000000000000
0000000000000000000000000000000000000000000004000000000000000000
0000000000000000010000140000010400000000000000000000000000000000
000000000000000004A140001008017A00000000000000000800000000000000
0000000000000100000000000000000000000000004000000000000000000000
0000000000000000004000000000000000000000000000000000001000000000
0000001000000040000002000000010000000000000000000000000000000000
0000000000000000004000000000000002000000000000000000000000000000
0000000301004000060000000000014100000000000000000800000000000000
0000000000800000000000000001000000000000000000000000000000000000
10080002000000C0220800000000018C00000000000000000800000000000000
0000000000000800000080000000000000000000000000000000000000000000
0000000000000000000000800000000000000000000000000000000000008000
0000000000000000000000008000100000000000000000000000000000000000
02000000000000000000000000000000000000000000000000000000C0000000
0020000000000010000000000000200000000000000000000000000000000000
0505800000000000000000000040014A00000000000000000000000000000000
0400000800000000401080000002000000000000000000000000000000000000
0000002000100000000000000600009800000000000000000000000000000000
0000000000000000000000000000000000000000000000000000000000000000
1000000100000800020000300000014400000000000000000000000000000000
0000000000000000000000000000000000000000000000000000001400000000
00000402000180C0070000000600011120000000000000000800000000000000
0000000000000020000180000180002800000000000000000000000000000000
0040000000000100000000000000000028000000008000000000000000000000
0000000000000000000080002000000000000000000000000000000000000000
100000018000000003000038040000A408000000000000000800000000000000
0000080000080000000200000000200000000000000000000000000000000000
0100000000000000000002000000000000000000000000000000000000000000
0000000000000000000080000000000000000000000000000000000000000000
0000000000004000000000000020000000000000000000000800000000000000
0000000000000000000000000000000000100000000000000000000000000000
0000000000000000000000000000000000000000008000000000000000000000
0000000000000000000000804000000000000000000020000000000000000000
1000004000001800020000010000000000000000000000000000000000000000
00000008000800000084A0000000000400000000000000000000000000000000
000C000200000000050000000020011A00000000000000000800000000000000
00000000000000000010C0000000000000000000000000080000000000000000
0000000000000000000000100000000000000000000000000000000000000000
000000000000000004D000000008008448000000000000000000000000000000
0008004200008000000000000000000800000000000000000000000000000000
0000000000040020000000000000200000000000000000000000000000000000
0000000000000000006008000000000000000000000000000000000000000000
0000000000800210000000000000100000000000000000000000000000000000
0000000000000000070001000180004000000000000000000000000000000000
0000000000000001420001000000000000000000000000000000000000000000
0000080400000000000000000000000000000000000000000000000000000000
0000000000000000000000000000000000000000000000000000002000000000
0002000000004000000000000000000000000000000000000000000000000000
0000000000000000000000000000000000000000000000000000000404000000
004000002C000009000000000000000100000000000000000000000000000000
0000228000400000000000000040400000000000000000000000000000000000
0010C00014040000060010000000011000000000000000000000000000000000
0000000000000001001080000000000000000000000000000000000000000000
004000000000000000080001010001CB00000000000000000000000000000000
0020000000200040000080000000000000000000000000000000000000000000
0000800000000004040008000100008320000000000000000000000000000000
0200000800400080000080000000000800000000000000000800000000000000
0000000000000000000000000200000000000000000000000000000180000000
00000004400200000480008000C010E300000000000000000800000000000000
0000000000000000000001000028004000000000000000000800000000004000
0400000000000000000001000600800000000000000000000000000000000000
0000000000000001020000000000000000000200000000000000000000000000
0000000000020020000000000000000000000000000000000000000000000000
0000000000040000000000000000000000000000008040000000000000000000
0000000000000000000280000000000000000000000000000000000000000000
00000000000000000000080000A0000000000000000000000000000000010000
0000000000000002000000000000000000000000000000000000000000000000
0311000080000000020000000200000000000000000000000000000000000000
0400000000080080400080002000000000000000000000000000000000000000
0100000080000000020204000000000000000000000000000800000000000000
0000000000000090000000000000000000000000000000000000000000000000
000000000000000000000802000000D100000000000000000800000000000000
0000000000000000000000000000000000000000000000000000000000000000
0000000000000000000000000000000000000200004020000000000000000000
0000000000000000000000000000000000000000000000000000001000000000
0000000002000100040000000000014028000000004020000000000000000000
0000000000010000000000000000000000000000000000000000000000000000
000000000000000000001A000200006000000000000000000000000000000000
0000000000000000000000000000000000000000800000000000000000000000
0000000000000000000000000000000000000000000000000000000000000000
0000000000000000000000000000004000000000000000000000000000000000
0400C00004000000010000000000001800000000000000000000000000000000
0000000000000000000000000000000000000000080008000000000000000000
0020040104000000000000000000000400000000000000000000000100000000
0000000000000000000000000000000040000000002000000000000000000000
004008040000000004060000000000C500000000000000000000000000000000
0040040000820000000000000100400000000000000000001000000000000000
1100000000000000000000001000000800000000000000000000000000000000
0000000000000021400000000000000000000000000000000000000000000000
0000100000000100010000000000014040000000000000000000000000000000
0000000000000000002140000001020400000000000000001000000000000000
0000000000000040220000000000014408000000000000000000000000000000
0000410000000000000000000800080000000000000000000000000000000000
0000000000000000000000200000000000000000000000000000000000000000
0000800000400000000000000080000000000000000000000000000000000000
00000002000000000600000000000010A0000000000000000800000000000000
0000000000000000008000000000000000000000000000000000000800000000
1000000100000008014000000000012008000000000000000000000000000000
0000000000000000004010800018206000000000000000000000000000000000
0061000000000000000000000000021000000000008000000000000000000000
04600E2000000000000000000008600100000000000000000000000000000000
0000000000000400060000100800010840000000000000000000000000000000
0200000000020000000000000000004000000000000000000000000000000000
0000000000000000000000000000000000000000000000000000000000008000
0000000000000000000000000000000000000400000000000000001000000000
1040000000000000000000180000000008000000000000000000000000000000
0401000000020000010020000010500000000000000000000000000000000000
0000000000000000020008000000002040000000000000000000000000000000
0020000000040010000000000000000000000000000000000000000000000000
0000000000000000000008000000004460000000000000000000000000000000
0000000000000000000020000000000000000000000000000000000000000000
0000000008000000021800000000001220000000000000000000000000000000
000000A00000000000A040000008000000000000000000000000000000000000
0000000200004000000000040000000000000000000000000000000000000000
0000800000000000002000000839800000000000000000000000000000000000
1000000200804040000000000000000000000000000000000000000000000000
0000000000800000000000000000400000000000000000000000000000000000
0000000000001000000000000024000000000000000000000000200000000000
0000000000000000000000000000000000000000000000000000000400000000
0000000000000800000000040000010000000000000000000000000000000000
0000000000000000000000000080000400400000000000000000000000000000
10000000000000000280000A0000000008000000000000000000000000000000
0000000000010000000000000000100000000000000000000000000000000000
0020001000000100020000000200000000000000000000000000000000000000
0000000000000000000080000000000020000000000000000000000000000000
0000000000000000000000000000000000000200000040000000000000000000
0000000000000000000000000000200000000000010000000000000000000000
0000000000000000000000200000000400001000000000000000000000000000
10000000000300000508000000C7382400000000000000000800000000000000
1000000000000000000000200400000000000000000000000000000000000000
0000000000000000000000000000000000000000000004000000000000000000
0008000000000000000000000000000000000000000000000000000000000000
0000000000000000008180000000000000000000000000000000000000000000
1100000000000000001800040100010000000000000000000000000000000000
0000000000000000000000000000000000000002000000000000000000000000
0000000000000000000000000000000000000000000020100000000000000000
0000000000000000002000000000100080000000000000000000000000000000
0180000400000000000000000000011100000000000000201000000000000000
0000000000000000000000000000000000000000000004000000000000000000
0000000000000000000000000000000000000000000000000000000000000000
00700690000200000000004000C0200000000000000000000000000000000000
0008020100004020020000040000002800000000000000000000000000000000
0000000800000100000000000000000000000000000000000000000000000000
0000000000000000200000000000000000000000004000000000000000000000
00001000000000000452EF000010049F00000000000000000800000000000000
1080400400000800030000000000099100000000000000000800000000000000
0000000000000000000080000000000000000000000000000000000000000000
0000000000000000000000000000000000000000000000000000200000000000
0000000000000000000000000000000000000000080000000000000000000000
000000000000000007FEFF803F49FFFF00020001800060001800003C00000000
0000000000000000000200008000080000400044000100004000000000000000
88000000000000000618FF001F03822C00000000000100000800004800000000
0000000000000000000000000000000080000000000000000000000000000000
00000000000000000281000000000090000000000C0000001800003400000000
880000000000000007FFEF81F75FFF5F101E00178009E002E800007600000000
000000000000000007FEDF8007BFFFFF00020002800020003800003E00000000
0000000000000000000301804A04084100008006200000000000004200000000
0000000000000000040140000000000600004400000004000000000800000000
0000000000000000000000000000000000000000000000000000000000000000
0000000000000000027FF900002002FD00000600010000400800002E00000000
0000000000000000052204000106440000004000000000000000003000000000
00000000000000000248C0000A20009200022000000000000000000000000000
000000000000000004FFF581238CFFBF10040001800060201000007E00000000
00000000000000000200A0005000008600000190006000180800001800000000
0000000000000000000000000000000000000000000000000000000000000010
0000000000000000029E0000044000CE00000000000000800000000000000000
C80000000000000001FFF681E2FFDF7F103E000F8003A000F800007E00000000
00000000000000000436DB80190150F700200004000020005800001600000000
0800000004000000000000000000000000000000000000000000000000000000
0000000000000000060038000000009408000000000000001000000000000000
0000000000000000000000000000000000000000000000000000000000000000
000000000000000007FBFB80816ADFFF00000000000000001800000C00000000
0000000000000000000800000000000000140057001A00030000002000000000
00000000000000000400BE000F0BE02D100A0031800000003800000800000000
0000000000000000000000000200000010000000000000000000000000000000
00000000000000000600B801C00002FF00020500018020200800007E00000000
0000020000000000000000000000000000000000000000000000000000000000
000000000000000006E83F802000D2FF00000040001020040800001C00000000
0000000000000000000000000000000080000000000000008000000000000000
0000000000000000043A04000005807200000000000000800800000000000000
0000000001000040000000000000000000000000000000000000000000000000
00000000000000000609FC005FFF00FF100200808030200C0800007E00000000
000000000000000004E447005997700E000004030100C0000000006600000000
800000000000000007004C01DE0027DF00000000001000000800000C00000000
0000000000000000000000000000000000000000000000000000008000000000
000000000000000006000100000E000E00000000020003000800000A00000000
0000000000000000000000000000000000000000000000000000000000000000
0000000000000000070C538000000F4F00000000200018000800001C00000000
0000000000000000000000000000000000000000000100000000000000000000
000000000000000007813C0000000FA700020600818020400000001C00000000
000000000000000000C065008184080000010003200010000000006600000000
00000000000000000201E000100000BF000600039000E0003000003600000000
0000000000000000000400000030000010000008006400130000006000000000
0000000000000000060022808140000F10000000080000000800005C00000000
0000000000000000000000000000000000000000000000000000020000000000
A00000000000000007808081F7F7FFEF001E00008000E000A800003C00000000
A80000000000000007FFFF81FFFFFFFF100E000F8007E001F800007E00000000
000000000000000004030180030000D911020040001060041800007200000000
000000000000000001A431000380451510460049001160024800005A00000000
000000000000000002000000000008FF48000000000000001800000000000000
0000000000000000076F3300E292B3C3006E000B0003A0030800007600000000
00000000000000000281C000100000D600030000980016000800001000000000
0800000004000000000000000000000000080000000000000000000000000000
800000000000000004480000800000C810200000000300080000000000000000
0800000000000000000000000000000000100000000000000000080000000000
00000000000000000601FF80801000EF00032000D80022000000007C00000000
0000000000000010000000000000000000000000000000000000000000000000
000000000000000006C9E20005EFB09F1036001C000620018800004C00000000
00000000000000000408C4804A050B140001E00070000C000000006200000000
800000000000000006AE4381DFF003EF0000000000000000D800000000000000
0000000000000000000000000000000080000000000000000000000000000000
000000000000000000C00100F00010B500000140000020000000000000000000
0000000000000000000000000000000004000000000000000000000000000000
0000000000000000067ADE00000580DE00020000004020100800001C00000000
0000000000000000000000000000000000000000000000000000000000000000
000000000000000002000381000000FF08000000000020000800000000000000
0000000000040000000000000000000000000000000000000000000000000000
800000000000000007F9FE01FFF7FFFF10060000800060000800007E00000000
000000000000000000033D80A370DC4A0078002D0007E003A800006200000000
800000000000000007FFD501BFFFB7EF1036000F8003E001F800007C00000000
00000000000008000406C0000028000000000000000020000000006200000000
000000000000000007FBFF81FF40F3FF00000000000020001800001C00000000
0000000000000000077DF581F0FDDFF9103E003F800FE003F800007E00000000
0000000000000000020001001002005B00830020800000001800000800000000
0000000000000000000000000000000000000000000000000000000000000080
000000000000000006017800000000D100020000820020000800003E00000000
480000000000000000000000001800000002000B800000004000001000000000
00000000000000000200010010020059018000E0801020000000000400000000
080000000000000001416801419F8470107A002F800B8003E000007A00000000
000000000000000002000000000032A700001100000000000000001800000000
0000000000000000000000000000000000000000000000000000000000000020
8800000000000000029C9E019D26073D00020000800020000800002C00000000
000000000000000000246900628CB04110000000A00024000000006200000000
000000000000000002D80080000000DF000000000C0000000800000C00000000
0000000000000000000000000100000000000100100000000000000000000000
000000000000000006278001F00000FF00060200008060001800003E00000000
0000000004000000000000002010000000000008002040080000002000000000
000000000000000007FFC38001F3FBFF00000000000400001800000C00000000
0000000000000000080000000000000000000000000000000000000000000000
20000000000000000700E0017D80FFFC00000000800060007000003800000000
000000000000000005CA2C81B2785AE500040001800060200800007600000000
8000000000000000073CBA01DFFC5EFF000400010002E0007800005C00000000
00000000000000000488C0014000463110340048002B0005C800004C00000000
00000000000000000601A001000002F700020400808020600800001E00000000
0000000000000000000000000000000080000000000000000000000000000000
000000000000000006FF7C00000000FF10020100804000100800001E00000000
000000000000000007FFF781ACFFF3BF100E000F8008E000B800007E00000000
000000000000000004D3C000004204A70022000D80000000E800001400000000
0000000000000000008000800000000000080000004180000000000000000000
000000000000000007FE5F81FF4803FF0000000000000000D800000000000000
000000000000000001FADF81E277DFFF101E007D800FE003B000007E00000000
00000000000000000248180130208043100000080000200C0800000400000000
0000000000000008000000000000000000000000000000000000000000000000
000000000000000000000000000000E200320088000620100800000000000000
E80000000000000007FFFF81FFFFFFFF103E00078003E000F800007E00000000
0000000000000000063FFF80001FEAFF00030000C00000001800001E00000000
00000000000000000108668052B44A4600004000080002000000006000000000
0000000000000000067FFC00000002FF00000000011000040800001E00000000
0C000000000000000414E7003154675D000E00038000E0007800003E00000000
000000000000000004DEC0000200805010030000C00030000800002600000000
0000000000000000000000000000000000000000000000010000000000000000
000000000000000003CE0100002E842900000040001000001000000400000000
000000000000000005858501BE4E7221100C0070800AA0076800007800000000
800000000000000007BF78000A22013F100200030000A0003800001C00000000
0000000000000000000000000000000000000000000000000000000000000000
000000000000000006000380000002FF08000000000000000800000000000000
0000000001000000000000000000000000000000000000000000000000000000
000000000000000007FCFF81FFE3FFFF00000000800020001800001C00000000
0000000000000000000000000000000020000000000000000000000000000000
000000000000000007FFFF81BD63FFFF00000000000020001800000E00000000
0800000000000000000000000000000000000000000000010000000000000000
0000000000000000020100001000004D00040000000036000000000000000000
000000000000000003226480E2248A221000E000A00000000000002A00000000
000000000000000007FFAF8001F3F3FF00000000000400001800000C00000000
0000000000000000100000000000000000000000000000000000000000000000
0000000000000000070000800000FFD300000000040004000800000000000000
0000000000000000022844004084091010000000000001000000000400000000
000000000000000006000180000000FF08000000000000001800000000000000
0000000004000000004EF00000FC94010000003600028001C000002A00000000
0000000000000000063FBF001000EAFF00030000C00010000800002E00000000
000000000000000005BCFE81EFE68CFF0034003D800B60039800003E00000000
A00000000000000007001C01FE0016DE00020000000060004000000000000000
0000000000000000000000000000000000000000000000000000000000000000
000000000000000006FFC001F84000EF10022000800020000800007E00000000
000000000000000005A57781A7EBFEFF001A006F000DE007F800007E00000000
000000000000000006008001E02C060200000080000160006000002600000000
0000000000000000000000000000000020000000000000000000000000000000
0000000000000000000630000000004000020000800000800800000200000000
000000000000000001E8D201F598E6FF101A0065000CA007F800006E00000000
0000000000000000000444003B0000C7001400078021A00C7800002A00000000
000000000400000000201480205A370000000002000160000000002000000000
800000000000000004000001425E0AE800010000400030000000003C00000000
0000000000000000000000000000000000000000000000000000000000000000
0000000000000000000000001006805B00020000820000800000000800000000
000000000000000000220500402802000000F001800000000000000000000000
000000000000000002785F00538000F310420010001420050800006E00000000
00000000000000000569F4016484F0D2000A0042000160000800004000000000
000000000000000006FC0B8000CE00D31070001C000300008000006600000000
0000000000000000000000000000000000000000000000000000004000000000
80000000000000000314C001D76202BF00060009800020013800003000000000
000000000000000005A4348101749AAB00060301818060301800007200000000
0000000000000000021FFF000000009D00000000040000000000000C00000000
0000000000000000000000000000000080000000000000000000000000000000
0000000000000000063FFF802F6FF7FF00000000000000005800000E00000000
0000000000000000000224000210920000080100002000000800000000000000
000000000000000007FFDF80017003FF00000000010000400800000000000000
0000000000000000000000000000000000000000000000000000000000000000
000000000000000006003F81D803E0FF00024000000020000800001C00000000
0000000000000000000000000000000000000000000000000200000000000000
0000000000000000063003005F01E0BE00460000000420003800000000000000
C80000000000000007FFFF81FBFFFFFF101E004F800FE001B800007E00000000
000000000000000007FFFF8001FFFFFF00000000000000001800000E00000000
0000000000040000000000000000000000000000000000000000000000000000
0000000000000000061CFF800700C0DF10030000C00000000800000C00000000
0000000000000000000022000004000000000049008000010000002000000000
000000000000000006FFFF805FFBE0FF100E00030001E0003800007C00000000
000000000000000001240A812A88C82800000020802840030000004600000000
80000000000000000610F501FFF2167F100E0000000020007800007E00000000
000000000000000002A58381047CD3BA000C0000804020102000005A00000000
0000000000000000063EC401FFFFF0A700120000000120005800007E00000000
08000000040000000004000000000000000A0008800000060000004000000000
80000000000000000742C0019FFEB7FF10260009800260009800007E00000000
080000000000000000635100A08E2C03101E001B800BC003E000007600000000
0000000000000000023FD000000000DF10022000080022000800007E00000000
400000000000000007EFC180FE3FFD44001E000E0001C0015000005E00000000
0000000000000000023801800000008B00000000040000000000000000000000
0000000000000000000000000000000080000000000004000000000000000000
000000000000000007E01D007F82FBFF00260009800260003800003E00000000
0000000000000000000000000000000000000000000000000000000000000010
000000000000000007E5C000000001FF00028000E00038000800007C00000000
000000000400010005E9B20132FE73EB000000138000C0032800003200000000
000000000000000000500000100000F900420040000000100000000000000000
000000000000000007C87781F13EDFFE103C005F000980037800007E00000000
0000000000000000040000000000002701020040810020000800000000000000
0000000000000000000000000084000000002000400000000000006000000000
00000000000000000601500000600EFF00020000900034000800007C00000000
0000001000000000000000000000000000000000000000000000000000000000
0000000000000000040118000000029C00000600030000400800000000000000
00000000000000000068460014F0614000040001A00010000800002E00000000
000000000000000007FFFF819FFFB7FF00000000000000001800000A00000000
080000000000000004C1F581FD7D575F100E00138002E0023000003A00000000
0000000000000000020000000000106508000000000000000000000000000000
0800000000400000000000000000000000000000000000000000000000000000
800000000000000006742F81CF3FA2D710120000800120000800005600000000
080000000000000004D20701E4FFF3561038000F0007A003F000007200000000
0000000000000000067E9F80000801FF00000000000000401800000000000000
080000000000000005EFB880247DFFBD1002002C8002E000A000003E00000000
00000000000000000601E0001441C6F810020000100020000000003400000000
0000000000000000000000000400000080000000000000000000000000000000
00000000000000000600BC00000B10BA00000090002400001800001C00000000
C80000000000000007EBBF80327E5C70102E003E8003E000B000007E00000000
000000000000000002001F80000000F720000000000000000800000000000000
0000000000000008000000000000000000000000000000000000000000000000
000000000000000002F78001800040CC00420000000400000000001000000000
0000000000000000040205000004040000043000000001800000000000000000
A00000000000000007F00001FFFFFFFF10200000000620008800000400000000
000000000000000007F2F780A3FFDFFB100E00018000E4000800007A00000000
00000000000000000432CC000017C0AA00010000400000001800001E00000000
00000000000000000000000000000000A0000000000000000000000000000000
00000000000000000711E0002C000AB700060000810060401800001400000000
0000000000000000000000000000000000000000000000000000000000000000
0000000000000000040000000000205708000000000000000000000000000000
0000000000000000000000000000000080000000000000000000000000000000
000000000000000007000380000003FF08000000000000001800000000000000
000000000000000002C204812498DB5710060041000220000800005600000000
000000000000000000089A800000005110200058000200090000006E00000000
0000000000000000100000000000000000000000000000000000000000000000
00000000000000000601FC00183E40FC00900020000000004800005E00000000
0000000000000000000000000000000020000000000000000000000000000000
000000000000000006FFF00012C000FF10030001C00030001800007E00000000
0000000000000000000000000000000080000000000000000000000000000000
000000000000000006000380000000FF08000000000000000000000000000000
0800000004000000000000000000000000000000000000000000000000000000
800000000000000004005C01D06BBCFE007E000D80072001D800007C00000000
000000000000000007FFFF81FFFFFFFF101E00078001E001F800007E00000000
0000000000000000020000001000003400010000E20012000000000000000000
0000000000000008000000000000000000000000000000000000000000000000
0000000000000000060030000040C0EF00000000040002000800006C00000000
0000000000000000000000000000000000000000000000000000000000000080
000000000000000007801A00BE83B5BD00620018000400000800001400000000
0000000000000000000000000000000000000000000000000000000000000040
0000000000000000060001807800106A00620088000620000000000C00000000
0000000000000000000000000000000000000000000000000000000000000000
800000000000000004D608010E6003DF0000000000000000D800000800000000
0040000000000000000000000000000000000000000000000000000000000000
0000000020000000000000000000001000000000000000000000000000000000
0000000000000000000040004085110000020000830020800800005800000000
000000000000000006000380007FFCFF00000000040000000000000000000000
000000000000000005040C000008200000012002000080000000000200000000
000000000000000007FE0000006083FF00000000200018001800000000000000
0000000000000000000000000000000000000000000000000000000000000000
000000000000000002101800040A000400100002000440010000000200000000
0000000000000004000000000000000000000001000000000000000000000000
040000000000000007081B81B80002FF00000000000000005800000000000000
000000000000000001200081662000041000030100C040300000006C00000000
0000000000000000061C8000000822A400000080000000088800000400000000
800000000000000007FFFF81FFFFFFFF100E00078001E000B800007E00000000
000000000000000007002001800197EF0000070081C000500800005E00000000
0000000000000000000000000000000000000000000000000000008000000000
000000000000000007FE9B81FF40E7FF00000000000000001800000400000000
0000000000000000000000004000000000000000000000000000000000000000
0000000000000000000030000E0F006010000401010020401800000C00000000
0000000000000000000000000000000080000000000000000000000000000000
000000000000000006003B81B00300FF00020000800020001800001800000000
00000000000000000003250080181B01101400030000A0000000006A00000000
000000000000000006000000000080AD40000000040020000800000000000000
000000000000000007F7BD01317894FE00040001818060600800001400000000
0000000000000000047E41000FF800DC10260011800440018800007C00000000
0000000000000000000000000000000080000000000000000000000000000000
000000000000000007001F800803FFFF00000000000460001800001C00000000
000000000000000007A78801A035225F102A003F800FA002C800007C00000000
0000000000000000069F7C00000FF0FB00000000001C00001000000400000000
0000000000000000000000000000000000000000000000000000000100000000
0000000000000000040000013000005708000200000020000000000000000000
88000000000000000142218180062C0000300009000800010000002200000000
0000000000000000067E1B807000386F00030000C00020000800001400000000
00000000000000000003510000002400000000A6002300000000000000000000
000000000000000004001000000000A040000000040000000000000C00000000
00000000000000000621E08080870A4200000004002000000000004800000000
000000000000000004005800003F20B6000000B0000400001000000000000000
0000000000000000000000000000000004000000000000000000000000000000
0000000000000000040001002000002000020000020000000000000400000000
0000000000040000000000000000000000000000000000000000000000000000
000000000000000006174000001002B90000048000A000400800000C00000000
0000000000000000000000000000000000000000000000000000000000000000
0000000000000000060CFF800000C2F3000000000010200C0000000C00000000
000000000000000007F7F381F3FFDFBE1038007D800F6003D000006E00000000
0000000000000000067FFF007FF3E0FF100E00030001E0007800007E00000000
0000000000040000000000000000000000000000000000000000000000000000
000000000000000002000001000000DB000000000C0000004000000000000000
0000000000000000000000000000000000000000000000000000000000000040
0000000000000000078DFF800940F7FF00000000000000001800000C00000000
000000000000000000444000FE68886000080039800BE0038000007600000000
000000000000000007C01F819F81C3BF000000C0002000000800001400000000
0000000000000000000000000000000000000000000000000200000000000000
000000000000000006011800000000E900000000620000000000003400000000
0800000000000000100000000000000000000000000000000000000000000000
800000000000000007BC00005F5BB7EF00000000000C60001800000000000000
0000000000000000000000000000000080000000000000000000000000000000
0000000000000000000000000000020008000000010000000800000000000000
0000000000000000000000000000000080000000000000000000004000000000
000000000000000007FE038001FFF7FF00000000000C00001800000000000000
0000000000000000000000000000000000004000100000010000000000000000
000000000000000004003F80F80082E600000780010000000800000400000000
0000000000000000000000000000000000000000000000000000000000000000
0000000000000000065000005001B08A00340074000100014000001800000000
0000000000000000000000000000000000000000000000000200000000000000
0000000000000000060FFC01800002D300020300004020700800003400000000
00000000000000000415B080D608CC1900640026800620028000006E00000000
000000000000000006F09C8030F3C0EE0022001880032001C800007C00000000
080000000000000001230101603E760000360068801B40061000007A00000000
0000000000000000067FFE00000200EF00C20020800020001800001C00000000
0000000000000000000200800406002000000080000000100000000000000000
80000000000000000601FF81D1FFF6FF0012000980030000D800007C00000000
0000000000000000100000000000000000000000000000000000000000000000
00000000000000000601F800000000BE00001800020000000800001C00000000
0000000000000000000000000800000080000000000000000000000000000000
000000000000000006FFFC003FDF08FF10060001800060003800007E00000000
0000000000000000000000000000000000000000000000000000000100000000
000000000000000007F03F80000001FF0000000000B000000800000C00000000
CC0000000000000005D75D81F7FFFDFB103E000F8005E000E800007A00000000
000000000000000006FFFF80015F90FF00000000000000000800000E00000000
0000000000000000000000000000000000000000000000000000000000000004
000000000000000007FC00011E0003EF00000000000020800800000000000000
48000000000000000147E10002820C3900080000000880020800002A00000000
0000000000000000060000001000407F00020000800023000800000C00000000
000000000000000004E2D6813568541310020100808000301800007600000000
0000000000000000020EA0001F0000BE00120000001020088800000000000000
0000000000000000000000000000000080000000000000000000000000000000
0000000000000000060000010000000200023800020003800000002800000000
0000000000000008000000000000000000000000000000000000000000000000
800000000000000005DC880046C000EF100E00100004E001A800007A00000000
0000000000000000000089002404512800000080000400040000002000000000
800000000000000006013C0155A3A0BB00020010000040018800005800000000
0000000000000000000000000000000000000000000000000000000000000000
000000000000000004520000001520A7000000980026000D9800001C00000000
0000000000000000000000000000000000000000000000000000000000000000
000000000000000006003C800003FAFF000400C0803020001800001C00000000
020000000000000000404000489044B800000006800380000800000A00000000
000000000000000007FCFF807F01FFFF000E00038000E0003800003C00000000
0000000000000000000000000000000080000000000000000000000000000000
0000000000000000063F0000000000BF00002000880000000800005E00000000
0000000000000000000000000000000004000000004000000000000000000000
00000000000000000074FC00000800E800000000000000140800000200000000
0000000000000000000000000000000000000800000000000000000000000000
00000000000000000400C001D84F00E700130004400120004800000800000000
0800000000000000000040000118900000000000800080000000002000000000
000000000000000007E01F800001F2FF00000000000400001800000C00000000
0000000000000000000040004234400000000000800040300000002200000000
000000000000000007FFEF8001EFF7FF00000000000C00001800000C00000000
0000000000000000000000000000000000000000000000000200000000000000
000000000000000006FFFF81F903F0FF00000000000000000800001C00000000
0000000000100000000000000000000000000000000000000000000000000000
000000000000000007FFF8001A63F7FF10060000000040001800006E00000000
0000000000000000000000000000000080000000000000000000000000000000
800000000000000003FEDF01FFF023FB00000000000000008800004000000000
000000000000000007F7FF81EFFEFFB7002A000F8007E001A800007E00000000
000000000000000007FFFF80000801FF00000000018000401800000E00000000
0000000000000000000000000000000080000000000000000000000000000000
000000000000000007C0FF80800007FF00000600000000400800001000000000
00000000000000000665D7806534F72010040001800060201800007E00000000
000000000000000003F60000000C010E00050000E00068001800005400000000
0000000000000000000000000000000000000000000000000000000000000004
000000002000000006000380000002FF00000000000000001000000000000000
0000000000000000000000000000000000000000000000000200000000000000
000000000000000006000001800000FF08000000000000001800000000000000
0000000000000000000000000000000080000000000000000000000000000000
000000000000000007FFFC00000017FF00000100804000100800002E00000000
00000000000000000020000000004400000000820000C0304000001A00000000
000000000000000006000000000002FF08000000000000001800000000000000
0000000000000000000000000000000084000000000000000000000000000000
000000001000000006000380F00002FF00000000000000001800000000000000
0000000000000000000260800788402500000026000A00020000002000000000
80000000000000000580C0019EF7E7F5100A00030000A000F800003C00000000
4000000000000000000000000038000000000000000000200000004000000000
0000000000000000027001818000A00000000000000000800000000000000000
000000000000000005F2F2818F9EFFFD101E001F800BE001B800007200000000
000000000000000004258000A00002E100000000804000000800004400000000
0000008000000008000000000000000000000000000000000000000000000000
000000000000000006FFFF800B7FD7FF00020000800060002800005C00000000
0100000000000000000000000000000000000000000000000000000000000000
00000000000000000014800000000080000000000E0000000000000800000000
000000000000000000E604804137B50000000000A00010000000002000000000
A00000000000000007FE8101FFFFFFFF10060001800060003800001C00000000
00000000000000000728D0014104434E0000040000C000000000000E00000000
00000000000000000601FF80800002FF0000000000C002100800000E00000000
0000000000000000000400000004000840000000000000000000002000000000
000000000000000006206800200000D400002000800000000000003600000000
0000000000040000000000000000200000000800000000000000000000000000
000000000000000006003E80000000D808000000000000000800000000000000
0000000000000000004225000028080000000002000080300000007200000000
0000000000000000020E000005B0002300000040801000080000003400000000
000000000400000000010000A010000000000001000080000000002000000000
0000000000000000020043805FFF20DE10360019800640019000001C00000000
4800000000000000077FE581A9ECBEC910030001800020000800007A00000000
800000000000000002904000C150021A00300004800000000000003800000000
000000000000000000C224804890480010024001A00020000000007000000000
800000000000000007CD9A81900002F900000008000000008800003000000000
000000000000000005FF2E8079C94CEF10060401800040400800007E00000000
000020000000000005000380000002B400000000000000001800000000000000
000000000000000007FFF580E3FFFEFF000F0003C000E0000800007600000000
000000000000000002000000000800FF08000000000000000000000000000000
A80000000000000007FFFF81FFFFFFFF101E000F8003E0007800007E00000000
000000000000000002749A00000B00B800000090000400080800000C00000000
0000000000000000000000000000000000000000000000000000000000000000
00000000000000000674000093D1A6FF00000200018000400800000000000000
000000000000000000A12680429228000001A000300006000000000200000000
000000000000000006003F817E03E2FF00060008000620001800001C00000000
0000000000000000000000000000000080000000000000000000000000000000
00000000000000000601A0000060C0AF000000000A0000000000000A00000000
48000000000000000143D6800218DD00000A000B0002E0001000007200000000
0000000000000000060198005842007400020080800000084000000000000000
0000000000000000000000000000000000000000000000000000000000000000
000000000000000002001400000000BE08000000000000000800000000000000
0000000000000000000014004104000000000000100001000000000000000000
00000000000000000400B5800003B01E0000000000C000400000000E00000000
0800000000000000035FF581E7FFFFEF101C003F800FE003F800007E00000000
0400000000000000063FFF80000002FF00000000000000001800000400000000
0000000000000000012627007270DE5D00068001000000001800003C00000000
000000000000000004280081740000E7000000000C0004000800000000000000
000000000000000007CEE78049B9647F00008000100000000800003800000000
0000000000000000067FFF8000FFF0FF00000000000800061800000E00000000
0000000000000000000000000000000000000000000000010000000000000000
040000000000000007200B800001FEFF00000000000000001800000400000000
0000000002000000002000000400000000000010000000000000004000000000
0000000000000000001000000004002000000120000000021000000000000000
0000000000000000000000000000000080000000000000000000000000000000
0000000000000000060003800003B3D200000000040000000000000000000000
000000000000000007FFFF81F3FFFFFF100E00038003E000B800007E00000000
000000000000000002000001080800A300020004002100008000000800000000
000000000000000004A092804239920800020201804000201000001400000000
0000000000000000061FE000000000FF00000000000000040800000C00000000
880000000000000007FFFF81FFFFFFFF101E00078001E0007800007E00000000
000000000000000007000380000000FF08000000000000001800000000000000
0000000000000000000000000000000000000000000000000000000000000000
000000000000000006002F003803F8DF000E007A800660003800001C00000000
0000000000000800000000000000000000000000000000000000000000000000
0000000000000000067FFE005FF000FF10030000C00030000800005E00000000
000000000400000005A12080205EA82300000002000000004000000000000000
0000000000000000079FE181000017FF00020100804020100800007E00000000
C80000000000000003FFFF81A3FFFFFF101E001F800BE000F800007E00000000
000000000000000007ECFF800103FFFF00000000000400001800000C00000000
0000000000000000000000000000000000000000000000000000000000000010
0000000000000000041E00000000006600000000008020800000001800000000
0000000000000000100000000000000000000000000000000000000000000000
A000000000000000078400013753FFAF002600000000E0001800000000000000
C80000000000000007EFFF81FBFFFFFF103E002F8007E002F800007E00000000
0000000000000000078C0380000003FF00000000000000001800000000000000
0000000000000000000000000000000000000000000000000200000000000000
0000000000000000021E00001840006210024000900000000000005C00000000
08000000000000000166C60094557C24101E0055800B6006B000007E00000000
0000000000000000067A4C001000C0E600860000000000041000001800000000
0000000000000000000000000000000000000000000000000000000000000200
000000000000000007FFFF807FFF07FF00000000000000001800002A00000000
0000000000000000000000000000000010000004000100010000006200000000
A0000000000000000700DC01FAEAFFFF00060001000160003800007E00000000
0000000000000000000000000000000080000000000000000000000000000000
0000000000000000027F0000000130C9002200C80002000C8000000600000000
0C0000000000000000000000220A088400200000000200000000004000000000
000000000000000006000380000000FF08000000000000001800000000000000
0000000000000000000000000000000000000000000000000000000000000004
80000000000000000370C001DEC03FD700460011800460001800001C00000000
0000000000000000000000000000000000000000000000000000000000000000
0000000000000000067000018000224500000100008000000800001800000000
000000000000000000884000254224030000A004880008000000000200000000
0000000000000000043FF0019FE000FF10060001800020013800007C00000000
0000000000000000000000000000000000000000000000000000000000000008
0000000000000000067FE001F00000DA00200008000000081800000400000000
0000000000000000000000000000000000002000000000000000000000000000
00000000000000000605F801800000FE00020800020020800800007E00000000
000000000000000005FEF781E7FFDC7F103E007E001F60055800007E00000000
000000000000000000000001000000A000000200080002000000001C00000000
0000000000200008000000000000000000000000000000000000000000000000
000000000000000002E20000000000E300000000100005000800000200000000
000000000000000007F5F281C6EE7F3E101E0027800BE003F000007E00000000
000000000000000006003F80000000FF0002C600808020000800003C00000000
AC0000000000000007EFF781C7FDFDDF100600038001E0003800007E00000000
0000000000000000020080000000001008000000000000000000000000000000
0000000000000000000000000000000080000000000000000000000000000000
0000000000000000028000804380702800E00039000600001800001C00000000
0000000000000000000000000000000000000000000000000000000000000000
800000000000000007108001DD0B85DE10260009800220003800003C00000000
000000000000000000B0070000F3100000008001A00060000000007000000000
000000000000000006000081D00000FF08000000000000000800000000000000
48000000000000000583FF01229CDE69101600058009E0007000004E00000000
000000000000000006037080000000F310000000840000000800006800000000
000000000000000001229D819250D8590052003D80024002B800006200000000
80000000000000000222DF000FE0207F10140006800060003800007000000000
0000000000000000004AA6806094A1601003E000F8002C000000007200000000
800000000000000006700001FFAA64FD00260008000060019800006600000000
0000000000000200000000000000000000000002000000200000004000000000
0000000000000000067BBF80500FF2FF00020010800020000800001C00000000
0000000000000000000000000000000000000000000000000000000000000000
000000000000000000001F80000000F708000000000000000800000400000000
000000000000000001A208006288204000020000804000200000007200000000
000000000000000007FFFF81F582FFFF00000000000020001800000C00000000
00000000000000000042A0000098040000000003800180000000007200000000
8000000000000000000004010000000000000000000120100000000800000000
000000000000000007E7F681F3597CEF107E003F800FE0039000007E00000000
000000000000000006004300004FE6FE00020200818020600000007E00000000
0000000000000000000000000000000000000000000000000000000000000000
A00000000000000007F64001FFFFFFFF100600038000E0003800007C00000000
4800000000000000000000008018000000090000000140000000007000000000
800000000000000007A60E01FFFFBF7B100600060001E0003800005C00000000
0000000000000000000000000000000080000000000000000000000000000000
000000000000000007FC038001FFFFFF00000000000C00001800000000000000
0000000000000000000200000010180004000000000000000000000000000000
0000000000000000020040000000009A00000800220008000000007400000000
000000000000000000200001AAEC8305100401010040A0102000006200000000
00000000000000000602D000000000CC00000000000002800000000C00000000
00000000000000000767F781AD6AFFFF10060040801060041800002E00000000
000000000000000000000D000000000020000000000000000000000000000000
000000000400010000010001802C4800101000038002C0010000006000000000
000000000000000007FFFC01FF61FBFF000600018000E0003800007E00000000
0000000000000000000000000000000000000000000000000000008000000000
0000000000000000062C6F80C00FC0BE00030000C00020000000000C00000000
0000000000000000000004000004000000000000000001800000002000000000
800000000000000007FFFF811CE803FF0000000000000000D800000000000000
0000000000000000047FF101219A7556000C004580020007D800004600000000
000000000000000006FFE001FE6FF2FF10260008000020005800002800000000
0000000000000000002884000104040000010000000000000000000000000000
0000000000000000060FE000000006F500024000900024000800003400000000
0200000000000000004400000002000000080000000000000000000000000000
00000000000000000701F800000E1FFF00020600000020400800003E00000000
0000000000000000000000000000000000000000000000000200000000000000
00000000000000000601FC01806400FF00020200808020600800007E00000000
0000000000000000000000000000000000000000000000000000000000000002
0000000000000000064037807000F0FF000200C0801020040800000C00000000
0000000000000000000000000420000000000008000000120000004000000000
000000000000000007FECF8001F3FFFF00000000000C00001800000800000000
000000000000000001A000004E95280410000001800044000800006200000000
000000000000000006000381F00002FF08000000000068003800000C00000000
000000000000000000884180A600CA5000000080002000100800000800000000
000000000000000006182A005000208C00800030001C00071800001400000000
0800000004000000000000000000000000000004000140000000000000000000
0000000000000000063FF800500280FB00120004C00020004800001C00000000
000010000400010002066101B0020047000200418000A0002800000000000000
00000000000000000601F8003A4002FF10038000E00038000800006C00000000
0000000000000000000000000000000000000000000000000000000000000000
0000000000000000067FFF801FFFE2FF101E00078005E0017800007C00000000
0000000000000000000000000000000000000000000000000000000000000000
000000000000000004003800000000D400000000060003000000004C00000000
000000000000000005AE1000E7FE5E7E10180007800FE003A800007E00000000
000000000000000007E00800000001FF00000000040000000800000C00000000
A80000000000000007FFFF81FFFFFFFF102E00038002E0003800007E00000000
000000000000000006D880007FF000FD10420010000420010800001400000000
0000000000000000000000000000000080000000000000000000000000000000
0000000000000000060CFF80000F00ED000000C00030000C0800001000000000
0000020000000000000000000000000000000003000080000000000000000000
8000000000000000075C0001FD73A7FF00460011800460011800007C00000000
0000000000000000000000000624000010002000180046000000002200000000
00000000000000000633C3000000001020000000000000000000000000000000
0000000000000000000000000000000010000000000000200000000000000000
000000000000000002FE08001E67959F1030000C000100005800001000000000
0000000000000000000000000080000020100000000100000000000000000000
000000000000000002246000000A00FF00000401000040401800006E00000000
00000000000000000062648040FD9F2F00070001480030001000000000000000
200000000000000004FC00007FFAFFFF00000000000460000800000000000000
0000000000000000000000000000000080000000000000000000000000000000
000000000000000002008000100300D000800040000120084000000400000000
00000000000000000053AD814815140800012000600018000000002200000000
0000000000000000040200000000002808000000000000400800000000000000
0000000000040000000000000000000000000000000000000000000000000000
0000000000000000000000000003000001860060000040001800001800000000
000000000C000000000000000000000000000000000080000000000000000000
00000000000000000601FF802000FEFF00000060000020021800000C00000000
080000000000000007A0238002FDE8B0100C0021800AE0001800004A00000000
000000000000000007CBE0001E41FCF71016000F0003E000F800006E00000000
0000000000000000056FD580AF9F6F6F103E000F800B8001D000007A00000000
00000000000000000000000182000054000000000C0022000800002400000000
0000000000000000000000000000000000000000000000000000000000000000
0000000000000000060B80000001D830000200808000200C0800001800000000
0000000000000000053673806CFC15FD000D0001C00050000800003E00000000
00000000000000000601FA010001C2FF00000000C00018000800001E00000000
000000000000000000824780413214220001E00038000E000000007400000000
80000000000000000200C201CAE100FD10760018800660018800003C00000000
C80000000000000007FFFF81FFFFFFFF101E001F8003E001B800007E00000000
0000000000000000060002000001FD5F40000000000000000800000000000000
00000000000000000800000000000000000000000000000000000A0000000000
000000000000000006FFFF801FFFF8FF100E00038000E0003800007E00000000
4000000004000000000000000000000000000000000000000000000000000000
A00000000000000006ACE001FFFF6BFF000600028000E0003000007800000000
000000000000000001E3B18125DC534E0048000A0003E0017800005600000000
00000000000000000601C000780000ED00078001C00070002000007E00000000
0000000000000000054445008AE6EB380048003E80096003C800003200000000
0000000000000000043F48001A6FD1DF100E000F8001E0007800007E00000000
080000000000000005F5F78062725820103C000F8003C003A000007600000000
00000000000000000683E001FE6D37FF103E000B8003E0007800007C00000000
0000000000000000000000000000000000000000000000000000000000000000
8000000000000000000C24800E80000000000004000000004800004000000000
0000000000000000000000000000000000000000000000000000000000000000
000010000000000003AC0300000003FF00000000000000001800000000000000
0000000000000000000000000000000000000000000000000000000000000000
00000000000000000201F800000000C700000200600010000800000C00000000
0000000000000000100000000000000000000000000000000000000000000000
000000000000000006000380000000FF08000000000000001800000000000000
0000000000000000000000000000000000000000000000000100000000000000
00000000000000000200B8000002005400024000500054000800001600000000
0000000000000000000000000000000080000000000000000000000000000000
00000000000000000201FF80004BE4F400000200010000000800003E00000000
000000000000000001C37381603CA07300040001800058000000003200000000
0000000000000000063EA3807001F8FF00020040800020040000000C00000000
080000000000000000028000A04078C100000043000000042800004E00000000
000000000000000007FFF800FE6F007F100E00038000E0003800005E00000000
0000000000000000000000004080220001800000000000000000002A00000000
000000000000000007FFF08007FF81EF10020000800020000800007E00000000
0000000000000000000000000000000000000400004000800000000000000000
800000000000000003A00000D622038E000E0002800000002800000600000000
000000000000000000E2E80085A00D201020000A0002C0024000001600000000
040000000000000007A00780000A33FF00000000000400001800000000000000
A800000000000000000C008020B4700000080000000040000000004000000000
0000000000000000060040003FBF2EFF101E00058001E0007800003E00000000
0000020000000000000000000000000000000001800100000000000000000000
0000000000000000067C0F80000802FF0000000000C000400800000C00000000
0800000000000080000000000000000000000001000000000000000000000000
000000000000000007FEFF801FFFFFFF000600018000E0003800003C00000000
0000000000000000012144004890700000006001080008000000001200000000
00000000000000000615FF80000000DE00020140005020140800003C00000000
0000000000000200000000000000000000000003000000000000000000000000
0000000000000000000000013000000800002100000000000000000800000000
080010000400000000000000000148000014000F800340018000000200000000
80000000000000000274400084FC003F10080002800060003800003800000000
000000000400000000000001003C080000040002000000000000002C00000000
000000000000000004000000000000000000300018001B000000004000000000
0800000000000000048400002898610210000000810000000000005200000000
0000000000000000061E00001C41FEFF10060001800060001800001C00000000
0800000004000000000000000000010000080001000000000000002000000000
000000000000000000000000000000E400000000060001400800000A00000000
C80000000000000005A3BD81235DFD5E001C0006800160033800007600000000
0000000000000000063800017603F4FF10020200800020000800007E00000000
0000000000000000000000000000000000000000000000000000000000000000
800000000000000007C00001DFFFE7FF000600100004E0009800005800000000
4800000000000000000040000000180000080006000180006000000000000000
00000000000000000326F900004000B900000010000440001800000400000000
0000000000000000010000004630000010000001800300004000006200000000
0000000000000000067FF0001010FAFF10020000800000041800003E00000000
480000000000000000408080217C0920000800060000A0010000007000000000
800000000000000007FC0001FF623FFF00000000000060007800000000000000
0800000000000000000000000080000000000001000000000000000000000000
000000000000000006800000000007EF08000000000000000800000000000000
C800000000000000077F9D81E3983FDF10260019800FE003B800007E00000000
0000000000000000000100000040008200001000040000000000000400000000
000000000000000004042480A16A0E3B00000180004000300800000200000000
0000000000000000027424000000002400000014002000000800000000000000
000000000000000007FFF781FFBE7FFF002A000F8003E001B800007E00000000
000000000000000007FD1381858277FF00000000000000001800000400000000
000000000400000000241000005275A800040000000040000000004000000000
800000000000000001000000CE60039200020020000860021000003C00000000
0000000000000000000000000000000000000000000000000200000000000008
000000000000000007FC3F807FFBF7FF00000000000000001800001800000000
0000020000000000000000000000000000000000000000000000000000000000
0000000000000000020918001000001000000000000000800000000000000000
0000000000000000100000000000000000000000000000000000000000000000
000000000000000007FD7F801FE3F2FF000E00038000E0003800003E00000000
0000000000000000000000000000000000000000000000000000000000000000
000000000000000007FFFF800BFFFFFF00020000000020001800001E00000000
C8000000000000000122868122BC7C8C000C000D800BA0000000004600000000
000000000000000006553801DEDE80DB1010000480012000C000007C00000000
4800000004000000000000000000000000000000000000000000000000000000
000000000000000006BB80001E43E0FF100600018000E0003800006C00000000
0000000000000000000000000000000000000000000000000000000000000002
000000000000000000000780000000D708000000000000000800000000000000
0000004000000000000000000000000000000000000000000000000000000000
00000000000000000201FF80000002FB00000C00030000400800001C00000000
0000000000000000000000000010000020000000000000000000000000000000
000000000000000007F42F8001FBF7FF00000000000400001800000C00000000
0000000000000000000000000000000080000000000000000000000000000000
00000000000000000602FB8000C000E600000000020000000800000C00000000
0800000000000000000000000000000010000000000000000000000000000000
00000000000000000201C0004001000A001200008003200C8800001400000000
0000000000000200000000000010004000000002000020000000000000000000
A00000000000000006000201DFFFFAFF00020008800020010800004400000000
0000000000000000004320000106040000094001E00020000000007000000000
000000000000000007FFDF800001B7FF00000000000000401800000C00000000
00000000000000000067CD0132F4320000000400800040600000003800000000
000000000000000006003F80000000FF08000000000000000800000000000000
0000000000000000000000000000000000000000000000000000000000000010
0000000000000000002FCD80000202FF00020060001820040000000C00000000
0000000000000008000000000000000000000000000000000000000000000000
000000000000000003DFF800000007BE0002C000800000000000001600000000
0000000000000008000000000000000000000000000000000000000000000000
800000000000000007C002808F6F0F3F10020010800420018800006600000000
080010000400000001B140002016640000040001000080031800002200000000
0000000000000000009F80000643C08010020000100020000000005000000000
0000000000000000000000000000000000000000000000000000000000000000
0000000000000000067FFF81DFF000FF001C0004000160007800007000000000
000000000000000006A5CB81208F234710000000810020001800007800000000
000000000000000002013C80004F46F200000000400008000800002E00000000
0000000000000000000000000000000000000000000000000000000000000001
00000000000000000600F801800280FF00000100010000000800005E00000000
0000000000000000000000000000000020000000000000000000002000000000
8000000000000000050CD3001C02269E10060010800400014800000C00000000
08000000000000000002A00100248400101A000F800390006000007200000000
000000000000000006111E000F4000AB10038000E00018000800007600000000
0000000000000000000024000410000000008000000001000000000000000000
0000000000000000023809005F3000EB100200C08030000C0000003E00000000
080000000400000001458000C251BC4810100000800100000000002200000000
A00000000000000007148001EFDDFFFF100E0002800060006800000C00000000
0C000000000000000175F681BB79FFFA101E0007800300005800007E00000000
A00000000000000007FC0181FFFFFFFF00020000000460003800000000000000
0000000000000004000000000000000000000001000000000000000000000000
800000000000000002C00001D7B3A7DB00120016800720008800001C00000000
00000000000000000000400002800002000C0000004040200000004000000000
00000000000000000401EC005848001800800004000800024800006E00000000
080000000000000002DFB081F7FEBDBF101E00078003E000F800007200000000
0000000000000000061FB281800000DE00020200808020240800003C00000000
2800000000000000000000000002000000000000000000000000005000000000
800000000000000007600001DFFB25F71032001C800660009800007C00000000
000000000000000005B6E6807A74EEFD00020100800020200800007600000000
000000000000000002000000000080DD00021800800000000800001C00000000
0000000000000000000000000000000000000000000000000000000000000100
000000000000000006FFE001FF6B07FF101600078000C0003800007C00000000
0800000000000000000000000014000000080005800200000000002000000000
000000000000000006031C000990008800120040000000040800000400000000
48000000000000000001600000080000101E00010001C0024000007000000000
000000000000000006000000000000F708000000000000400800000000000000
0800000000000000000000000000000000000000000000000000000000000000
00000000000000000601F600500F40BB0072001C80072001C800001C00000000
0C000000000000000414E080004C1D0E000E00060001A0001000006000000000
000000000000000006DEDC003F4000FE000200408030200C0800001400000000
0000000000000000000400008400000000100008000100030000006000000000
0000000000000000001000000010804000000080000000084800000000000000
0000000000000000000000000000000000000000000000000000000080000000
0000000000000000067F7F80000680FF00020020000820061800001400000000
4800000000000000003FED0162DA3F17103E003F8007A003B000003600000000
0000000000000000067E4180001E80F300020110804000100800001E00000000
0000000000000000000000000000000000000000000000000000000000000000
000000000000000007FC038189FEA3FF00000000000400001800000000000000
08000000000000000000000000000000000C00050000C0000000003000000000
0000000000000000000000800000000008000000040000000000000000000000
0000000000000000077DFF81A2EE7BFF003E0063000FE003A800006A00000000
0000000000000000000088001002000000100000002020080800000000000000
0000000000000000000000000000000000000000000000000000000000000000
800000000000000006015C018A0022FF00000020000800004000001C00000000
0000000000000000000000000000000000000000000000000000000100000000
0400000000000000067C0180000FD2FB00000000000400001800000000000000
00000000000000000021008082800800000A0006018000200800002000000000
00000000000000000609F080000000EF00020180803020180000001C00000000
000000000000000004A5BA81C0E67DE1004C003B00066000A800003E00000000
A00000000000000007FE0201FFFFFFFF100600018000A0003800003800000000
0000000000000000000000000000000080000000000000000000000000000000
A00000000000000007880001DAEBFFFF1012000480012000D800007A00000000
0000000000000000000000000000000080000000000000010000000000000000
0000000000000000065C020011F03FFF10000000800420008000006A00000000
000000000000000000801000A2D0410800080102000080202000007000000000
0000000000000000010C4000800002811002C000D00000000800003400000000
2800000000000000000000000000000000020000000200000000000200000000
0000000000000000060400001000008210018000200013000800000000000000
0000000000000000000010004008600000400001000A00000000002200000000
0000000000000000028400001E00101B00020000080044001000002000000000
00000000000000000006140040A2040000002001200020000000000400000000
0000000000000000021A00800E80003910000080002000040000007E00000000
00000000000000000540100042E8691800040403800020000000006200000000
000000000000000007E03F80000007FF00000700018000000800001E00000000
0800000000000080000000000000000000000000000000000000000000000000
000000000000000007840380000003FF00000000000000001800000000000000
4C0000000000000007BFFF80FBFFFFFB101E000F8003E000F800007E00000000
800000000000000007C00000036400B600020100804020001800007C00000000
0000001000000000000000000000000000000001000000000000000000000000
800000000000000007FFE001FF7327FF000600038000E0003800007E00000000
0200000000000000000000000280000000000004000100000000000000000000
0000000000000000000F00000000008810000000000000800000004000000000
0000000000000000100000000000000000000000000000000000000000000000
0000000000000000020FF801FE0280FF10030000C00030000800007E00000000
0000000000000000000000000000000080000000000000000000000000000000
0000000000000000021F8001800000EF10022000000020000800005E00000000
0000000000000000000000000000000000000000000000000000000000000000
000000000000000000014181F00002F10002040000C020600800001200000000
000000000000000001EB7580E1FBE51F106A0027000F6003F800007E00000000
000000000000000000FB40000000007400000000040000000000000400000000
0000000000000000000000000000000020000000000000000000000000000000
00000000000000000600C0018000009D00013000C00032000800000C00000000
0000000000000000006D14002134300000020000580040000000001000000000
000000000000000006FC3F8001FFF8FF00000010000400001800000C00000000
0000000000000000000200000000000000005000120000000000000000000000
00000000000000000200C380000C0EDB00038000E00038001000005000000000
C80000000000000001C77280F0AF1E30002E0002800080006000007200000000
00000000000000000600BF808001F0DF00032000800020000800001800000000
C80000000000000007FFFF81FBFFFFFF101E000F8003E000F800007E00000000
800000000000000000540000C00002A300000000004000000800000000000000
0000000000000000000000000000000000000000000000000000000000000000
000000000000000007FE0F80006007FF00000000000000001800000000000000
0000000000000000000000000000000000000000000000000000000000000000
0000000000000000031EE1000D0005DB00020011000860023000002C00000000
0000000000000000000000000100000000000000000000000000004000000000
0000000000000000031040000B0237A8100E00028004E0010800004000000000
0000000000000000000000000000000000000000000000000080000000000000
0000000000000000060818003A6E00FF10038000F00028000800007C00000000
0000000000000000000000000000000000000000000000000000000000000000
000000000000000007200000000001DF08000000000000000000000000000000
0000000000000000000020004B01000000001000600000000000002000000000
000000000000000007AC03807F8063FF00000000000000001800000000000000
C80000000000000007FFF781EFFFFFEF101C001F8007E000F800007A00000000
80000000000000000780DC01FF2987BF10100000000020000800006E00000000
000000000000000007FFFF80FFFFFFFF100E00038001E0003800007E00000000
000000000000000007FC018001FFFFFF00000000000C00021800000400000000
0000200000000000000000000000000000000002000000000000000000000000
800000000000000006F001817DF0A3D700020010000420010800001000000000
0000100004000000000000000000000000000005000100000000002000000000
0000000000000000063EC281100000F700000000C00020005800001000000000
0000008000000000000000000004000000000001000000000000000000000000
000000000000000002000001E00000FC00010000408020200800001E00000000
0000000000000000000000000000000000000000000000000000000000000000
800000000000000006060301D84002CB1012000D8007A000F000006C00000000
000000000000000001024500600022060004004980110000D800000200000000
000000000000000000C2F0000006809C00020100000020100800001800000000
0000000000000000057C6200EBFFE67F101E002D0001C0026000007E00000000
8000000000000000040CE0819A0086FF00000020800860023800000C00000000
0000000000000000000000000080000004000000000000000000000000000000
000000000000000000A000001F80009F00420060000420000000000000000000
0000000000000000000000000000000000000000000000000200000000000000
0000000000000000063FFF00000E00FF10020200008020000800007E00000000
00000000000000000062C50104BC1C1A00000000800080202800006200000000
000000000000000007FC1F80017BFFFF00000000000400000800000000000000
0000000000000000000000000000000000000000000000000000000000000000
0000000000000000025A2C0000FE00B700000080003000000800006600000000
0000000000000000020438002000544000800000800000020000000A00000000
0000000000000000065E4081F022004B10020100004020100800006E00000000
0000000000000000000000000000000000000000000000000000000000000000
8400000000000000078C0101FE0003FF00000000000000005800000000000000
0000000000000000000000000000000000000000000000000000000000000000
00000000000000000201FC01800002FE00020300800020600800004E00000000
0000000000040000000000000000000000000000000000000000000000000000
000000000000000007FFFF8001FFFFFF00000000000C00001800000E00000000
0000000000000000000000000000000020000000000000000000000000000000
0000000000000000061E8080701F80FF00060020003820041800000400000000
00000000000000000028100021E21D5200580028002B800B0000000200000000
8000000000000000063C3001826407BE0034000980002000F000007E00000000
000000000000000007B3FE81EE76FBCF103E003B000FE003F800007200000000
A00000000000000007FE4001FFFFFFFF10060001800060003800007C00000000
0000000000000000040040008000080002000020000000000000000A00000000
A00000000000000007FEC801FFFFFFFF100600038000E0003800007C00000000
880000000000000007FFFF81FFFFFFFF100600078000E000B800007E00000000
800000000000000007E44001DDF40FFF0036000D8003C0007800007600000000
0000000000000000000000000000000000000000000000000000200000000000
000000000000000006000380000000FF00000000040400000800000000000000
0000000000000000000000000000000020000000000000000000000000000000
0000000000000000000497800000009C00030000400000040800000400000000
0000000000000008000200000000000000000000200000000000000000000000
00000000000000000601F800180100FC00026000100020000800001C00000000
0000000000000000000000000000000000000000000000000000000000000000
000000000000000006003F818000FEFF00020600000020000800001C00000000
0000000000000000000040804090010000006001000010000000002200000000
00000000000000000200C101700FF0EF00120030800A20018800000C00000000
0000000000000000000000000000000080000000000000000000000000000000
00000000000000000605FF81F00000FE00038000E00020000800007E00000000
0000000000000008000000000000000000000000000000000000000000000000
A00000000000000007FC0001FFFFFFFF00000008000460010800000000000000
C80000000000000007FFFF81FFFFFFFF101E000B8003E000F800007E00000000
800000000000000007FC0381FFFFFFFF00060000000460011800000000000000
0000000000000200000000000020400000020100002000200000000000000000
000000000000000006000380000001FF08000000000000001800000000000000
480000000000000006FFF681F7FDFFDF102E000F800FE0003000007E00000000
800000000000000007880101FE22A4F700000000000860001800000000000000
0000000000000000000000000000000000000000000000000000000000000000
0000000000000000060FFF807FFF40FF101E00038000E0007800007E00000000
000000000000000003E79D81FFBEFFEE101E007F800FE003F800007E00000000
000000000000000002402001FE03C0FF00020108000220000800000C00000000
0000000000000000000000000000000000000000000000000000000000000088
800000000000000007FC0201FFFEAFFF00000000000420001800000000000000
0200000000000000000000000000000000000000000000000000004000000000
000000000000000004003A000E50066410020100800020200800003600000000
0000000000000000000000000000000000000000000000000000000000000000
000000000000000006003F80000000FC08000000000000000800000800000000
4800000000000000000000000000000000000002000180000000004000000000
000000000000000006020280000016FC00000000040000000000000000000000
0000000000000000000000000000000010000000000000000000006000000000
800000000000000006000001FF03B6FF00660009800660001800001C00000000
0000000000000000010000002080200020000000000000000000004000000000
000000000000000006003F81FA00E6FF00000040001060001800000C00000000
0000000000000000059AD100416A347F00008000680030000800002E00000000
800000000000000007A0C001DFFBA4FF103C000F8000E0007800007E00000000
0000000000000000000000000200000080000000000000000000000000000000
000000000000000006000780000000FF08000000000000000800000000000000
020000000000000007FFF781FBFEFFFF103E000F8003E000B800007A00000000
8000000000000000063C0101CFEF02FF000E00098000C000F800007200000000
00000000000000000084100002900D00000802020040E0300000005000000000
0000000000000000063FD000000002FF00036000980022000800003E00000000
C800000000000000012B6C01A36F7D77003E002F800BA0027000001200000000
8000000000000000021E400088400742103E000F80032000D800007400000000
0000000000000000000000000000000000000000000000000000000000000000
008000000000000007001000000003FF00000000000000000800000000000000
0800000000000000000000000000000000000000000000000000000000000000
000000000000000006C03F800003F6FF00000000003000001800000C00000000
0000000000000000000000000000000000000000000000000000000000000000
000000000000000006E80380010032FF00000000002400001800000000000000
0000000000000000010400000E5800001004000180000C000000006000000000
000000000000000002500001E00360A200000048007000080000000C00000000
000000000000000000208481250515020000C000280000000000003200000000
0000000000000000060000017E400DEF000202000000A0400800000000000000
0000000000000000000000000000000000000000000000000000000000000000
00000000000000000638E0002000A2B1002000C80002000C0800000600000000
0000000000000000000000000680040000000001000000110000006000000000
000000000000000007FFFF8081FFFFFF00000000800000001800003E00000000
48000000000000000001800000802100000C0002000200000000002000000000
800000000000000007780001CFA032FF10060010000560011800000C00000000
0000200000000000000000000040000000000002000000000000006000000000
0000000000000000063A3000800002C51000C000200014000000004000000000
000000000000000001C082800212094000000000800040400000000000000000
000000000000000006C80080000E00FF000000000C0000000800000000000000
0000000000000000000404000800020000011000000001000000002000000000
0000000000000000000000000026800B40000000040000000000000000000000
0000000000000000000000000000000000000000000000000000008000000000
0000000000000000065E0080000B00DF00000000000800101800000000000000
000000000000000002A66701ACFC36000010002B80072003A800007600000000
0000000000000000060F78003E4FC0EF10030001400040000000007E00000000
C80000000000000007FBFF81F3FF7DFF103E001F8007E001B800007E00000000
800000000000000007DFF001DEF33DEF101C000F8003E000F800003C00000000
4A00000000000000000000000000000000000000000000000000000000000000
00000000000000000600E7800003C0FA00000200018000401000002E00000000
040000000000000000427180011C78F8000000048001A0008000000A00000000
00000000000000000601E000000000B008000000000000001000000000000000
0000000000000000000000000000000080000000000000000000000000000000
A000000000000000060FC181FFFFFFFF10060000800060001800005C00000000
0000000000000000000000000000000000000000000000000000000000000000
0000000000000000006803005B0400BC00000040001060001800001800000000
0000000000000000000000000000000080000000000000000000000000000000
0000000000000000063FCC000FD000D110020000008020200800007200000000
0000000000000000000000000000000000000000000000000000000000000000
000000000000000007010001904241FF0000C000F00038000800007E00000000
0000000000000000000000000000000000000000000000000000000000000004
000000000000000006DFFF807801FFFF00060000800060003800003C00000000
000000000000000007F9FE81F79F6FBF000A0071801CE0074800007E00000000
000000000000000006003F80000000FF08000000000000000800000C00000000
000000000400000001590081A0780D0400000001800000000000000000000000
000000000000000007FE400001FFFFFF00000020000C00001800000400000000
0000000000000000000000000000000000000000000000000000000000000000
000000000000000006000000000000DF08000000000000400000000000000000
0000000000000000000000000400000000000000000200010000000000000000
80000000000000000781B8018FDFEFEF100000010000E0003800007E00000000
0000000000000000000000000000000000000000000000000000000100000000
8000000000000000069C8001DE641F0F000000088000E0003800003800000000
0000000000000000000000000000000080000000000000000000000000000000
000000000000000006603F800003F0FF00000000002400001800000C00000000
C80000000000000002295181F9D9648F102E001780096002D000006200000000
000000000000000006001801F0000DEF000603028080E0003800001000000000
0000000000000004000000000000000000000000000000000000000000000000
0000000000000000061FB801F00000FE00020600808020600800003E00000000
0000000000000000000000000000000080000000000000000000000000000000
A00000000000000006D0C001EFEDFFFF1006000380004000B000006C00000000
0000000000000000000000000000000000000000000000000000000000000000
0000000000000000043E2000140160FF00070001C00060001800003E00000000
0000000000400010000000000000000000000000000000000000000000000000
0000000000000000063FFF80180036FB00000000000000081800001000000000
0000000000000000000000000000000000000000000000000400000000000000
000000000000000007900380000007FE00000000040000000800000000000000
0000100004000000004001000084200000040001000000018000006000000000
A00000000000000007F40201FFFFFFFF000600018004E0011800003C00000000
0000000000000000000000000000000000000000000000000000000000000000
0000000000000000065DF801F00412FF0000000400000000D800000400000000
0000000000000000042682002200A8601000008000E000380000006200000000
000000000000000007FFFF8015D3FFFF00000000800060001800001E00000000
4800000000000000000000000C002000001C000D0002C0002000005000000000
000000000000000002000000000000A000010800800002000000000000000000
080000000000000003B77781E1143656002C000E000DA0066800007E00000000
000000000000000006FFFF801FFF80FF10060003800060003800007E00000000
0000000000000000000000000000000000000000000000000200000000000000
000000000000000002596001800000DE000201008080202C1800001C00000000
C80000000000000007DFFF81E3FF7FFF103E000F8005E001F800007E00000000
000000000000000006400001FE8F80EF00000200818000600000007E00000000
00000000000000000005C70083526C0110C00000000200004800007400000000
000000000000000006DC018003BC006300020000800460011800004400000000
0000000000000800000000000000080000000000000000000000004000000000
0000000000000000067FC000000007DF00024000300024000800003A00000000
0000000000000000000000000000000080000000000000000000000000000000
A00000000000000007FC0381FFFFFFFF00060000000060001800003800000000
0000000000000000000000000000000020000000000000000000000000000000
0000000000000000060FFE001FFFFEFF10060003800060003800007E00000000
000000000000000007FDE781E6FDDBFE103E003F800FA003F800007E00000000
8000000000000000031870019F6003F1003A000F8000E0007000007800000000
0000000000000000073FC2817E94BB7F101E00078003E0006800007E00000000
0100000000000000060003000000003900000000000000000000000000000000
0800000000000000000000000020000000010002200010000000000000000000
000000000000000006100000000E00FB01020000000020084000001800000000
0000000000000000000100000080200000000000000040250000000000000000
0000000000000000020200000629C0A100060200010000401800003000000000
0800020000000000000000000000000000000000000000000000000000000000
00000000000000000601FF8000FFFAFF00000020000800021800001E00000000
28000000000000000020A4812014480010001000000000000000006000000000
000000000000000007802000FD03FFFF002600398006E0001800001C00000000
00000000000000000111B08103CCCE0B00440016000080025000001200000000
A00000000000000007EE2001FFFFFFFF10060003800060002800006C00000000
000000000000000007204481A4C2CD6900120000002000081800005600000000
A000000000000000070C0381FFFFFFFF000600018000E0003800001400000000
88000000000000000564B001A5EBF94E102E00018001C0010000004200000000
000000000000000006000000B000007F08000000000000000800000000000000
0000000000000000000000000000000000000000000000000000000000000000
0000000000000000067FF800000F82FF00000000010000401800000E00000000
0000200000000000000000000000000000100001000000010000000000000000
0000000000000000020003000000001D08000000000000000800000400000000
0000000000000000000000000004000000180000000000210000004000000000
000000000000000006FE03800000A2FF00000000008000400800000000000000
080000000000000005F7F781E3FFFFFF103E000F8007E003F800007E00000000
0000000000000000067F7C000E7400FF10020100804020100000007E00000000
0000000000000000000000000000000000000000000000000000000000000000
000000000000000006FFE000024180FF10030000C00020000800007E00000000
0000000000000000000000000000000000000000000000000000080000000000
800000000000000007FFC001DFEF73BF00260009800260001000007C00000000
0000000004000000000000000000000000000000000000000000000000000000
0000000000000000067FFF81700000FF000200C0801000040800003E00000000
00000000000000000381000020186F12100C00200001E0086800006200000000
000000000000000006000780000086B900200108000400000000000000000000
0200000000000000000000000000000000080003000080000000004000000000
000000000000000004FCAE0003C7001E10000021800820021800007A00000000
000000000000000001B6400165167B4B1006000D000360038800007E00000000
0000000000000000067FFF01800002FF00020400800020000800001E00000000
0000000000000000000000000000000000000000000000000000000000000040
0000000000000000021FFF8011E000AE10060001800820060800004C00000000
000000000000000004608A01B234DC6600060401810060600800002600000000
000000000000000006002B80000000A908000000000000000000000000000000
C80000000000000007F7F581F3F9BCFF103E000F8003E000F000007600000000
00000000000000000678E0001800005202020000000020000000001000000000
0000000000000000002200000838240200002000100000000000000000000000
000000000000000006000001F840026B00022000180024000800007C00000000
0800000000000000000000000000000000000000000000200000004000000000
0000000000000000020340000000000000020001A00028003000003000000000
0000000000000000052BE58146EF3BFF00038000A00034000800006A00000000
0000000000000000060C07800003DAFF00000000000800001800000400000000
0000000000000000000000000000000000000000000000000080000000000000
800000000000000004560000076000F700400030000020003800003800000000
0000000000000000000000000000000004000000002000000000000000000000
0000000000000000079FFF80B00AFFFF00000000000020001800000C00000000
0000000000040000000000000000000000000000000000000000000000000000
0000000000000000020008010000000000000000000000800000000000000000
0800000000000000014B30812757FFA000140005800020032800006000000000
000000000000000007FFFF8001F803FF00000000001000001800000C00000000
0000000000000000000000000000000000000000000000000000000000000000
800000000000000007041F81DFFC07FF000600008001E0003800002600000000
0000000000000000000000000000000020000000000000000000000000000000
000000000000000000005C00400000C500200084804600108800001800000000
0000000000000000000000000000000000000000000000000000000000000001
000000000000000002000080000000CB08000000000000001800000000000000
0000000000000000013408012260200100800040800000000000002000000000
00000000000000000600DF800000E6FF00000060000C00000800000C00000000
0000000000000000000000000000000000000000000000000000000000000002
0000000000000000063FFF80FFE3F0FF10000000000000000800001E00000000
0000000000000000040200000114101800000400000200000800004000000000
0000000000000000000480018000000200003000080001000000001800000000
6800000000000000012030009B0408000018000500030000C000006200000000
8000000000000000073403805B63F7FD0000000000046000D800000000000000
0000000000000000000000000000000000000000000000000400000000000000
00000000000000000600A0003FE3007500002000000020000800001C00000000
680000000000000007F7FF81FFFFFFFF101E000F8003E000F800007E00000000
000000000000000006FE0B819F22003C0002000800010000D800000800000000
080000000000000001CFFD81E7FFFEF7101C000F8003E001B800003200000000
0000000000000000027CC4000FF200560010001C000520018800005E00000000
0000000000000000011050002104040100000000000001000000000A00000000
800000000000000002040001FD22E1D700260009000020008800000800000000
0000000000000000800000000000000000000000000000000000000000000000
000000000000000006FEFF009A6380EF1030000C000020000800006E00000000
C800000000000000045BE680FB967F09001E000F8003E000A000007600000000
000000000000000006628C000000005900200054001420098000000C00000000
000000000000000000193000C012642500A00029000220004800001200000000
020000000000000002008A00000002A200000000000000001800000000000000
0000000000000000000000000000000000000000000000000000000000000040
0000000000000000020140000000001600028200D00024000800001C00000000
0000000000000008000000000000000000000000000000000000000000000000
000000000000000007FEC380000A03FF00000000000000401800000400000000
00000000000000000787FE80BB7A6E8710660039000F2003E800007E00000000
0000000000000000040000019801C0DD0000000070002C000000000000000000
0000000000000000032040016EF0332510000001000440004000006000000000
800000000000000007FC0181FFFFFFFF00020000000020001800000000000000
0000000008000000000100000110000000000000000000010000003000000000
800000000000000007AE0000DE43BB9F0014000D0000A000D000000C00000000
0100000000000000000000000004000000000000000080000000000000000000
000000000000000006003C01FE0036FE00000201000060003800000C00000000
00000000000000000434F300A316A67F00028001E00050001000007A00000000
8000000000000000047900019509548F00020000000060011800001000000000
0000000000000000000000000000000000000000000000000200000000000000
000000000000000006001800000000FF08000000000000000800000C00000000
0000000000000000000000000000000080000000000000000000000000000000
0000000000000000000BB8000A00C0F510018000600038000800003000000000
0000000000000000000000000000000000000000000000000000000000000000
8000000000000000070000019BDC00D700000008000400000000000000000000
0000000000000000000000000000000000000000000000000000000000000000
000000000000000007FFFF80011FEFFF00000000000400001800000400000000
0000000004000000000000000140000000000000002000000000004000000000
0000000000000000063FF8003E6780FF100E00018000E0007000007C00000000
0000000000040000000000000000000000000000000000000000000000000000
000000000000000006014101DD6300EB10000200000020400800005E00000000
000000000000000005C8EE8173CDD75F0046000D800720031800007E00000000
000000000000000006FF90000D3000220020000800012000A800002800000000
0000000008000000000000000000000000000000000000200000006000000000
040000000000000007203F800002F6FF00000000000000001800000C00000000
0000000000000000000000000000000080000000000000000000000000000000
00000000000000000435D70000D0007900000000000000400800001C00000000
0000000000000800000000000000000000000002000000000000002000000000
000000000000000007FFFF8185CF82FF10020000800020000800007E00000000
0000000000080000000000000000000000000000000000000000000000000000
00000000000000000657F800102588E900040000800040002800003800000000
00001000040001000000010010B0410010100007802040000000004400000000
0000000000000000000010018000002A00020000060020000800003C00000000
0000000004000000000000000054000000000001000080002000002000000000
00000000000000000016A0000000008D00020000009020640000000C00000000
0000000000000000000000000000000000000000000000000000000000000000
000000000000000002003E00000000F608000000000000000800000000000000
0000000000000000000000000000000080000000000000000000004000000000
000000000000000006003001F803F0DF008600218000E0003800001C00000000
0800000004000000000000000022000000000000000000010000004000000000
0000000000000000067FC001800006EF00020300008020400800006600000000
0000000000000000010202000140100000001000000010000000004000000000
0000000000000000060110000001400810004000000024000800000000000000
000000000000000005FFF781FFD6D7FF101E000F8007E003F800005E00000000
000000000000000006C0FB803001FFFF00000000400020000800000400000000
0000000000000000076EE780F5FB1D77003E003E800F6003F800005A00000000
000000000000000004060000324A1CC810070000800040001000001000000000
040000000000000007E7F781FCFFFDFF001E000F8003E000D800007E00000000
000000000000000007FCBB803FDFB7FF00000002000060003800000800000000
0000000000000040000000000080000000000000000000000000002000000000
00000000000000000601F800F00006FB00020400808000600800007E00000000
0000000000000000000000000000000000000000000000000000000000000000
000000000000000002401800000106ED000003C0008000000800000800000000
00000000000000000149EA802A7834400000020100C000300800002200000000
0000000000000000000200000000008100000000440000000000002200000000
0000000000000000080000000000000000000000000000000000000000000000
000000000000000007000300000003DF00000000000000001800000000000000
0000800008000000000000000000000000000000000000000000000000000000
80000000000000000707C001DF6F97CF101E00058003E000F800007C00000000
08000800000000000121A000004408001018005E800B00030000007600000000
000000000000000007FFFF8000D807FF00000000000000001800000C00000000
C80000000000000007FFFF81FBFFFFFF103E000F8002E0019800007E00000000
0000000000000000000A0000000000A9100200000C0006000000000800000000
0000000002000000000121000008011010000005800000000800000000000000
A000000000000000078001819F5FFFFD00000000000460011800000000000000
0000000000000000000200000805020000300019000280012000006000000000
0000000000000000046178001000B0ED00000100004000100800000000000000
000000000000000001240400423C100000000000080026000000003000000000
000000000000000004002001F001B0FF00220188800220000800001C00000000
0000000000000000000000000000000080000000000000000000000000000000
000000000000000006001B80700FB2DF00220070800C20014800001000000000
000000000000000006AFB080E231FE4F000E00610003E0077800007800000000
000000000000000002B201000201024000000000000000100000000000000000
0000000000000000000000000000000000000000000000000000000000000000
000000000000000006FFFF80110000BF100600038010E0041800007E00000000
0000000000000000000000000000000080000000000000000000000000000000
0000000000000000000000000000020200001200080000000000000200000000
000000000000000001254081679C7D18100800028008E0028000007800000000
0400000000000000067C0181900800DF00000000000000001800000000000000
0000000000000000040464800054808100020400020000C00000002800000000
000000000000000007FFFF8001F3FFFF00000000000400001800000C00000000
00000000000000000420408082200C0001800000000100014000000000000000
000000000000000007FCFF807FDBA7FF00020000000060001800001400000000
E8000000000000000002A0810B2C4402100400010000C0008000002600000000
A00000000000000007FC0001FFFFFFFF00040000000460003800000000000000
0000000000000000000000000000000000000000000000000000000000000000
000000000000000002003800000E00FF000260001C0026000800005800000000
0000000000040000000000000000000000000000000000000000000000000000
80000000000000000761F801F604A7C900060009800160005800003C00000000
0800000004000100000000000000080000000000000000000000002000000000
0000000000000000060100000009A2C500000000100001000000000400000000
0000000000000000000000000000000000000000000000000000000000000020
00000000000000000601F800007E02B70000030000C020600000007600000000
0000000000000000000200000082100000008004000000000000000000000000
000000000000000002069500000002D000000000020000000000000600000000
0000004000000000000000000000000000000000000000000000000000000000
0000000000000000060F7801824007FB10030000C00020000800006C00000000
0000000000000000000000000000000000000000000000000000000000000000
8000000000000000030000008264073D0022001900066000D000005C00000000
0000000000000000000000000000000080000000000000000000004000000000
000000000000000007FFFF00000E1FFF00000000000000001800001E00000000
0000000000000000000000000004000020000000000000000000000000000000
A00000000000000007F6C001FFFFFFFF100600038000E0003800007E00000000
0000008000000000000000000000000000000000000000000000000000000000
000000000000000006187F80000E02FF0000010000C000000800003E00000000
0000000000000000010440000000000000D00000002840030000000000000000
0000000000000000005C40818000027900000100004000040800000000000000
000000000000000007F7F580F6BEBEEE10020000C00060000800003E00000000
0000000000000000044821800000002000020180002000100000000800000000
C800000000000000067DFE81A3FEFD26101E000B8003E001C800007E00000000
0000000000000000067FFF80000000FF00020040801020040800001E00000000
C80000000000000004BFB581609ECDBE102C00278003E0025800006600000000
0000000000000000060FFF819800007D00020100800020000800002E00000000
C80000000000000007FFFD81F7FFFFFF103E000F8003E000F800007E00000000
000000000000000007001F801A03DEFD00000020000020000800001800000000
080000000000000003476480B0ED7501000A0005000020003000003000000000
00000000000000000708180000602D7B10020000200018000800003400000000
0000000000000000000000000000000080000000000000000000000000000000
8000000000000000024014011A96002F0000000780024000C000005C00000000
02000000000000000060000100C2000000000000800010000000007000000000
0000000000000000001400000010000000000000001800090000000200000000
0000000000000000000000000000000000000000000000000000000000000000
000000000000000000000000000000B004020000000000000000000000000000
0000080000000000000000000000000000080000000000000000000000000000
A00000000000000007140101FFFFFFFF0000000000006000F800000000000000
0000000000000000000000000000000000000000000000000000020000000000
000000000000000006000380000002FF08000000000000000800000000000000
0000000000000000000000000000000020000000000000000000000000000000
000000000000000006000380000000FF08000000000000001800000000000000
0000000000000000000000000000000000000000000000000000000000000000
000000000000000007E1FF803FC3FBFF00020000000000001800003C00000000
0000000000000000000000000000000020000000000000000000000000000000
00000000000000000776C8001E45C1FB000E00038000E0043800001C00000000
0800000000000000000000000000000000000000000000000000000000000000
000000000000000007FAD0001E43F7FF003E000F8002E000F800003C00000000
0000000010000000000000000000000000000004000000000000002000000000
000000000000000004504000041070AE00000010000400001800001800000000
0000000000000000000000000000000090000001000000030000000000000000
8000000000000000070480019FE107E500020011000C00001800007C00000000
02000000000000000200B0002038414000000002800100002000000000000000
000000000000000006603F818000027F00020400810020400800001C00000000
0000000000000000000000000000000000000000000000000000000000000000
000000000000000007FFF0001E4917FF1032000C800320008800007C00000000
0000000000000000000000000208000020000000000000000000002000000000
00000000000000000672B8018000025F10000300008000600000003C00000000
00000000000000000000C3000800100000000000000000200000000000000000
040000000000000007807F80000017FF00000000000000001800000C00000000
4800000000000000000000000000000000000000000000000000000000000000
0000000000000000060000000000E8FF08000000000000000000000000000000
0000000000000000100000000000000000000000000000000000000000000000
0000000000000000060000017E0007D7000604038100E0003800001C00000000
0000000000000000011000000000000000004000000001000000000000000000
000000000000000007DE00000000FFBF00000000000000000800000C00000000
0000000000000000080000000000000000000000000000000000000000000000
0000000000000000074007800002B7FF00000100008400000000000000000000
0000000000040000000000000000000000000000000000000000000000000000
8000000000000000054040010FE1037D00040010000060019000000800000000
0000008000000000000000000000000000000001000000000000000000000000
0000000000000000065FFC00400000FE10020040800060041800002E00000000
0000000000000000000000000000000000000000000000000000008000000000
00000000000000000601FF81F04000F700030000C00034000800007E00000000
0000000000000000000000000000000080000000000000000000000000000000
0000000000000000077E5800000E02D500028000E00008000800000C00000000
880000000000000007FFF781FFFFFFFF103E000F8007E000F800007E00000000
000000000000000006301001D007E4B710020400818020600800007E00000000
0000000000000000000000000000000000000000000000000000000000000000
000000000000000007FFBF800088F7FF00000000000000001800001C00000000
C80000000000000006C20781D69F582E103E00070003C001E000007A00000000
000000000000000001D11000000006FB0000070000C000400800000C00000000
0000000000400000000000000000000000000000000000000000000000000000
0000000000000000020100000000C0F100022000020022000000001000000000
0000000000000000040000002000000000180010000000220000000000000000
00000000000000000203E1005863D06E00260010800460019800002C00000000
0000000000000000004204000024080000100001100002000000004000000000
00000000000000000601FF80001EFFFE0002001C80062000D800002C00000000
0000004000000008000000000000000000000000000000000000000000000000
000000000000000007FFFC003E4307FE100E00038000E0003800007E00000000
00000000000000000024608080244C2400500048000080000000000200000000
0000000000000000062FC3002FDE007900070000C00060000000007800000000
00000000000000000162800062C20B6100960030000300018800000A00000000
000000000000000006003F80000000FE08000000000000000000000000000000
0000000000000000000000000000000000000000000000000400000000000000
0000000000000000060000003000F8FF40000000000020000800000000000000
0000000004000000000380016158501000000001000000000000000000000000
0000000000000000021F40000C41ACFD00070000C000B0000800002C00000000
C80000000000000007FFFF81AFFFFFFF103E000F8002E000D800007E00000000
8000000000000000061000010C40060700200028000200039800001400000000
0000000000040000000000000000000000000000000000000000000000000000
0000000000000000043E58000656087510060001800060003800007E00000000
0000000000000000000000000000000000000000000000000000000000000000
800000000000000003820001DFEDC7FF10040010800460011800007C00000000
0000000000000000000000000000000000000000000000000000000000000000
000000000000000006000380000002FF08000000000000000800000000000000
0000000000000000000220004A0420000000A001600018000000006000000000
0000000000000000021A00001FBD802000800020000000000000000600000000
0A00000000000000000044000080000000000000000200000000000000000000
0000000000000000060000000000F0BF08000000000000000800000000000000
000000000000000000010000002C200000180004000080200000004200000000
A00000000000000007FC0301FFFFFFFF00020000800060003800000000000000
4800000000000000054B4180601D869B001600078003A0001000003E00000000
800000000000000007D000019EA023FF0000000000046000D800000000000000
0000000000000000000000000000000000000000000000000000000000000000
200000000000000007F800007FBFF6EF00020000000400008800001C00000000
0000000000000800000000800020000000000000000040000000000000000000
0000000000000000061001800016024B10000080802020000800001800000000
0000000000000000014440003040880400000008002A00001000001000000000
0000000000000000060803800000006208000000000000000000000000000000
0800000002000000000100002010080000000000000000000000000000000000
800000000000000007FEE081DBFEA7FF100E00038000E0013800007E00000000
0000000000000000057CFC01F7E7D6BD003E003F800FE003F800006C00000000
800000000000000007F8C001FFF03FBF101600078000E0007800007E00000000
0000000000000000000BA00000246C000000040000C000200000002600000000
00000000000000000681D380C0F200FF006600118004E0011800007E00000000
0000000000000000008000000410200800000000002200300000004000000000
0000000000000000045C71815ED380DF100C00038000C0000800003E00000000
0000001000040000000000000080000000000000000000000000000000000000
000000000000000006B000803FCFB0FE10420018800620018800003C00000000
0000000004000000000000000000000000000002000400004000001000000000
000000000000002000000100000002B000000000000000001000000000000000
080000000000000001A92700E0FD4900000E002B800BC0022000005A00000000
0000000000000000066DAF818741C08F100000018000E0003800003000000000
0000000000000000012100002204C840001A0006001C0007A000007200000000
000000000000000006703F80000000FF00000000000000000800000C00000000
480000000000000000D2800130CB40200018002E0003E002E000000800000000
0400000000000000038007800083F7FF00000000000000001800000000000000
4000000000000000000000000000000000000000000000000000000000000000
0000000000000000020000001040808100010000840013000000005000000000
0000000000000000002004004084000004000000000000000000000000000000
000000000000000002320C00000E00A400420019800400015000003400000000
0000000000040000000000000000000000000000000000000000000000000000
000000000000000006001F80000000BE08000000000000000800000000000000
0000000000000000000000000080000004000000000000000000000000000000
0000000000000000041F0001700000FA00020100004020200800001800000000
00000000000000000184E080B2FF9B65004E003B801EE001B800007E00000000
000000000000000006DFD800000F00BF10020080800020001800007E00000000
C80000000000000007FFFF81FBFFFFFF103E000F8003E001F800007E00000000
000000000000000006E007808F8302FF00400000000400001800000000000000
0000000000000000012070010C14641300040001000002001800007200000000
000000000000000007FC1C001FFE01FF101E00078001A0003000007E00000000
C80000000000000001513180E3FD6CF8103E000F000F8002A000007600000000
800000000000000007FEFF81FFF813FF00000000000000001800000000000000
C80000000000000005F7FF007FFDFDEF101E000F8003E0003800007600000000
00000000000000000637E00001F0023710000000200008000800003400000000
0000000000000000000000000000000000000000000000000000000000000000
0000000000000000067C7C007000007D00000100005000000800000C00000000
0000000000000008000000000000000000000000000000000000000000000000
0000000000000000003810000000024000000400010000440800000A00000000
4800000000000000000204000010500000180004000380000000000200000000
00000000000000000600C0807FDFC1F510060000C00060001800007C00000000
0000000000000000000204000000000000000000200000000000000000000000
000000000000000006003E80000000FF08000000000000000800000000000000
0000000000000000000000000000000000000000000000000200000000000000
000000000000000007FFFF800103FFFF00000000000800001800000C00000000
0040000000000000000000000000000000000000000000000000000000000000
00000000000000000601FF819003FEFF00020000800420001800001E00000000
000000000000000000010800001088000080005C800000004000000200000000
00000000000000000616EB81DF4280DF00140004000000001800001C00000000
0000000000000000040800800700480A00E20040000800050800000200000000
000000000000000006FFF801DC00F8BF0032000C8003A000F800003C00000000
000000000000000003AD6F816ADD7FFE00020400818020401800005A00000000
A00000000000000007BF0181FFFFFFFF100600000000E0003800001C00000000
000000000000000000AD4300001620000000E000900008000000005000000000
000000000000000006000200084002CA00090003400020010000004400000000
0000000000000000020400004000844000000000812000180000002200000000
00000000000000000601FC003077F8FF0032000C80062000D800003E00000000
0000000000080000000000000000000000000000000000000000000000000000
000000000000000006003C00000000EC08000000000000000800000400000000
00000000000000000008000080B8000200010000000000100800000000000000
0000000000000000067FBC000B9080CD10020080800020080800003600000000
0000000000000000000000000400000080000000000000000000006000000000
0000000000000000007BFA008000029700000100004000500800000400000000
0000000000000000000000000000000000000000000000000000000000000000
00000000000000000601F000000005FD00024000F0006C003800003C00000000
0000000000000000000000000000000000000000000000000000020000000000
000000000000000007FEDF801FF3F6FF100A00238000E0003800005C00000000
0000000000000000000000002004000000800000002000030000000000000000
00000000000000000601E080000000FF00002000820002000800001C00000000
0000000000000000002308000018284000040000004040301000006000000000
0000000000000000020000800000000400010000080000000000000000000000
0000000000000000000000000000000000000000000000000200000000000000
00000000000000000601E000100006EF00020000A20028000800001400000000
280000000000000007FFF781FBFFFFFF103E002F8003E003F800007E00000000
000000000000000006001001987400DC001C0003C000E0005000007C00000000
0000000000000000002222004672C96200000080006000200800004000000000
8000000000000000060E0181DB8001FA00000020000460020000000400000000
08000000000000000037D00020E480000050000F000B80030000007200000000
000000000000000002000380000002F508000000000000001800000000000000
0000000000000800000000000000000000000000000000000000000000000000
0000000000000000021F00008E60003210020400810020400800000800000000
0000000000000000000000000000000000000000000000000200000000000000
80000000000000000792600138A602CF100000058001A0004800006C00000000
000000000000000007FFDF00E3AFFFFF10060039800BE003D800007E00000000
000000000000000007FE0781F193F3FF00000000000400001800000000000000
000000000000000007FFFF81FFFFFFFF101E00078000E0007800007E00000000
000000000000000000000000000000A000000800000005000000000000000000
0000000000000000100000000000000000000000000000000000000000000000
000000000000000006080001000002FF00000000000000800800000000000000
020000000000000000F840006094001000000000000020000800004000000000
0000000000000000021AE000700D80B100020080000020040000001A00000000
0800000000000000000000000000000000100000000300010000000000000000
0000000000000000020038000000009508000000000000000000000C00000000
000000000000000005B6E780E5FBF7FF002C001D000BE0006800007A00000000
000000000000000004C80000F12000E410C40010800020010800001C00000000
0000000000000000000000000000000010142004200100000000006000000000
0000000000000000049FD0000002004F10004001400034000800000600000000
0000000000000000000000000000000000000000000000000200000000000000
000000000000000007C01C01F00081BF0002C000800020000800001C00000000
0000000000000000000000000000000000000000000000000000000000000000
000000000000000006000001F80000FF08000000000000000800000000000000
0000000000000000000000000000000000000000000000000200000000000000
800000000000000007DC0001DFEFF6FB00240008000420011800004400000000
0000000000000000000000000100000004000000000000000000000000000000
000000000000000007FC0380000003FF00000000000000080800000000000000
880000000000000007DFFF81F2FFFFFF101E001F800BE002B000007E00000000
00000000000000000437F8001DEF807D10020000001020040800005C00000000
0000000000000000000000000000000000000000000000000000000000000000
0000000000000000061F00000000806700020110000020000000001800000000
0800000000000000000000000000000000080000000000000000000000000000
000000000000000004000000000F061201020000000060001000000400000000
880000000000000007FFFF81E7FFFFFF103E001F8003E000B800007E00000000
000000000000000002000000800000C2000000000C0008000000000800000000
0000000000000000000000000000000020000000000000000000000000000000
000000000000000007FFFF801FFFFEFF10020002800020001800007E00000000
0000000000000000000000000000000020000000000000010000000000000000
0000000000000000020001800000FFFE40000000000000000000000000000000
0000000000000000000000000000000000000000000000000000000000000000
000000000000000007D7E00030000FEA00020600010020400800003E00000000
0000000000000000000000000000000000000000000000000200000000000000
000000000000000007BFFF803D903FFF00000000000060001800001C00000000
0000000000000000000000000000000000000000000000000000000000000020
000000000000000007FFFF001FFFEEFF10060001800060003800007E00000000
480000000000000000000000000000000010000D000300018000000000000000
000000000000000006FA0381FC03FAFF00020000000020001800000000000000
0000004000000000000000000000000000000000000000000000000000000000
000000000000000007FFFC001FFFE2DF100200018000E0003800007E00000000
00000000000000000528088062F5487710000001808060201000006000000000
0000000000000000000000000000000000000000000000040000000000000000
000000000000000007FFF781FFFFFFFF003E000B8002E000F800007E00000000
0000000000000000060FF20001F206BF00000600010000400800003600000000
0000000000000000000000000000000000000000000000000000000000000010
00000000000000000601F8001067BEEB001E0007800170007800007C00000000
0000000000000000014845004364141400022000100002000800003200000000
0000000000000000070080008000072D0000C001B0002C001800003A00000000
000000000000000000A1020040F66F0400000400018000200000003000000000
000000000000000002784000000E00FF00020000020020000800001C00000000
0000000000000000000000000000000000000000000000000000000000000000
0000000000000000040180000000063E0002A000C8003A000000007800000000
0000000000000000000000000000000000000000000000000000000000000020
000000000000000000044080000004D900020300014000000800001000000000
0800000000000000004024814000100000020400010000000000004000000000
000000000000000007789F80015FE7FF00000000000400001800000C00000000
0000000000000000000000000020000000080000000100800000000000000000
A00000000000000007DC0301FFFFFFFF0004000000006000B800000000000000
0000000000000000000000000200000080000000000000000000000000000000
00000000000000000601F000804B00FF10024000980024000800007C00000000
080000000000000003E9F701A0FEF99F101C000F801BE001F800007E00000000
00000000000000000000C000002000F500000800100004000000004C00000000
0000000000000000000040000080000040000100000000000000000000000000
000000000000000006000780701FE6D70072001C000620011000002C00000000
0000000000000000000000000000000000000000000000000000000000000004
0000000000000000060FE00017F000FE10038000E00030000800007C00000000
0000000000000040000000000020000000000000000000000000000000000000
0000000000000000001020003040000000004000000024000800002000000000
080000000000000003EBF701F1E3793B101E00630002A002F800007E00000000
8000000000000000063FDF01DF1326FD00000004800020000800003E00000000
0000000000000000000000000000000000000000000000000000000000000000
0000000000000000040000001000000000023800080000000000000000000000
0000000000000000012280000A10604800000020006020100000000000000000
0000000000000000062DFC000E2000FF100600638010E0043000007C00000000
880000000000000003FFFF81F7FD7F7F103E001F000FC0037000007E00000000
0000000000000000040001810000007F08000000000000001000000000000000
0000000000000000000000000000000080000000000000000000000000000000
000000000000000006003001F00000FF00022000800020000800001C00000000
0000020000000000000000000000000000000000100000000000000000000000
000000000000000000004200100080FB0010005C0017200CC000001800000000
000000000000000000F5FD01B7FCBFFF103E0037801BC003F800007E00000000
0000000000000000004041800C00000600420000000040000000000000000000
0000000000040000000000000000000000000000000000000000000000000000
0000000000000000065E1F81D9DF2FFF000A0002000060003800007C00000000
0000000000000000000000000000000020000000000000000000000000000000
000000000000000006000000000002ED00000000000002400800000400000000
0000000000000000000000000000000000000000000000000000000000000200
000000000000000006003080400000F940000000000000000800000800000000
00000000000000000042408000B4240000000000180010000000000000000000
0000000000000000020009001803804000000040002000081000000C00000000
0000000000000000050A46001C88423101000000000000000800006000000000
00000000000000000600F8013F0382FD10000600010000000800007600000000
000000000000000007FDF781F379FEFF103E001F800FE003F800007E00000000
000000000000000007FFFF80000E01EF00020040801020040800003E00000000
00000000000000000001A4000210200000040003000000600000007200000000
A00000000000000007FC0001FFFFFFFF000600008004E0001800002000000000
880000000000000000243000020C000000060000800080000000004200000000
800000000000000007FFC001FF7FEFFF100600038000E0003800007C00000000
480000000000000004EF6B01F11779D8100C00038003E0023000007E00000000
000000000000000002003800000000FD08000000000000000000000000000000
0000100004000100000000000080001000000001000040000000000000000000
000000000000000006003F80086C008400380007800920021000001000000000
0000000000000000000000000000000080000000000000000000000000000000
000000000000000006800000000000FF08000000000000000800000000000000
0800000000000000000000000000000000000000000000000000000000000000
00000000000000000600BF8000009AFF00000000000000001800000C00000000
4800000000000000000000000000000000000000000000000000000000000000
000000000000000004000000000000F748000000000000000800000400000000
0000000000000000000000000000000000000000000000000000000000000000
0000000000000000020018000000000108000000000000000000000000000000
0000000000000000000000000000000000000000000000000000000000000000
000000000000010006000600880003FB00000000000000001000000000000000
0000000000000000000000000400000000000000080000800000000000000000
800000000000000007FE1381067BB7FF100000000000E0003800000C00000000
0000000000000000000000000000000000000000000000000000000000000000
00000000000000000200CA000000002200020022400820000000000000000000
0800000004000000000000000000000000000000000000000000000000000000
000000000000000002700400000580A500A0003C000500004800001C00000000
48000000000000000084400021090000003C000B8003A0026000005200000000
000000000000000004FBD000064E00BE10020101800060000800007C00000000
0000000000000000100000000000000000000000000000000000000000000000
040000000000000007803F80000087FF00000000000000001800000C00000000
0000000000000000000000000200000080000000000000000000000000000000
000000000000000002FFE000000000FF100201C0005020140800007E00000000
0000000004000000008020000020080000000008000000000000000000000000
000000000000000002001F800000005508000000000000000800000000000000
0000000000000000000000000000000000000000000000000000000000000002
800000000000000003CC0001CB67A3FF00000008000400010800000000000000
0000000000000000059095014034142400040000080000001000001A00000000
000000000000000007FFFF8001FBFFFF00000000000000001800000C00000000
0000000000000000000000002298080000000800000000000000002200000000
0000000000000000020A80008000000000002000800000000000000400000000
00000000040000000021800000E1900000000008002180114000000000000000
000000000000000007FE57800178F7FF00000000000800001800000400000000
C80000000000000005EF7F8063FCDDFF003E001F8003E000E800002E00000000
000000000000000007FFA180015401F500020000000000040800000E00000000
080000000000000000000280202038000018000280018000E000002000000000
00000000000000000238000002D000CE00010000800020010800005800000000
0000000000000000080000000000000000000000000000000000000000000000
A000000000000000068EC001FFFFFFFB000600010000E0013800005C00000000
0000000000000000000000000200000080000000000000000000000000000000
8000000000000000031000807E6AF7BF10040011800420001000004A00000000
0800000004000000000000000000000000000000000000000000000000000000
00000000000000000601DF000200DAF700030000E00038000800003E00000000
0000000000000000000A400020A4200010000001400002000000006200000000
800000000000000007FFE0011F2A06FF10060003800040003800007C00000000
0000000000000000000000000000000004000000000000000000000000000000
00000000000000000601F000000042BF00018000A4003A000000003C00000000
080000000000000007FF7581E37FFF7D101E00178007E007D800007E00000000
000000000000000004800000000000A402400000000400000000001000000000
0000000000000000000040002000000000000000000000800000000000000000
80000000000000000670C0014BC2234400020000000040010800003E00000000
0000000000000000000000000000000000000000000000000000000100000000
000000000000000006000381FE00FFFF00000200000060001800000000000000
0000000000000000000000000000000020000000000000000000000000000000
0000000000000000050A6400AAD22BDF10080002004080300800007600000000
800000000000000003EFFF8195C3F7FF0076001B8007E001B800004E00000000
000000000000000007AFF781F2F5FFFF100E00038000E0003800007E00000000
A00000000000000007FEFF81FFBF7FFF00020100804060000800007600000000
080000000000000007A07781C3C773EF101400068003C000F800007200000000
1000000000000000000000000000000000000000000000000000000000000000
080000000000000006F87780F3637FEF100E00060000E0006800006A00000000
0000000000000000000000000000000000000000000000000000010000000000
000000000000000007B0668092322AFF00420100801860071800007E00000000
0000000000000000000000000000000000000000000000000000000000000000
000000000000000001630000422820F400040000900040000800004800000000
0000000000000000000000000000000000000000000000000000000100000000
000000000000000002004000020048BE30020000000000000000007E00000000
80000000000000000421C80000500F7F100E040D010020003800005C00000000
080000000000000003F5258120C34C0510000001000020000000006600000000
0000000000000000000000000000000000000000000000000000000001000000
0000000000000000020C0000A0000150102001B8006C00120000002000000000
0000000000000000000000000000000000000000000000000200000000000000
0800000000000000000001004160008000000000000C00020000004000000000
0000000000000000000000000000000000000000000000000000000000200000
000000000000000002000100800202B9B0000000000000000800007600000000
0000000400000000000000000000000000000000000000000000000000000000
000000000000000002006001490040E310010000000008000800000600000000
0000000000000000000000000000000000000000000000000000000000000000
0000000000000000074E550060F9C6FD1000038000A000200800007E00000000
0000000000000000000000000000000000000000000000000000000000000000
0000000000000000000000000000000080000000000000000000000000000000
800000000000000001E3E9018D40187A002800188006A0018800003C00000000
000000000000000007FCE58179F5D6FD10020000000000000800005E00000000
A00000000000000007FFFF81FFFFFFFF102E000F8003E001F800007E00000000
0000000000000000020020004000008030000000800000000000004000000000
0000000000000000000000000000000000000000000000000000000000000000
0000000000000000020000804208088300000C00030000000800001A00000000
A00000000000000007FFFF81FFFFFFFF103E001F8007E001F800007E00000000
080000000000000004C4078021101CB71004001400000001B800002800000000
0000000000000000000000000000000000000000000000000000000000000800
00000000000000000739A50130EEF3DF10000080802000080000007600000000
A80000000000000007FEFF01FFFFFFFF107E001B8007E001F800007E00000000
00000000000000000722E601127448F710020601800060200800007600000000
0000000000000000000000000000000000000000000000000000000000800000
0000000000000000070F04005161C4FD001200448011200CC000007A00000000
0000000000000000000000000000000000000000000000000000000000000000
0000000000000000072B3F80E2EA6BFF101C000D8001E0006000007E00000000
0000000000000000000000000000000000000000000000000000000000000000
080000000000000003080300CD9018E400100014000000000000000E00000000
A0000000000000000000000008000C0400000000000020800000000000000000
0000000000000000000780000802089210000000040001000000000000000000
A000000000000000000000000000000000000000000000000000000000000000
0000000000000000020000000000000020000100000000000000000000000000
0000000000000000000000000000000000000000000000000000008000000000
00000000000000000000000000000000A0000000000000000000000000000000
0000000000000000000000000000000000000000000000000000000080000000
000000000000000007E7C701107470FF10000400010004000800007E00000000
0000000000000000000000000000000000000000000000000000000000000000
0000000000000000021000008000000010100180000600008000000000000000
A00000000000000007FFFF81FFFFFF7F100E00058008E0041800007E00000000
0000000000000000020900810806188400000000000026000000005000000000
0000000000000000000000000000000000000000000000000000000000000080
0000000000000000020100000000000410000340010200000000000000000000
0000000000000000000000000000000000000000000000000000000000000080
0000000000000000062A240021804AA21000018C002200180000005600000000
C00000000000000005FEFC01DFE0A67F102E003F800FA003F800006E00000000
0000000000000000020000000800008580002000080002000000000000000000
1000000000000000000000000000000000000000000000000000000000000000
000000000000000007200000488402A010030040000030000000004000000000
0000000000000000000000000000000000000000000000000000000040000000
0000000000000000070204000040405B10002000008000200800004E00000000
0000000000000000000000080000000000000000000000000000000000000000
00000000000000000327440142657CED10000000800000000800006E00000000
0000000000000000000000000000000000000000000000000000000000000080
0000000000000000064B058060A849DB00020000018020400800005E00000000
0100000000000000000000000000000000000000000000000000000000000000
000000000000000004232080491844E710000000100008000000006600000000
800000000000000006FCBE01FFF7E3FF100604018000E0007800007E00000000
000000000000000000040000082000E150000000000000800000002A00000000
0000000000000000400000000000000000000000000000000000000000000000
000000000000000007E79500A5FA72EF1010001C000F0003D000007600000000
0000000000000000000000000000000000000000000000000000000000000000
00000000000000000202500029D0C0801050001C000000037000002800000000
0000000000000000000000000000000000000000000000000000000100000000
000000000000000002004001000008A130000000000000000000004800000000
1000000000000000000000000000000000000000000000000000000000000000
080000000000000003C0468130F0301610020003000840003800001E00000000
8000100004000100000100000400002000000000000200040000000000000000
0800000000000000031837016580D6E0100C0000000100010000001200000000
A00000000000000007FFFF81FFFFFFFF001600078000E0017800003E00000000
0000000000000000072AC601086000D710003000040003000800006C00000000
0000000000000000000000000000000000000000000000000200000000000000
000000000000000004A5620048F8A4CA10100018001100059800002200000000
1000000000000000000000000000000000000000000000000000000000000000
0800000000000000028424007044442110320000001480000000000000000000
1000000000000000000000000000000000000000000000000000000000000000
0000000000000000070CC100206882CA10000000000001000800007E00000000
0000000000000000000000000000000000000000000000000000008000000000
000000000000000006008101208A71B210100008003320081800003E00000000
0000000000000000000000000000000000000000000000000000000100000000
000000000000000002000000000000D080000000000020000000000000000000
0000000000000000000000000000000000000000000000000200000000000000
00000000000000000520140011A162EA101E0045801F000CE800006200000000
0000000000000000000000000000000000000000000000000000000000000000
000000000000000007EB7780C2B94FFF10020004800320005800007E00000000
0000000000000000000000000000000000000000000000000000040000000000
0000000000000000020040803140432210000000800004000000001000000000
2080000000000000000000000000000000000000000000000000000000000000
0800000000000000063C700161F3B7E31006000E000100003000001A00000000
0000000000000000000000000000000000000000000000000000000000000000
00000000000000000204048162806AC710000000000000500800006400000000
0000000000000000000000000000000000000000000000000000048000000000
000000000000000006480080738B66DD101C0022800DE0026800003200000000
0000000000000000000000000000000000000000000000000000000000000000
000000000000000000000081400008C040000100000000000000007000000000
0000000000010000000000000000000000000000000000000000000000000000
0000000000000000054C360162FA77FF1012000680016000C800007E00000000
0000100008000000000920000000000200000000000000000000001000000000
080000000000000003E7108175E834C0101C000900030000B000001A00000000
0000000000000000000000000000000000000000000000000000000000000080
000000000000000006000200401104A730000000800000000800006A00000000
0000000000000000000000000000000000000000000000000000000008000000
000000000000000007000400106040F630000000800020000800006E00000000
0000000000000000000000000000000000000000000000000000000000000000
000000000000000006804200401102EF50000000000000000000007E00000000
0000000008000000000000000000000000000000000000000000000000000000
08000000000000000200000160C8800210080002000000002000001000000000
A00000000000000007DFFF81DF5FFFFF100E02038080E0003800007E00000000
080000000000000003000100B188049000060001000880000000002800000000
A80000000000000007FFBF81FFFFFFFF10060001800060001800007E00000000
00000000000000000726C5006439D2AD10020600818020600800002E00000000
0000000000000000000000000000000000000000000000000000000000000000
000000000000000006483000424B45F61016001F0011E007F800005E00000000
0000000000000000000000000000000000000000000000000000000020000000
00000000000000000332048093AA48A8100000380026000B8800006600000000
0000000000000000000000000000000000000000000000000000000008000000
00000000000000000228A280000410D000032000000010000800003000000000
1000000000000000000000000000000000000000000000000000000000000000
00000000000000000241010002082850000000001A0004000000003200000000
A00000000000000007BFFF81FFEFFFFF102E001F8007C001F800007E00000000
00000000000000000008000008000008000060000C0004000000002800000000
1000000000000000000000000000000000000000000000000000000000000000
000000000000000003000401182010980000C000900030000000000C00000000
800000000000000002041E80DB002F49002200E98038000F8000002000000000
0000000000000000061241008982139710000000180000000800003800000000
0000000000000000000000000000000000000000000000000000008000000000
080000000000000002C90700F178F2FB100E000D800360009000007E00000000
0000000000000000000000000000000000000000000000000200000000000000
000000000000000002AE268027D9ABE210030000800020000000007E00000000
C00000000000000007FFBF81FBFFBDFF103E001F8007E001F800007E00000000
000000000000000006040000400080FB30000000800020000800006E00000000
0000000000000000000000000000000000000000000000000000000000000000
C80000000000000005D31C00209A124F101A0006000100001000004000000000
800000000000000007CFFD81FFF7BFFF102E00198003E001F800003E00000000
0000000000000000063CE08122E6ABFF11000040001000040800000600000000
0000000000000000000000000000000000000000000000000000010000000000
000000000000000006442080624A8BFF10020300018020600800005E00000000
8000000000000000075FFB01DFF42FEF10060201800020801800003E00000000
0000000000000000077FED81F6FFFBFF100600018000E0001800007E00000000
0000000000000000000000000000000000000000000000000200000000000000
000000000000000006A302002258A9AF10020048800300006000001600000000
A00000000000000007FFFF81FFFFFFFF103E001F8003E001F800007E00000000
0000000000000000028046810800A00210006000100004000800000000000000
0000000000000000000000000000000000000000000000000000000000000008
0000000000000000079AB781FFBBFFEF10060001800060003800007E00000000
0000000000000000000000000000000000000000000000000000000100000000
000000000000000006D6F300451A57DF1010005C001F0005C000007600000000
0000000000000000000000000000000000000000000000000000000100000000
000000000000000007FFF701F57FF7FF100600018000E0001800007E00000000
E00000000000000006109A819D1126B400240014000260008000002000000000
0000000000000000072504802370CCFB1000004C000200040800005E00000000
0000000000010000000000000000000000000000000000000000000000000000
00000000000000000724D0816304BE7F00020100802000300800007E00000000
0000000000000000000000000000000000000000000000000000010000000000
00000000000000000020000000000080D0000000000000000000000400000000
8000000000000000000080000000046A00004000100000001000004400000000
000000000000000002000000000000A8B0000000000000000000001000000000
A00000000000000000001801A610A44000000000000000000000000000000000
00000000000000000200000000000000C0000000000000000000000000000000
800000000000000005EEF000007DFF3F1006030180C0E0003800006C00000000
0000000000000000020060002000584000000002000088001000000600000000
0000000000000000000000000000000000000000000000000000000100000000
0000000000000000040000000000008080000000000000000800000400000000
0000000000000000000000000000000000000000000000000000020000000000
000000000000000006A087011C7090F310000000000004000800007E00000000
0000000000000000000000000000000000000000000000000000008000000000
000000000000000006A0228182D468AF10024000100004000800007E00000000
800000000000000005EFC50000040675010000C1803060041800006E00000000
000000000000000007205480B3A46BEA10100001800A00021800005E00000000
1000000000000000000000000000000000000000000000000000000000000000
0000000000000000000000000000000090020000000000000000000000000000
0000000000000000000000000000000000000000000000000000000000000000
000000000000000002820200081060FB30020000000000000800004800000000
A00000000000000007FFFF81FFFFFFFF103E001F8007E001F800007E00000000
00000000000000000562418060A0053610000000200028000000002200000000
1000000000000000000000000000000000000000000000000000000000000000
000000000000000007270000246082EF00000100006000320800007E00000000
A80000000000000007FFFF81FFFFFFFF103E000F8007E001F800007E00000000
0000000000000000022204010040089510005000140007000000004E00000000
800000000000000007FFFF81FFFFFFFF107E001F8007E001F800007E00000000
000000000000000004004000000240F830020000000000000800007600000000
0000000000000000000000000000000000000000000000000000040000000000
000000000000000000242680A2F76BD710740019800A60039800003C00000000
0000000000000000000000000000000000000000000000000000028000000000
0000000000000000031760005170E6FF00020201808020200800003E00000000
0000000000000000000000000000000000000000000000000000000000000000
000000000000000006404101E48A13B400038000600018000800003E00000000
1000000000000000000000000000000000000000000000000000000000000000
0000000000000000020000014001108810038000080028000000006000000000
0000000000000000000000000000000000000000000000000000000000000000
00000000000000000200000000000000C0000000000000000000000000000000
1000000000000000000000000000000000000000000000000000000000000000
0000000000000000063AB0006217D5FD101E001080046000A800000E00000000
0000000008000000000000000000000000000000000000000000000000000000
080000000000000003C83780A218FFF8101A0007000180006800007600000000
0000000000000000000000000000000000000000000000000000008000000000
0000000000000000020005000000008110001000000002900000004000000000
0000000000000000000000000000000000000000000000000200000000000000
000000000000000000130000A1E392B510020000A00020000000006A00000000
8000000000000000000008000000001A00008000100000001000000000000000
0000000000000000014001000068008530000000000000000800007800000000
1000000000000000000000000000000000000000000000000000000000000000
000000000000000007FFF780A3FEFFDF100E00038000C0003000007A00000000
0000000000000000000000000000000000000000000000000200000000000000
000000000000000004000000000000C0F0000000000000000000006800000000
1000000000000000000000000000000000000000000000000000000000000000
0000000000000000028002800A80229040000000000000000000000000000000
800000000000000006EFAF015E7FA75F006E001F0007E001F800007C00000000
00000000000000000000000000000000A0000000000000000000000000000000
0000000000000000000000000000000000000000000000000000000020000000
000000000000000006200101461000CF50000000000000000000005E00000000
A0000000000000000081C80024002813000200010000C0000000000000000000
0000000000000000026001010008018010000000000002002800002800000000
1000000000000000000000000000000000000000000000000000000000000000
0000000000000000000000000402408010000800040002800800001000000000
0000000000000000000000000000000000000000000000000000000000000000
0800000000000000072031800200DC9A10040008000B80006800005400000000
0000000000000000000000000000000000000000000000000000020000000000
000000000000000007BEFE81E3975BBD100E000B8003E000B800007E00000000
0000000000000000000000000000000000000000000000000000010000000000
000000000000000007626D80B2FADBFF101C000B8003E000E800007E00000000
0000000000000000000000000000000000000000000000000000000040000000
000000000000000006006080828009DF30020000000020000800007E00000000
1000000000000000000000000000000000000000000000000000000000000000
000000000000000007204400424520C31002060081C020100000005600000000
0000000000000000000000100000000000000000000000000000000000000000
08000000000000000100018021B031DC00100014000E00008000004C00000000
A000000000000000000000000000000000000000000000000000000000000000
080000000000000003400000A2C00000000A0002000000022000003200000000
8000000000000000040E1B00D201015200050003400010000800001A00000000
000000000000000003DC3780EBFA35EF10160004800060001800005A00000000
00000000000000000504BA0000140217000401400060600C1800002000000000
00000000000000000620200100C413D1000A00038000C8003800006400000000
0000000000000000000000000000000000000000000000000000000000000000
0800000000000000020009800001188010080006000080010800006000000000
0000000000000000000000000000000000000000000000000000000000000000
080000000000000003AC7781B3CEE78010060002000000001000007A00000000
0000000000040000000000000000000000000000000000000000000000000000
00000000000000000700400040A002FF30020000800020000800007E00000000
A00000000000000007FFFF81FFFFFFFF103E000F8003E001F800007E00000000
000000000000000007AFFE81FBF6EFFF10060000800040001800007E00000000
0000000000000400000000000000000000000000000000000000000000000000
0000000000000000064141000C0820FFD0000000800000000800007E00000000
0000000000000000000000100000000000000000000000000000000000000000
0000000000000000074B57003DDA36BF10020000800020000800007E00000000
0000000000000000400000000000000000000000000000000000000000000000
00000000000000000340170001C856FD10860031800860021800007E00000000
1000000000000000000000000000000000000000000000000000000000000000
00000000000000000764110165C940FF10620038800C60009800006E00000000
0000000000000000000000000000000000000000000000000000000000000000
000000000000000000405401350254B010020014800140070000000000000000
0000000000000000000000000000000000000000000000000000010000000000
000000000000000007FFE781BAFEFBFF100E000E80004000F800005C00000000
0000000000000000000000000000000000000000000000000000000000000000
00000000000000000665C301AC80B3FF10820060800000040800007E00000000
0000000000000000000000000000000000000000000000000000000000000080
00000000000000000720048012884BDD10080040804080148000003600000000
0000000000000000000000000000000000000000000000000000000000000000
000000000000000003133E0120C6478C000A0016800580002000007600000000
0000000000000000000000000000000000000000000000000000000100000000
080000000000000003344180A28028041030000C000200008000002A00000000
A00000000000000004005201103FB97D00000000400010000000003000000000
000000000000000002424001044410EF0003E00010002C000800001A00000000
1000000000000000000000000000000000000000000000000000000000000000
0000000000000000000000000000000080000000000000000000000000000000
0000000000000000000000000000000000000000000000000000008000000000
000000000000000002126400914248D610010000010000000000003800000000
0000000000000000000000000000000000000000000000000000000000000000
000000000000000003AE178062F53EBD101800160003A000F800007E00000000
0000000000000000000000000000000000000000000000000000000000000080
0000000000000000077FD581F7FF9FDB100600018000E0001800007A00000000
0000000000000000000000000000000000000000000000000000000000000000
0000000000000000074025004D49C6FD00010001800050001000005400000000
A000000000000000000889001041801700000001020020000800001400000000
0800000000000000022647816524BCAF101E00040001C000E000003E00000000
0000000000000000000000000000000000000000000000000000000000000000
000000000000000007222C802092C7DE00020000810000600800007800000000
0000000000000000000000000000000000000000000000000000010000000000
00000000000000000308248140A56784101A004F8010A0049800007400000000
0000000000000000000000000000000000000000000000000000000100000000
0000000000000000072C4581014E40F610000700018000600800003C00000000
1000000000000000000000000000000000000000000000000000000000000000
00000000000000000768658042EA68BB1000030000C000100000006A00000000
0000000000000000000000000000000000000000000000000000000000000000
000000000000000000002080424000A850000000080002000000000400000000
1000000000000000000000400000000000000000000000000000000000000000
0000000000000000000000000000000080000000000000000000000000000000
A00000000000000007FFFB81DFFFDFFF000602038000E0001800007E00000000
000000000000000003844300005880A500000000820000001800004200000000
0000000000000000000000000000000000000000000000000000000000000000
000000000000000007491400524A2A7800020300014000300800003A00000000
80000000000000000404D7009020063B10260404800160009800005E00000000
000000000000000002028180A6800F2D10060028000820008000001000000000
8000000000000000000000000000000008000000000000000000000000000000
00000000000000000681010048E0818000001000000000000800000200000000
0000000000000000000000000000000000000000000000000000010000000000
0000000000000000062A40010004439F10020000880002000800006E00000000
0000000000000000000000000000000000000000000000000000008000000000
0000000000000000066F038024C8A3FB12020080000000000800007E00000000
0000000000000000000000000000000000000000000000000200000000000000
000000000000000006014800208021E230000000000000000800005200000000
0000000000000000000000000000000000000000000000000000000000000000
00000000000000000200400000000082B0000000800000000000004200000000
0000000000000000000000000000000000000000000000000000020000000000
000000000000000006020000000840A630000000010000400000006200000000
0000000000000000000000000000000000000000000000000000000000000100
08000000000000000460A0809373A1E20000000A8000C0006800002800000000
0000000000000000000000000000000000000000000000000000000100000000
000000000000000006004080020008FF30000000000000000800007A00000000
8000000000000000040000008400020100040800800000800800001C00000000
080000000000000000000501A020008010180006001100004000000000000000
0000000000000000000000000000000000000000000000000000000080000000
000000000000000003E3A78101FC4F7F00030000800000000800007C00000000
0000000000000000000000000000000000000000000000000000040000000000
000000000000000006004100048801E730020000000000000800007600000000
0000000000000000000000000000000000000000000000000000000000000080
000000000000000002004000000010A730000000820000000800007E00000000
0000000000000000000000000000000000000000000000000000000020000000
0000000000000000029B0200891324CF10000300008800020000007A00000000
1000000000000000000000000000000000000000000000000000000000000000
0000000000000000070460006088819910000800020000800000006E00000000
80000000000000000400210006F5022300C00030800020000000004200000000
00000000000000000200000008C1000010002000080001000000003000000000
A00000000000000007FFFF81FDFFFFFF1026000B80036001F800007E00000000
0000000000000000042640815252400810000400000000400800000800000000
8000000000000000000000000000000000000000000000000000000000000000
00000000000000000200000000000080C0000000000000000000000000000000
0000000000000000000000000000000000000000000000000000010000000000
000000000000000006400200080050E800020003980084003800000600000000
0000000000000000000000000000000000000000000000000000000020000000
000000000000000002000000000000F090000000800000000000006A00000000
0000000400000000000000000000000000000000000000000000000000000000
000000000000000002A506006079A6FA10100044001000048800007E00000000
800000000000000007FFFF81FFFF77FF103E001F8007E001F800007E00000000
0000000000000000031E360051D0011810020100800020200000007200000000
0000000000000000000000000000000000000000000000000080000000000000
000000000000000002AC0380AA9E8B9110000700018000600800000C00000000
800000000000000007FD0001FFFD27FF006600198007E0011800007E00000000
00000000000000000000000000000000A0000000000000000000000000000000
0000000000000000000000000000000000000000000000000000000000000080
000000000000000007220081124408C350000000000000000800004800000000
1000000000000000000000000000000000000000000000000000000000000000
000000000000000002100200808200C030000000800000000000001000000000
0000000000000000000000000000000000000000000000000000000080000000
000000000000000006DC6A816392C7FF101400048003E000C800007E00000000
800000000000000007B7FF800A0007FD002200FD802F2005F800006E00000000
000000000000000002A17080421848AF1012004080032000C800007C00000000
0000000000000000000000000000000000000000000000000000000000000000
0000000000000000030804010001008010001800000003000000000C00000000
A80000000000000007FFFF81FFFFFFFF103E001F8007E001F800007E00000000
0800000000000000028825017118310610180006000D00004000004400000000
8000000000000000000020000000040000004000F00020000000000000000000
000000000000000004A01080830208A310010020000800030800005E00000000
0000000000000000000000000000000000000000000000000000040000000000
000000000000000006B3B381A29EFEFF10100074001E00079800007E00000000
A080000000000000000000000000000000000000000000000000000000000000
00000000000000000049DD016569D0F5101C000D80022000E800002E00000000
0000000000000000000000000000000000000000000000000000000000000080
000000000000000001A00000C28032020080006000090002C000000A00000000
1000000000000000000000000000000000000000000000000000000000000000
000000000000000007206681B2DAE9FB10000180006200180000004E00000000
A000000000000000070FEB00EFD7F7F7100A00018040A0001800007E00000000
00000000000000000608100048012CB550000000000020000000002C00000000
0000000000000000000000200000000000000000000000000000000000000000
0000000000000000030000008162009330020000000000000000006000000000
8000000000000000010094009020017F00460021801400071800002600000000
0000000000000000060000000000008090000000800000000000004000000000
0000000000000001000000000000000000000000000000000000000000000000
000000000000000006EB2180C26908D910018000E00030000000006E00000000
A00000000000020005FFFF8017FEA7BF000C0001800220011800005A00000000
0000000000000000060000000000008090000000000000000000006000000000
0000000000000000000000000000000000000000000000000000000000000000
0000000000000000074C11001168C4F710000004810000404800006E00000000
A00000000000000004DFFF80FFFFDFFF106E000F8004E0017800005E00000000
00000000000000000000808122049089100A0180804080100800006800000000
0000000000000000000000000000000000000000000000000000000000001000
00000000000000000600000000000086B0000000000000000000002000000000
A00000000000000007FFFF017FFFFFFF103E001F8007E001F800007E00000000
000000000000000001004001000410E210002200008000000000000800000000
0000000000000000000000000000000000000000000000000200000000000000
0000000000000000067E5C01F1EBC5FC003A000400012000E800007E00000000
1000000000000000000000000000000000000000000000000000000000000000
0000000000000000045A3400D1C267FD10030003800060006800006E00000000
A00000000000000007FFFF81FFFFFFFF103E001F8007E001F800007E00000000
00000000000000000068A180020404A91002000080002C000800007600000000
0000000000000000000000000000000000000000000000000000000000800000
0000000000000000020200004000008040000000000000000000004E00000000
0000000000000000000000000000000000000000000000000000000080000000
0800000000000000020000010000000000000000000000400000004000000000
A000000000000000005EFC01F8F7E1FF00060023801060007800002800000000
000000000000000007224201151A50F800300008000E60027000004C00000000
0000000000000000000000000000000000000000000000000000000000000000
000000000000000005494001464578BF10020400800000001800005A00000000
1000000000000000000000000000000000000000000000000000000000000000
00000000000000000200000000000084A0000000000000000000000000000000
0000000000000000000000000000000000000000000000000000000000000080
000000000000000007B7778173F6DEFF100600038000C0001800007E00000000
0000000000004000000000000000000000000000000000000000000000000000
00000000000000000712040000E2428714020000004000000000006400000000
1000000000000000000000000000000000000000000000000000000000000000
000000000000000001100500B0EAE20D10080182802080102000007800000000
A00000000000000007F3E201D66FFF7D002600098004E0001800007E00000000
0000000000000000020000000800809100001020000000000000003000000000
0000000000000000000000000000000000000000000000000200000000000000
0800000000000000050002001028638000120028000700061000004E00000000
A00000000000000007B6FE81FFFFFFFF103E000F800FE0017800007E00000000
000000000000000007B7C3812618B8FF10100034000F0003D000003C00000000
0000000000000000000000000000000000000000000000000200000000000000
0000000000000000072C5C0130C454F910000060800820001800005C00000000
1000000000000000000000000000000000000000000000000000000000000000
0000000000000000060821000401002010001800060003C00000001200000000
0000000000000000000000000000000000000000000000000200000000000000
0000000000000000060A00000000009610020400000008000800004C00000000
1000000000000000000000000000000000000000000000000000000000000000
0000000000000000035D610068B973DC10000400010000400000005E00000000
0000000000000000000000000000000000000000000000000000020000000000
080000000000000003622481410880B01030000C000600000800006600000000
0000000000000000000000000000000000000000000000000000000000000000
0000000000000000077FED0131ACF7FF0018000580036000D800005E00000000
0000000000000000000000000000000000000000000000000000000000000000
000000000000000007ABC401189473FC100A0070000C40033800003E00000000
0000000000000000000000000000000000000000000000000000000000000000
000000000000000007BBD48149717CFD00000400010000400800005E00000000
0000000000000000000000000000000000000000000000000000000000001000
000000000000000006004000010004DB30000800800000000800007E00000000
0000000000000000000000000000000000000000000000000000000100000000
0000000000000000000000000000008080000000000000000000000000000000
0000000000000000000000000000000000000000000000000200000000000000
000000000000000007FAE781F3BF5FFF10060001C000F0001800007E00000000
0000000000000000000000000000000000000000000000000000010000000000
0000000000000000060040004010020B30000000800000000800005600000000
0000000000000000000000000000000000000000000000000000000000000080
000000000000000003B76F81388A4BCF100E000E8003E000F800007600000000
0000000000000000000000000000000000000000000000000000010000000000
0000000000000000020C4000018004AF1002C000000020000000005800000000
1000000000000000000000000000000000000000000000000000000000000000
00000000000000000604A5004940046910018000000020000000004E00000000
A00000000000000004F5D8817F3E777710040033000820036800003A00000000
000000000000000007CD6700D878EAFF10020000800020100800007E00000000
840000000000000000435E81886295FD10160005800160003800003800000000
000000000000000004D90B0024D9450810000000800000029000004200000000
0000000000000000000000000000000000000000000000000000000000000000
00000000000000000509000108E810B300002000000001000800004C00000000
0000100008000000000000000000000000000000000000000000000000000000
00000000000000000675F001A38A13FF1002001D8005E003C800007E00000000
1000000000000000000000000000000000000000000000000000000000000000
00000000000000000200000000000080F0000000000000000000000000000000
0000000000000000000000000000000000000000000000000000000020000000
080000000000000002000200000000220000001000080006D000000000000000
0000000000000000000000000000000000000000000000000000000000000080
0000000000000000020060002210498301600040000000000000002600000000
0000000000010000000000000000000000000000000000000000000000000000
0800000000000000020000004000000000000046000180000000000000000000
800000000000000007FFBA81BD7A6F7F000606018100E0401800007E00000000
000000000000000007F76F81B6EAFBFF100600008000E0003800007E00000000
A00000000000000007FDFE81FFFFFFFF10060601804060401800005C00000000
000000000000000007EFFF8162FDF7BF100E00078001E000D800007600000000
A00000000000000007FFFF81FFFFFFFF100601008040A0101800007E00000000
000000000000000006EF6100A09AA1FD1000078001A000600800007E00000000
0000000000000000000000000000000000000000000000000000000000000000
000000000000000007212480A3EECBFF101A007C001DC0063800003E00000000
A00000000000000007FFFF81FFFFFFFF102E001F8007E001F800007E00000000
000000000000000007E7EF81BBFEFBFF10020001800140001800007E00000000
0000000000000000000000000000000000000000000000000000040000000000
0000000000000000024008000888617B100E0000000064003800007E00000000
0000000000000000000000000000000000000000000000000000000000000000
00000000000000000764790164E897F910020080800020180800007E00000000
1000000000000000000000000000000000000000000000000000000000000000
0000000000000000020000000000000080000000000000000000000000000000
0000000000000000000000000000000000000000000000000000000000000002
000000000000000007777A0171CFF3EF100E00018001E0003800002E00000000
0000000000000000000000000000000000000000000000000000000100000000
0000000000000000020000000000000080000000000000000000000000000000
0000000000000000000000000000000000000000000000000200000000000000
000000000000000004840201011014A010000000000000C00000000C00000000
0000000000000000000000000000000000000000000000000000008000000000
0000000000000000062220802284A9D510004000100000001000006E00000000
0000000000000000000000000000000000000000000000000000000100000000
00000000000000000200408048C010881000000000000C000000006400000000
0000000000000000000000000000000000000000000000000000000000000080
00000000000000000000000000000000F0000000000000000000000000000000
1000000000000000000000000000000000000000000000000000000000000000
0000000000000000072D648040A503F510020400008000400800002E00000000
0000000000000000000000000000000000000000000000000000000080000000
080000000000000003202000918002C0001A005B000C00005000000000000000
0000000000000000000000000000000000000000000000000000040000000000
000000000000000002040000020008B950020100800020100800000A00000000
800000000000000000C1F7005C179EAB00050001400050001800003600000000
00000000000000000298000020924180000002C0008000284000002200000000
E00000000000000005FFAB009C7376FF10260009800360019800003E00000000
000000000000000006840200000000DF30000000800000000800006E00000000
A000000000000000000000000000000000000000000000000000000000000000
080000000000000006C022009158006B00100005800280033000005200000000
0000000000000000000000000000000000000000000000000200000000000000
000000000000000007002000804044AA10031000E0003E000000006A00000000
800000000000000007FFFF81FFFE8FDF107E001E8007E001F800007E00000000
000000000000000003200000410450010001E00010003A000000001200000000
0000000000000000000000000000000000000000000000000000020000000000
0000000000000000021D4200488181B210000180012000680000004C00000000
A00000000000000007FFFF81FFFFFFFF102E001B8006E001D800007E00000000
0000000000000000034601006482008210000080000000089000001000000000
0000000000000000000000000000000000000000000000000200000000000000
00000000000000000339F480F70735E1100400018000C0001800003600000000
0000000000000000000000000000000000000000000000000000000000000000
000000000000000002000000200A0080101001AC004C003B0000000000000000
0000000000000000000000000000000000000000000000000000000000000000
000000000000000007C85700551334AD10070001400030000800007E00000000
800000000000000007FEFE01FFE01FFF1002028180E060201800006600000000
00000000000000000200000000000080B0000000800000000000000000000000
1000000000000000000000000000000000000000000000000000000000000000
000000000000000007FEFE81F3FBFFFF10060003800060003800007E00000000
0000000000000000000000000000000000000000000000000000040000000000
000000000000000007EDC5013CFEF3FF10000000000000401800007E00000000
800000000000000005CFFF81FFBE1FFF1006020180C020401800007E00000000
080000000000000003843381316C3EB51018000C000180000800005200000000
8000000000000000000000000000000000000000880000000000000000000000
000000000000000006A000000810208010000000000004100000004E00000000
0000000000000000000000000000000000000000000000000000000100000000
0000000000000000000000000000008080000000000000000000000200000000
0000000000000000000000000000000000000000000000000100000000000000
0000000000000000060A04810664404100004000080002000000000400000000
0000000000000000000000000000000000000000000000000200000000000000
0000000000000000001021808002088012000200008000200000004200000000
0000000000000000000000000000000000000000000000000000000000000000
000000000000000006602181228C5BB3000001E00000000C0800002E00000000
0000000000000600000000000000000000000000000000000000000000000000
00000000000000000200E000448010F930000000000020000800002E00000000
0000000000000000000000000000000000000000000000000000000040000000
0000000000000000060048000090018E30000000000000000800005C00000000
0000000000000000000000000000000000000000000000000000000000000000
000000000000000003592300A89BB9E410100020000000000000001400000000
800000000000000007EFFF81FF7FBBFF10060081005060001800007C00000000
00000000000000000768150160EDE793101E000F8003E001D800007C00000000
0000000000000000000000000000000000000000000000000000000100000000
00000000000000000798348083F345FF1036001C800F0003D800007E00000000
0000000000000000000000000000000000000000000000000000000000200000
00000000000000000200000000000098C0000000000000000800002000000000
80000000000000000424A8810800042500000001005020180800000000000000
00000000000000000320E081020493DF10001000040002000800007600000000
0000000000000000000000000000000000000000000000000008000000000000
000000000000000006F4778167F7DEFF10000008000020003800007E00000000
E00000000000000007FFFF81DFFFFFFF103E000B8007E001F800007E00000000
0000000000000000067B5180C39B2FFF100E00038080E0003800007E00000000
0000000000000000000000000000000000000000000000000000000000000000
00000000000000000767FD8122ECFFFF10020000800020200800007600000000
0010000000000000000000000000000000000000000000000000000000000000
0000000000000000071FE700954A74F710000000808020200800007C00000000
1000000000000000000000000000000000000000000000000000000000000000
0000000000000000002C20816990869010010000000000002800004E00000000
0000000000000000000000000000000000000000000000000000000000000080
0000000000000000072EE481B2E65ABE10020180004000100800007E00000000
0000000000000000000000000000000000000000000000000000000000000000
000000000000000000810100008813F000000000C08000000000004000000000
8200000000000000000000000000000000000000000000000000000000000000
00000000000000000643080001B2F376005E001800186005D800001E00000000
0000000000000000000000000000000000000000000000000000000040000000
000000000000000007B2A481F333CCFF10000020800800000800007E00000000
0000000000000000000000000000000000000000000000000000000000000000
00000000000000000000000000000000A0000000000000000000000000000000
0000000000000000000000000000000000000000000000000000000100000000
00000000000000000000000000000000A0000000000000000000000000000000
0000000000000000000000000000000000000000000000000000040000000000
000000000000000006A207805260481E10018000000008000000001A00000000
0000000000000000000000000000000000000000000000000200000000000000
000000000000000007A06281A113CC9D1030000C000300008800006400000000
0000000000000000000000000000000000000000000000000000000000000080
000000000000000006405100410016C950000000000000000800003E00000000
0000000000000000000000000000000000000000000000000000000000000000
0000000000000000000000000000000080000000000000000000000000000000
0000000000000000000000000000000000000000000000000000000100000000
0000000000000000000000000000000080000000000000000000000000000000
A00000000000000004581B80B0DDF47A00360021800960003800003200000000
00000000000000000201410020881204100000800000000A4000004A00000000
0000000000000000000000000002404200004000400000000800001000000000
00000000000000000727168072F4CFFF1010002400020000D800007E00000000
0000000000000000000000000000000000000000000000000000008000000000
000000000000000003052000E86A849B1050003C0026000A4800005A00000000
A00000000000000001DF99009413253500060000800040000800000000000000
000000000000000002002000000008FD30000000800020000800007400000000
84000000000000000133828097F00491001600000001C0000000002C00000000
080000000000000007E9A701205AFD3F101E000F8003A0007000005200000000
0000000000000000000000000000000000000000000000000000040000000000
00000000000000000247010060881796100C0001C000A0000000000C00000000
0000000000000000000000000000000000000000000000000000000000000080
000000000000000004002000000004B00002800150004E001000001400000000
8000000000000000058FBA008137073F100406028100A0400000007A00000000
00000000000000000200000000000899F0000000000000000000005E00000000
8000000400000000000000000000000000000000000000000000000000000000
000000000000000007697F816EEDB7F5101E00068001A0007800003600000000
0000000000000000000000000000000000000000000000000000000000000000
000000000000000007850901458497A210010000000060000800005A00000000
80000000000000000452A3009402237F102600018018E0042000002E00000000
000000000000000002080000C28108F750000000800020000800002E00000000
0000000000000000000000000000000000000000000000000000000000020000
00000000000000000000000000000000F0000000000000000000000000000000
0000000000000000000000000000000000000000000000000200000000000000
000000000000000002B32100101A60FF10000800000000C00000001E00000000
0000000000000000000000000000000000000000000000000000000000000000
000000000000000000048101020C009400001000060001000000000800000000
0000000000000000000000000000000000000000000000000000000000000000
0000000000000000076FE50120ECD3FF10020081800020001800007E00000000
0000000000000000400000000000000000000000000000000000000000000000
00000000000000000266100061C8C7EF00800060001800060800000E00000000
0000000000000000000000000000000000000000000000000000000000000000
000000000000000006406180A68209FF50000000800020000800007E00000000
0000000000000000000000000000000000000000000000000000000000000000
000000000000000006B33601C27A4C3F1000001C000820024800007E00000000
0000000000000000000000000000000000000000000000000000000100000000
000000000000000007F177019A7C3EFF101200058001C0004800006E00000000
A00000000000000007BEBE81F7D6EFF50026001D8006E001F800007E00000000
00000000000000000202020041E004C410002000180004000000000200000000
0000000000000000000000000000000000000000000000000000000000000000
00000000000000000200000000000080A0000000000000000000000800000000
0000000000000200008000000000000000000000000000000000000000000000
080000000000000002004501000001C010000064001880060000000000000000
A0000000000000000719FF80167A6B7F000E00230008E0042800007E00000000
0000000000000000074B2500124868FF00026000100000000000006A00000000
0000000000000000000000000000000000000000000000000400000000000000
080000000000000007FC7781A1F6FFFF1016001E80038001F800007E00000000
0000000000000000000000000000000000000000000000000000000000000000
000000000000000007DC6701B5FA71DF10000180002000180800007E00000000
000000000000000004935A00001FC07600000000400018001800003A00000000
00000000000000000700000000000038E0000000800000000000005800000000
0000000000000000000000000000000000000000000000000100000000000000
00000000000000000600408002140AEA30000000000000000000007600000000
1000000000000000000000000000000000000000000000000000000000000000
0000000000000000000000000000000080000000000000000000000000000000
0000000000000000000000000000000000000000000000000000000000000080
000000000000000003108180020210801001800000001C000000000000000000
A0000000000000000102DF0085C71738000200C1801020040800005A00000000
0000000000000000023FE081A2E6ABFF10020180006020180000007E00000000
0008000000000000000000000000000000000000000000000000000000000000
0000000000000000056E6D81A39CFFF3100400068001E0007800005400000000
0000000000000000000000000000000000000000000000000000000000000000
00000000000000000620C081020410F730000000000000000800003A00000000
840000000000000005D8450107C00F1D10160005800160005000000200000000
0000000000000000060801804021408100010000B8000C000000000000000000
0000000000000000000000000000000000000000000000000000000100000000
0000000000000000000000000000089850001000004000000000000000000000
0000000000000000000000000000000000000000000000000000020000000000
000000000000000002A4A60124E2F3311030003C000E00015800002C00000000
0000000000000000000000000000000000000000000000000200000000000000
00000000000000000663F50149EE77FE100600040003A0005800005800000000
800000000000000005FFFF81DCD4317F107E001F8007E001F800005E00000000
0000000000000000006CE101E1CD97F710070001400030001800004E00000000
8000000000000000000008000001C00000000000000022000000000000000000
000000000000000006012000000820CD30000000800000000000003200000000
0000000000000000000000000000000000000000000000000000000000000004
000000000000000007BF6681BBF6FBFF10000000000000000800007E00000000
0000000000000000000000000000000000000000000000000200000000000000
0000000000000000020000000000000890000000000000000000000000000000
0000000000000000000000000000000000000000000000000000000000000000
0000000000000000030802000811409A10032000980026000000002C00000000
A00000000000000004FFFF80FE7FFFFF10020401800060001800007E00000000
0000000000000000000000000000000080000000000000000000000000000000
0000002000000000000000000000000000000000000000000000000000000000
0000000000000000000000008000008020000000000000000000000000000000
0000000000000000000000000000000000000000000000000000000000000000
000000000000000003306480810A00FB14000000004000000000006E00000000
A00000000000000004858E0053667A7F002C001B800860018800005E00000000
000000000000000007E564012CBCB2FD10000180000000300800007600000000
800000000000000005D7A6012F40067E1014008580436000F800007600000000
080000000000000007FBE781A3FE7F7F1010000C000300001800007E00000000
1000000000000000000000000000000000000000000000000000000000000000
000000000000000006010000000860BB30020000000020000800007600000000
A00000000000000006FFDE00F7BBBF7F104E00138002A001B800003E00000000
00000000000000000670C100A59091E110000008000600009000005C00000000
0000000000000000000000000000000000000000000000000200000000000000
0000000000000000060040000088215020000000000000000000005A00000000
0000000000000000000000000000000000000000000000000000000000800000
000000000000000003084400110804C1100F8002E000D8000000004200000000
0000000000000000000000000000000000000000000000000000000000000080
000000000000000002000000080000C1F0000000000000000800005E00000000
0000000000000000000000000000000000000000000000000000010000000000
000000000000000004E182810884AACB00000070801920048800001E00000000
800000000000000007FFFF80CDFF87FD007E00178007E001E800007E00000000
0000000000000000050C008002800AEF50000000000000000000004E00000000
0000000000000000000000000000000000000000000000000000008000000000
000000000000000007204000080570D900032000400022000000001C00000000
1000000000000000000000000000000000000000000000000000000000000000
0000000000000000022C400121108690105000BC0007000E1000001000000000
0000000000000000000000000000000000000000000000000200000000004000
000000000000000006024081000010CF30000000800000000800005000000000
800000000000000007FDFA809BFFED7F107E001F8007E000F800007E00000000
00000000000000000000000000000000A0000000000000000000000000000000
A00000000000000007FFFF01FFFFFFFF100E04038000E0003800007E00000000
08000000000000000721B180E3621CC8001A00060003E0015000005E00000000
0000000000000000000000000000000000000000000000000200000000000000
00000000000000000769C50112EC7BFF10004000000000000800007E00000000
0000000000000000000000000000000000000000000000000000000000000000
000000000000000000088400280403A410000000800008000800006600000000
0000000000000000000000000000000000000000000000000000000080000000
000000000000000007004000080020FF30020000800020000800007C00000000
A00000000000000000609C004555540C00030001000040001000000200000000
08000000000000000008230120C8010010000040000000001000000000000000
0000000000000000000000000000000000000000000000000000000080000000
000000000000000007733580974A6CFF10060061801840023800007E00000000
800000000000000006FFFF81FFFFB7FF102E001B800FE001F800003E00000000
000000000000000007800200001040FF30000000800000000800007E00000000
A80000000000000007FFFF81FFFFFFFF102E001F8007E001F800007E00000000
000000000000000007EFEE8172FEFFFF101E0001800160005800007E00000000
0000000000000000000000000000000000000000000000000000000000000000
00000000000000000000000000000000A0000000000000000000000000000000
0000000000000000000000000000000000000000000000000000000000000000
000000000000000004247801C9E48586000A0009800C0002A000004C00000000
1000000000000000000000000000000000000000000000000000000000000000
00000000000000000274E181A28279AA105800140005C003F800002200000000
0000000000000000000000000000000000000000000000000000040000000000
000000000000000007602500208AC79F10A00060001800070000005400000000
0000000000000000000000000000000000000000000000000000010000000000
080000000000000006A82701E8D798D010180000800340001000007800000000
8400000000000000050A9D010B6342FF000E00040001A0007800002C00000000
000000000000000003812400708892FC100800178001C003F800007E00000000
0000000000000000000000000000000000000000000000000000008000000000
00000000000000000200020000100098F0000000000000000000004200000000
A00000000000000007FFFF81FFFFFFFF103E001F8007E001F800007E00000000
000000000000000006285800E2C96E981008004B8017C0066800001A00000000
800000000000000007FEFF80FE7FC66F105E001F8007E000F800003E00000000
000000000000000006002000888008FB50000000800000000800007A00000000
0000000000000000000000000000000000000000000000000000000100000000
0000000000000000068B5200289063DF10000004080100004800007E00000000
0000000000000000800000000000000000000000000000000000000000000000
000000000000000002D4630120BA88C5100001A8008C001B9000006200000000
0000000000000000000000000000000000000000000000000000020000000000
0000000000000000020000000000001080000000000000000000000800000000
0000000000000000000000000000000000000000000000000200000000000000
880000000000000007DDF381EAF67FDF10020000000000008800005E00000000
0000000000000000000000000000000000000000000000000000008000000000
0000000000000000036D4101389E50F510000700018000700800001400000000
0000000000000000000000000000000000000000000000000000008000000000
0000000000000000024000000088A1901007C000980040001000001600000000
1000000000000000000000000000000000000000000000000000000000000000
000000000000000004004000012086A110000000000002000000000C00000000
0000000000000000000000000000000000000000000000000000000000000000
000000000000000006814280421088C400000800000000000000003A00000000
0000000000000000000000000000000000000000000000000000000000000080
0000000000000000000108002040010420000000000000000000000000000000
0000000000000000000000000000000000000000000000000000008000000000
000000000000000006EFC3814C9D32FF10000000018000400800007E00000000
0000000000000000000000000000000000000000000000000200000000000000
00000000000000000600000000000087F0000000000020000000003000000000
A000000000000000000080000040000000000001000040000000000000000000
080000000000000003402100E1987B8110000008000A00002800002400000000
0000000000000000000000000000000000000000000000000000000000000000
000000000000000006C2C301011454F201800000000000000800003800000000
0000000000000000000000000000000000000000000000000000000000000000
0000000000000000008000000010120800002001000040000000001000000000
0000000000010000000000000000000000000000000000000000000000000000
000000000000000000002000000000000000010001C000200000000000000000
0000000000000000000000000000000000000000000000000000000040000000
0000000000000000022263000938207310000280018000740000000E00000000
0000000000000000000000000000000000000000000000000000000002000000
0000000000000000032040014024900F10000800020000800800002E00000000
800000000000000004EAED80A3002FFF100600F18018E0071800007E00000000
0000000000000000000020000C8101001001800010000C000000004000000000
8000000000000400000000000000000000000000000000000000000000000000
000000000000000007FF4781127C78FB10020100004000300800007E00000000
0000000000000000000000000000000000000000000000000000000100000000
0000000000000000066040812204884000001000040001800800004E00000000
0020000000000000000000000000000000000000000000000000000000000000
00000000000000000772E5810A64389C10000000000002000000006200000000
8000000000000000000000000010061200000001000000000000000000000000
0000000000000000032A400140F5009410000000800020000800004200000000
0000000000000000000000000000000000000000000000000000008000000000
0800000000000000070C2B81210F38E810000002000240002800001600000000
000000000000000001802C00A000349400022000800020000800000400000000
000000000000000000284100000430C510064000100040001000006E00000000
A00000000000000007FFBF81EFFEFF7D107E00038002E000F800005E00000000
000000000000000001620401240496F300100000801800001800002600000000
0000000000000000000000000000000000000000000000000000000000000000
000000000000000002580C01B122128510000200008040000000001600000000
1000000000000000000000000000000000000000000000000000000000000000
000000000000000006402100020820C030020000800000000800002000000000
80000000000000000655DE009D76E2FF00140005800440002800000C00000000
00000000000000000200000000000000B0000000800000000000000400000000
000000000000000001FFB8800000007B01C000230018A0071800003A00000000
0000000000000000018000802A800B8240000000000000000800004000000000
800000000000000004991980815297FF100000A08000E0043000000400000000
00000000000000000220C08102883ADC40000000000000000000006A00000000
0000000000000000000000000000000000000000000000000000000000800000
00000000000000000000000000000000A0000000000000000000000000000000
0000000000000000000000000000000000000000000000000000000000000080
0000000000000000020D4000400891C500022000A80002000800000C00000000
0000000000000000000000000000000000000000000000000000000000000080
000000000000000006E6430026908BCD1040000080082002C800007400000000
A00000000000000000D289000000752F0002014080D000000000002800000000
080000000000000003302101A1743786101A000680028000F000006A00000000
0000000000000000400000000000000000000000000000000000000000000000
0000000000000000073AA001880450F710020000080000000800003A00000000
0000000000000000000000000000000000000000000000000000000000000080
0000000000000000037DF581A2EEE3FF101E000E8001E0007800007E00000000
0000000000000000000000000000000000000000000000000000010000000000
000000000000000002C0030043D82EEE000300078000A0007000007E00000000
0000000000000000000000000000000000000000000000000000020000000000
08000000000000000764240130FA10AA00000008000000024800002000000000
0010000000000000000000000000000000000000000000000000000000000000
0000000000000000020000000190012040000000000000800000000000000000
0000000000000000000000000000000000000000000000000000000000000000
0000000000000000060040000008407730020000800020000000001E00000000
0000000000000000000000000000000000000000000000000000000008000000
0000000000000000000000000000000080000000000000000000000000000000
A00000000000000000801A000100001400000000000000000000000000000000
0000000000000000064864808669109300000000A00000000000000000000000
0000000000000000000000000000000000000000000000000000040000000000
000000000000000003250000007A20C11000078000A800680000000E00000000
0000000000000000000000000000000000000000000000000200000000000000
000000000000000003142080246A96B010000040800140060000001A00000000
0000000000000000000000000000000000000000000000000000000100000000
000000000000000007EFC7815471707F10000400010000400800007E00000000
000000000000000000DFFB001FA7807B104E00FB800E200B2000007A00000000
000000000000000002323C80B2424BAF10760030000A40033800007600000000
0000000000000000000000000000000000000000000000000000000040000000
000000000000000006ED5180677BAEAF10020000800020080000005E00000000
0000000000000000000000000000000000000000000000000000020000000000
00000000000000000000000000000080A0000000000000000000000400000000
0000000000000000000000000000000000000000000000000000000000000080
0000000000000000024420004000B4A6100D0006000010004000000400000000
0000000000020000000000000000000000000000000000000000000000000000
000000000000000007AF66811874F0FF10000400010000400800003E00000000
1000000000000000000000000000000000000000000000000000000000000000
000000000000000007450100244090CF000680002000E0003800004200000000
A00000000000000007FFFE81FFFFFFFF10060001800060103800007E00000000
0800000000000000070C2381F3BEFD4510100008000000002000004E00000000
0000000000000000000000000000000000000000000000000000040000000000
000000000000000006A46080AB12A8FF10F00060001E00078800007600000000
0000000000000000000000000000000000000000000000000000020000000000
0000000000000000070D040020FA0389100003C0008000380800007800000000
0000000000000000000000000000000000000000000000000000000000000000
0000000000000000020C05002480134010000800060000000000000000000000
0000000000000000000000000000000000000000000000000000000000000080
08000000000000000220260120126091100000C0000000100000000200000000
0000000000000000000000000000000000000000000000000000000000400000
00000000000000000765B400A2CA9BF510000060001A00050800007600000000
0000000000000000000000000000000000000000000000000000000000000080
00000000000000000321B700029A2B6810120062800980008800006200000000
8000000000000000000000000000000008000000000000000000000000000000
08000000000000000728250120D2319000100000000C00028800002A00000000
0000000000000000000000000000000000000000000000000000000000000000
000000000000000006200081621C08E510300148006400188000001400000000
0000000000000000000000000000000000000000000000000200000000000000
0000000000000000077B8100C8AB7AB300000000C00020000800002A00000000
1000000000000000000000000000000000000000000000000000000000000000
0000000000000000060000000000400340000000800000400000000000000000
0000000000000000000000000000000000000000000000000000000000000002
000000000000000005923600F191C5EE10820000800000000800004C00000000
0000000000000000000000000000000000000000000000000000000020000000
00000000000000000390068023A0C3FF100A0074801F8006B800007E00000000
1000000000000000000000000000000000000000000000000000000000000000
0000000000000000000000000000000080000000000000000000000000000000
A80000000000000007FFFC00F675FFFF103E001F8003E001F800007E00000000
000000000000000006004000208203FD30000000000020000800007C00000000
1000000000000000000000000000000000000000000000000000000000000000
0000000000000000067D2080E28BABF7100200C08030200C0800007E00000000
A00000000000000007FFFF81FFFFFFFF103E001F8007E001F800007E00000000
0000000000000000000000000000000080000000000000000000000000000000
0000000000000000000000000000000000000000000000000000000000000000
000000000000000007ADCE8122A4A3FB10060038800DC007B800005E00000000
800000000000000004F7A98011BD277F100200E3803AE00F3800007E00000000
000000000000000002202080028028AB50000000000020000000000000000000
0000000000000000000000000000000000000000000000000000008000000000
000000000000000007FFFF81F7FDFFFF10060001800060001800007E00000000
1000000000000000000000000000000000000000000000000000000000000000
000000000000000006AACA812EBCA1EF10030000C00030000800007E00000000
1000000000000000000000000000000000000000000000000000000000000000
0000000000000000062A6001020400D010000500004000900000005E00000000
8000000000000000000010000000000000001000000000000000000000000000
00000000000000000743C100048852FF10020000800020000800007E00000000
0000000000000000000000000000000000000000000000000000008000000000
00000000000000000200000000000080D0000000000000000000000000000000
000000000000000000009C000200000B02000000800000080000000000000000
0000000000000000020000800000000040002000080007000000000400000000
0000000000000000000000000000000000000000000000000000010000000000
0400000000000000020C04004000304800100004000000000000004800000000
0000000000000000000000000000000000000000000000000000000000000000
000000000000000007080000408000A230000000800020000000007E00000000
0000000008000100000000000000000000000000000000000000000000000000
0000000000000000060700000068200910004000100000004800000C00000000
0000000000000000000000000000000000000000000000000000000000000000
000000000000000006EA7981631CFC271018000B80032000C800004E00000000
800000000000000000D800000000010411000008003800010800000000000000
000000000000000003040081C214CCB410200038002400079000001E00000000
0000000000000000000000000000000000000000000000000000000000000000
000000000000000000060000206041E330000000000000000800007000000000
0000000000000000000000000000000000000000000000000000000000000000
880000000000000007F1A680B2D0FDBF100E0007000300007000007C00000000
0000000000000000000000000000000000000000000000000000000040000000
000000000000000002044000400084DC20020000800020000000001000000000
0000000000000000000000000000000000000000000000000000000000000000
00000000000000000000000000000080C0000000000000000000000000000000
800000000000000007FFFF81FFEC7FFF1036003F800FE003F800007E00000000
00000000000000000779EF8175EB77FF100E0001800060000000006E00000000
8000000000000000000020000000000000042000080000000000000200000000
000000000000000007002100004800CF30000000000000000800007A00000000
0000000000000000000000000000000000000000000000000000000000080000
0000000000000000022800000C0040D610004008100204008800006E00000000
0000000000000000000000000000000000000000000000000200000000000000
00000000000000000763F580F3FA6FEF101E00078001E0007800007800000000
0000000000000000000000000000000000000000000000000000000000000000
0000000000000000062A0000482040841003600060001C000000005200000000
A00000000000000007FFFF81FFFFFFFF101E000F8007E001F800007E00000000
0000000000000000074B5B0075D9A7DF10040024800060000800007E00000000
0000000000000000000000400000000000000000000000000000000000000000
000000000000000007006000006008F350000000800020000800007600000000
A00000000000000000024000C32B623710040000800030000800005800000000
000000000000000006E0708160997FB9101E00048009A001E800007800000000
0000000000000000000000040000000000000000000000000000000000000000
0000000000000000062C008043051CB310018000A00018000800007A00000000
1000000000000000000000000000000000000000000000000000000000000000
00000000000000000000000000000000D0000000000000000000000000000000
0000000000000000000000000000000000000000000000000000000000000000
0000000000000000072D4081023CDAF310300078001E00071800003E00000000
1000000000000000000000000000000000000000000000000000000000000000
000000000000000005E767009078E0FF1000070001C000780800007600000000
0000000000000000000000000000000000000000000000000000000020000000
000000000000000002000000008000DDB0000000000020000000006200000000
0000000000000000000000000000000000000000000000000000000040000000
0000000000000000020001000008800000000004000104000000000000000000
A00000000000000007FFFF81FFFFFFFF103E001F8005E001F800007E00000000
00000000000000000762F281630EDDD31030000C000240008000007600000000
A00000000000000007FFFF81FFFFFFFF107E001F8007E0017800003E00000000
0000000000000000064B1000C08BC32F10020038801B20038000007E00000000
8000000000000000067FAA001E40077F103200DD803F600FB800007E00000000
000000000000000002006001000000A850020000000000000800000E00000000
0000000000000000000000000000000000000000000000000000000000000000
000000000000000002000000208081FA30060000000000001800007E00000000
0000000000000000000000000000000000000000000000000000000000000000
08000000000000000303A581E3F25AFF100C0000800060000000007200000000
A00000000000000007FDFF81FFFFFEFF102E001F8003E001F800007E00000000
000000000000000002315400E0BA46D70030004400170005C000007A00000000
0000000000000000000000000000000000000000000000000400000000000000
000000000000000002800200400000E430000000800000000000006400000000
0000000000000000000000000000000000000000000000000200000000000000
0800000000000000031006802006900100080002000080008000002000000000
0000000000000000000000000000000000000000000000000000008000000000
00000000000000000369010010F8629F1000028080E000780800007E00000000
1000000000000000000000000000000000000000000000000000000000000000
000000000000000007430501146830971002C000A00028000800003200000000
0000000000000000000000000000000000000000000000000200000000000000
000000000000000006000000800000F2B0000000800020000800005E00000000
0000000000000200000010000802002000040040000000000000000000000000
000000000000000007EF2480B2F868F700000300008000380800007600000000
A00000000000000007FEFF81FF77FFFF00020401800060001800003E00000000
000000000000000002C002008C1010AA1003C000500034000000007600000000
8000000000000000040000000000092000044001000060001000006000000000
880000000000000006BEF781F2FBFCFF10120008000080001800007600000000
0000000000000000000000000000000000000000000000000000000000000080
0800000000000000000021003010418000000060000000000000000000000000
800000000000000004FD7E0098C7637710E60037800AE003B800007600000000
00000000000000000608000020C1088810100004002100183000006E00000000
0000000000000000000000000000000000000000000000000000000040000000
0000000000000000022040000274A0D81010003C001E00238000000E00000000
0000000000000000000000000000000000000000000000000000020000000000
080000000000000007E93581B2387CF3101C00030002C0006800002400000000
1000000000000000000000000000000000000000000000000000000000000000
000000000000000007EDEB80A3BCFBFE101E00068001E000A800003E00000000
1000000000000000000000000000000000000000000000000000000000000000
00000000000000000788500110A053581016002D000B40018000006400000000
1000000000000000000000000000000000000000000000000000000000000000
0000000000000000079DEC817DFFB3FF10060000800060001800007E00000000
0000000000000000000000400000000000000000000000000000000000000000
080000000000000003ABE28182FC76D110100008000800009800007A00000000
A000000000000000000000000000000000000000000000000000000000000000
0000000000000000070410804310CC9C00000000000044001800003800000000
0000000000000000000000000000000000000000000000000200000000000000
000000000000000006004000008002A8E0000000000000000000000000000000
A80000000000000007FFFF81FFFFFFFF103E000F8003E001F800007E00000000
00000000000000000676A1000944109610038000A00038000800001000000000
0000000000000000000000000000000000000000000000000000000000000000
000000000000000006004000410106DF30000000800000000000004E00000000
0000000000000000000000000000000000000000000000000000000000000080
000000000000000002282001010208B214000000004020000000002A00000000
800000000000000005A07C006E90D3F10016008C80032000C000004200000000
000000000000000002004080020008AF30020000000020000800005E00000000
8000000000000000000099000000204000000800008000000800000800000000
080000000000000001203400A198C5D7100E002B80014002A000004800000000
0000000000000000000000000000000000000000000000000200000000000000
0000000000000000000000000000000080000000000000000000000000000000
8000000000000000068FDB819EFE227710060701814060701800007C00000000
000000000000000007E96281AAF6AAFB10000060001000040800007E00000000
0000000000000000000000000000000000000000000000000000000002000000
00000000000000000640C101044E30A710003000000000000800000A00000000
A00000000000000006FFFF809BFDFFFF007E00178007E001F800003E00000000
000000000000000003004200083000BB30020000800000000800007400000000
C000000000000000000004000000000000000000000000000000000000000000
080000000000000001B106813480F2E61000000000000001A000001A00000000
0000000000000000000000000000000000000000000000000000000002000000
080000000000000000A8200160B4700110000040000000000000002000000000
0000000000000000000000000000000000000000000000000000010000000000
0000000000000000000000000000008040000100000000180800000000000000
0000000000000000000000000000000000000000000000000000008000000000
000000000000000006FB7781458993A8100A00070001E0006800007600000000
800000000000000007EC9400879C877F1022008F0003E001F800003E00000000
0000000000000000063DE40124E693FF10020040800E20000800007C00000000
8000000000000000000000000000000000000000000000000000000000000000
0000000000000000000000004200080040000000000020000000000000000000
0000000000000000000000000000000000000000000000000000018000000000
000000000000000002000001000000C8B0000000000000000000001000000000
A000000000000000046EB601F4F6FF7F10070000C00060001800003C00000000
000000000000000007B54281E312B8DB10600010000E00038800005600000000
0000000000000000000000000000000000000000000000000000000000000000
000000000000000002A442800888834200024000000004000800003600000000
0000000000000000000000000000000000000000000000000000008000000000
0000000000000000072040010882109310001000040001000000004C00000000
1000000000000000000000000000000000000000000000000000000000000000
000000000000000002000000000000B7F0000000800000000000002E00000000
0000000000000000000000000000000000000000000000000000000040000000
0000000000000000053C6181228C5BFE10000160001200058800007E00000000
0000000000000000000000000000000000000000000000000000000000000000
0000000000000000074BD50068C9FFFF10160004800360005800007E00000000
0000000000000000000000000000000000000000000000000000000000000080
0800000000000000022801001102209010000024001C0007A000005000000000
0000000000000000400000000000000000000000000000000000000000000000
080000000000000003F81681F680B89810000002000000000000000000000000
A00000000000000007FEEF81FFFFFFFF103E001F8007E001F800007E00000000
00000000000000000323228002782AB510050001800000001800003800000000
0000000000000000000000000000000000000000000000000000008000000000
0000000000000000000000000000000080000000000000000000000000000000
0000000000000000000000040000000000000000000000000000000000000000
0000000000000000007DE081A2489BEC100001F8005C000F8800007600000000
0000000000000000000000000000000000000000000000000000040000000000
000000000000000001511500D18A421F10060031800400039800003E00000000
0000000000000000000000000000000000000000000000000000000000000000
0000000000000000033C6201225E11A80010006C001E00010000005200000000
0000000000000000000000000000000000000000000000000000040000000000
0800000000000000004011010189540410000005800000003000007000000000
0000000000000000000000000000000000000000000000000000000000000080
0000000000000000037E2501904C08E210000300014000400000006E00000000
1000000000000000000000000000000000000000000000000000000000000000
000000000000000004010000080028BF50020000000020000800007E00000000
1000000000000000000000000000000000000000000000000000000000000000
000000000000000007EF3680527D6CFF10020004800120004800007C00000000
0000000000000000000000000000000000000000000000000000000000000000
000000000000000007080401089412811000C000800024000000000200000000
0000000000000000000000000000000000000000000000000000008000000000
000000000000000002000000000000C0C0000000000000000000000000000000
000000000000000004201C0001221C0300010001A00000001800002200000000
0000000000000000070004000869209410010000E0000A000800000600000000
0000000800000000000000000000000000000000000000000000000000000000
0000000000000000020000000000008FB0000000000000000000001800000000
0000000000000000000000000000000000000000000000000000010000000000
0000000000000000063810806380C0F810220014800960031800004A00000000
1000000000000000000000000000000000000000000000000000000000000000
080000000000000007837A00308AC377101E000D000360002800000A00000000
0000000000000000000000000000000000000000000000000000000000000000
000000000000000006C9F900E4C9BBFF1016000780016000F000007E00000000
0000000000000000000000000000000000000000000000000000000000000000
000000000000000006B622002112A3B41000038001C000780000007E00000000
80000000000000000043E2008BFDA07B00360035802F6003D000007A00000000
000000000000000000882280C209083410000000B0000C000800007800000000
0000000000000000000000000000000000000000000000000200000000000000
00000000000000000222C081126450D310026000180006000800006A00000000
0000000000000040000000000000000000000000000000000000000000000000
000000000000000000024200480260C200000000900022000000007800000000
800000000000000000108B0192000B7700020101804060000800003400000000
000000000000000006482100408382F110060000200024001800006A00000000
0000000000000000000000000000000000000000000000000200000000000000
000000000000000006D77F0069FAE7FF101E000F8001E000F800007E00000000
0000000000000000000000000000000000000000000000000000000000000080
000000000000000006000000000000DFF0000000000020000000002E00000000
800000000000000005FF7F81B87A62FF007E001B8007E001F800007E00000000
0000000000000000000000000820108A10004000800004004800002000000000
0000000000000000000000000000000000000000000000000000008000000000
0000000000000000020800802080838530000000000000000800006800000000
0000000000000000000000000000000000000000000000000200000000000000
0000000000000000072E2480F2B2ABB910200000000600001000007600000000
0000000000000000000000000000000000000000000000000000000000000080
0000000000000000020400002000819D100038000A0025000000005000000000
0000000000000000000000000000000000000000000000000000020000000000
000000000000000007A2E1810024706910000600808000300000003600000000
000000000000000007EFBF8015AE027F004200B98018E0071800007E00000000
0000000000000000066C590131EAC7FF10220038800D40030800007C00000000
0000000000000000000000000000000000000000000000000000000000000000
000000000000000002000000400000E450000000000000800000001000000000
1000000000000000000000000000000000000000000000000000000000000000
000000000000000007682580D3836CFF10000060801860060800003E00000000
0000000000000000000000000000000000000000000000000000008000000000
000000000000000007206080020448E410000010019000040000000E00000000
80000000000000000000980002000311000202018010204C0800001A00000000
0000000000000000000800002088008120000000800000000000002000000000
0000000000000000000000000000000000000000000000000200000000000000
0000000000000000034905001C88224410014000600000000000005600000000
A000000000000000044200008008844D00000000400030000000002A00000000
0000000000000000020000804201020150000000000003000000005200000000
80000000000000000401900010300E6E005200338006E0063800003200000000
000000000000000002232080028828FF30020000000020000800007E00000000
800000000000000006F7FE807FF3BFFF00060003800060103800002E00000000
0000000000000000060020000800222B10000000008002000800001800000000
0000000000000000000000000000000000000000000000000000000000000000
0000000000000000069000004810748010000000100014001000001000000000
800000000000000007B7FF819FFDB17F0066001B8003E0007800005E00000000
0000000000000000040000002880008000002000380006001000000000000000
0000000000000000000000000000000000000000000000000000000000000000
00000000000000000000000000000000E0000000000000000000001000000000
0000000000000000000000000000000000000000000000000000000008000000
08000000000000000201E501000A659310080020000800020000004800000000
A00000000000000003FECE019DFF35EF105A00178007E0016800007200000000
080000000000000003A82681EB304DD110300008000800003000006600000000
1000000000000000000000000000000000000000000000000000000000000000
0800000000000000020101000412000800000040000000008000000400000000
0000000000000000000000000000000000000000000000000000000000001000
0000000000000000078A04808AB83A1300028000A00000000800002E00000000
0000000000000000000000000000000000000000000000000000000100000000
0000000000000000062430800984A7811030006C001300058800000E00000000
0000000000000000000000000000000000000000000000000000000000000000
00000000000000000700410042A11A82100E007E8001A003E800005A00000000
0000000000000000000000000000000000000000000000000200000000000000
000000000000000006E2F781B3FCDFED101400028003A0007800006800000000
A80000000000000007FFFF81FFFFFFFF107E000F8007E001F800007E00000000
080000000000000002000000801A20810000005C000E0007D800000000000000
0000000000000000000000000000000000000000000000000000000000000080
000000000000000007AD668122C2E3FF10000080002000001800007C00000000
A80000000000000007FFFF81FFFFFFFF103E000F8007E001F800007E00000000
00000000000000000640418046880AFF50000000000000000800007E00000000
0000000000000000000000000000000000000000000000000008000000000000
00000000000000000649008142192838000E0001804060102800007800000000
0000000000000000000000000000000000000000000000000000040000000000
000000000000000006230080103CC892000001E000D8003E0800007000000000
0000000000000000000000000000000000000000000000000000000000000000
000000000000000007B34601103040EF10000130004000320800007600000000
8000000000000000000000000000000008000000000000000000000000000000
000000000000000002130400A1C208A00000018000A000580800000A00000000
1000000000000000000000000000000000000000000000000000000000000000
0000000000000000010500000088018000000002000004000000000000000000
0000000000000000000000040000000000000000000000000000000000000000
00000000000000000040A0014414400400800000000000040800002400000000
0000000000000000000000000000000000000000000000000000000000000008
000000000000000002820200280080F6100002E80060003C0000005800000000
0000000000000000000000000000000000000000000000000000000100000000
000000000000000007020100446874FF10060000800060000800007800000000
0000000000000000000000000000000000000000000000000000000000000000
000000000000000001202180018201601090006C001E000E8800004000000000
0000000000000000000000000000000000000000000000000000000000000080
000000000000000006B02680A082CBF710048000200020000800003400000000
1000000000000000000000000000000000000000000000000000000000000000
0000000000000000020810002002000000000520000000000800000800000000
0000000000000000000000000000000000000000000000000000000000000000
000000000000000006440100002098810000000018001E000000007400000000
0000000000000000000000000000000000000000000000000200000000000000
0000000000000000021900000814008010000000000001000000006000000000
0000000000000000000000000000000000000000000000000200000000000000
0800000000000000070C2701A0832482101A000E000360005000004400000000
0000000000000000000000000000000000000000000000000000010000000000
000000000000000007A82781043C5AB1100001C00050001C0800007E00000000
0000000000000000000000000000000000000000000000000000008000000000
0000000000000000020A6100004210C210000000000022400000007A00000000
A000000000000000000000000000000000000000000000000000000000000000
000000000000000004E1D2806094B7FF1004003F000F4003F000007E00000000
0000000000000000000000000000000000000000000000000000000000000080
0800000000000000075016002068548F1036000F000E40037000007E00000000
800000000000000005FFB1000066037F10EE0037800DE0039000007A00000000
0000000000000000000000000000000090000000000000000000000000000000
800000000000000001801980CA30000F00020001800070000800002C00000000
0000000000000000020000000080008020020000008000200000000000000000
A00000000000000004E2E80086DED4D910020002C00060002800004600000000
0000000000000000020800804200048010000400000004400000000400000000
0000000000000000000000000000000000000000000000000000008000000000
00000000000000000400000000000080D0000000000000000000000000000000
0000000000000000000000000000000000000000000000000000000002000000
0000000000000000070A040051F163DE100002C00080001C0800006C00000000
800000000000000007FFFF01FFDEB7FF1036001E8006E001F800005A00000000
00000000000000000658E08125EEB0C910030000800040000000000A00000000
0000000000000020000000000000000000000000000000000000000000000000
0800000000000000000020800420000010000000000000080000002000000000
80000000000000000742FA008B4237751002030181D020641000007E00000000
0000000000000000034000004008242310020000C00022000000004600000000
0000000000000000000000000000000000000000000000000000008000000000
0000000000000000076C45803688194F101A0044000180047800007A00000000
0000000000000000000000200000000000000000000000000000000000000000
0000000000000000000000000000000090000000000000000000000000000000
0000000000000000000000000000000000000000000000000000000000000000
0000000000000000024010014109240210030000400008000800001000000000
1000000000000000000000000000000000000000000000000000000000000000
080000000000000006DD5F8063A95FFF10040000800060000800007400000000
0000000000000000000000000000000000000000000000000000000000000000
00000000000000000775DE0133EEF7FF101E002F800FE002B800007E00000000
A00000000000000007FFFF81BC3DFDFF000600030000E0003800001000000000
0000000000000000020000000000008020000000002000100000000800000000
8000000000000000068BBB81D3315FFF1006001180186000B800007E00000000
0000000000000000072020800A602ADF50000000000000000800007E00000000
0000000000000000000000000000000000000000000000000000000001000000
0000000000000000020000000000009430080000000080000000004000000000
0000000000000000000000000000000000000000000000000200000000000000
080000000000000007C3A100E1B817F7101E000E000100009000007E00000000
0000000000000000000000000000000000000000000000000000000000000000
000000000000000006010000C80000BB50020000000000000800004600000000
0000000000000000000000000000000000000000000000000000000000000000
0000000000000000020000000000000080000000000000000000000000000000
0000000000000000000000000000000000000000000000000000008000000000
00000000000000000202000080080A9800000002000084003800002200000000
0000000000000000000000000000000000000000000000000000000000000000
0000000000000000020D22806A8122961000038000E000300000003800000000
800000000000000007CFBC813EF8067F100600C18070E00CB800007E00000000
000000000000000007BA06004052602010000780018000600800003E00000000
0000000000000001000000000000000000000000000000000000000000000000
0000000000000000032C218013A240A01000018001A000780000004000000000
A00000000000000007FFBB01EAFFDFEF005E00138004C0003800006C00000000
0000000000000000000000000000000080000000000000000000000000000000
800000000000000007841B00094A1F6F10060001820060001800003E00000000
000000000000000007EE6581EB692AFF100A00038000C0005800007E00000000
0000000000000000000000000000000000000000000000000000000000000000
0000000000000000060000000000009AA0000000000000000000002A00000000
A00000000000000007FFFF81FFFFFFFF103E001F8003E001F800007E00000000
080000000000000003102000A10050B410000034000100039000001400000000
0000000000000000000000000000000000000000000000000000000000000000
00000000000000000603010024000249100600002000A0000800000800000000
0000000000000000000000000000000000000000000000000000000000000400
000000000000000007C052016086209610080047800A20071000007A00000000
0000000000000000000000000000000000000000000000000000000000000080
000000000000000006A90201608D857B0008003C800AC002A000001200000000
040000000000000001FB9D801144027B0022000A0000A0003000001200000000
000000000000000006000000008823F330020000800000000800006E00000000
0020000000000000000000000000000000000000000000000000000000000000
0000000000000000031B030070D804D210000180006000380800005E00000000
0000000000000000000000000000000000000000000000000200000000000000
000000000000000002002000008201EB30000000800000000000004A00000000
A000000000000000000098000000000000000000000000000000000000000000
000000000000000003CF260024D967FD10000000800060400800006800000000
0000000000000000000000000000000000000000000000000000000000000000
0000000000000000070D6600D0E3CD8D100001C000E000380800006600000000
0000000000000000000000000000000000000000000000000000008000000000
0800000000000000028002002080320010010000000000000000004000000000
1000000000000000000000000000000000000000000000000000000000000000
0000000000000000004AA10040E910C210034000A00018000000003800000000
0000000000000000000000000000000000000000000000000400000000000000
0000000000000000000000000000000080000000000020000000000000000000
0000000000000000000000000000000000000000000000000000010000000000
0000000000000000069E46015061C0C71000030080C020300800006C00000000
E00000000000000000090C0008018060001A00008000E0001800002800000000
00000000000000000306050164CCF3EA100600000000E0102000001E00000000
A00000000000000007FFFF81FFFFFFFF103E001F8007E001F800007E00000000
0000000000000000074F430000C8ABE610030000000060003800007C00000000
800000000000000006ED5E011FDFE3EB107E001E8004E001E000006E00000000
0000000000000000032001004001401414020000000000000800003800000000
0000000000000000000000000000000000000000000000000000000000000080
000000000000000002606200B12283BA0060003E000F60036800007800000000
0000000000000000000000000000000000000000000000000000010000000000
000000000000000003004300688043E400000000100006000800000E00000000
0000000000000000000000000000000000000000000000000100000000000000
0000000000000000064AF581649CD22810080002800020001000007200000000
A000000000000000000008000000000000000001000000000000000000000000
0000000000000000069A1200C0A527B5100400010008E0023800000600000000
1000000000000000000000000000000000000000000000000000000000000000
00000000000000000200000000000088B0000000000000000000000000000000
0000000000000000000000000000000000000000000000000200000000000000
0000000000000000021804004580405010000000100004000000007A00000000
0000000000000000000000000000000000000000000000000000000000000000
000000000000000006A8628120F45BF410200078000C00022000004A00000000
0000002000000000000000000000000000000000000000000000000000000000
000000000000000007FFE781EBDB46FF10040001800060003800006E00000000
0000000000000000000000000000000000000000000000000000000000000000
0000000000000000034A4700046820AD10003000080001000800005E00000000
0000000000000000000000000000000000000000000000000000000040000000
000000000000000005EFE7011C7CF0FF10060400810060401800007E00000000
1000000000000000000000000000000000000000000000000000000000000000
08000000000000000200068162058C8000100018000C00028000004000000000
0000000000000000000000000000000000000000000000000000010000000000
000000000000000006882380C88B2AF710028000600038000800003E00000000
0000000000000000000000000000000000000000000000000000000000000000
0000000000000000039A6F0068FB77FE101E00078001E0007800007E00000000
0000000000000000000000000000000000000000000000000000020000000000
0000000000000000072DC5016201F8DD10020400800020000800007E00000000
A00000000000000007F7FE00FFFFFFFF10060601818060001800007E00000000
00000000000000000444010001000020000A0000000048000800004000000000
0000000000000000000000000000000000000000000000000000000000000080
000000000000000007C7EF00C47AF7FF10160005800160007800007E00000000
A00000000000000005DFFF01FF7FFFFF003E001F8007E0017800007E00000000
00000000000000000300000088C2018030000000000000000000004600000000
0000000008000000000000000000000000000000000000000000000000000000
0000000000000000000000000000008090000000000000000000000000000000
A000000000000000005000000000000000000001000080003000000000000000
0000000000000000030C2000400000B050000000000000000000000200000000
0000000000000000000000000000000000000000000000000000000000800000
0000000000000000062120808A8028FF50000000000000000800007E00000000
0000000000000000000000000000000000000000000000000000000000000080
000000000000000007EFFF81E2F9FBFF100A00038000C0003800007E00000000
0000000000000000000000000000000000000000000000000000008000000000
000000000000000007691180470B44FF10820020000820000800006C00000000
A800000000000000051E9B009633A4E300000001820040001000000800000000
000000000000000003080000404010821001D00074003F000000002E00000000
0000000000000000000000000000000000000000000000000000000000000000
0000000000000000025040000800040000002000000003000000000000000000
800000000000000007FFFF81FFFFFFFF1036001F8007E0017800007E00000000
00000000000000000763E501348EF3FF10300048000200040000007E00000000
A00000000000000007FFFF81FFFFFF7F103E001F8003E001F800007E00000000
0000000000000000062224805A802B8D10020000A00000000000007A00000000
0000000000000000000000000000000000000000000000000000000000000000
000000000000000006FCFB81E387BFFF103E000F8003E001F800007E00000000
0000000000000000000000000000000000000000000000000000008000000000
0000000000000000000000004800188050001000008000000000000000000000
0000000000000000000000000000000000000000000000000000000000400000
0000000000000000026AED01B4EB42AE101200068003C000F800005200000000
0000000000000000000000000000000000000000000000000000000040000000
0000000000000000010000007081400000002000080000000000000000000000
0000000000000000000000000000000000000000000000000000000000000000
0000000000000000066D4001008E309F10000400012000101800006E00000000
0000000000000200040200000000000000000000000000000000000000000000
000000000000000007512480A2AA6BDF100E00638009E0043800007E00000000
0000000000000000000000000000000000000000000000000000000000000000
0000000000000000060060000000008630000000800020000800007200000000
0000000000000000000000000000000000000000000000000000000004000000
0000000000000000066DF580BBE9FFFF100E00078000C0007800007E00000000
0000000000000000000000000000000000000000000000000000000000000000
00000000000000000734438193DEDAB810100038000D00039800006400000000
A00000000000000007FFFF81BFFFFFFF103E001F8007E001F800007E00000000
000000000000000006080000000000B890000000800000000000007800000000
0000000000000000000000400000000000000000000000000000000000000000
000000000000000007F2008122385BEB000E000C80030003B000007E00000000
A00000000000000001ED8380273C5B6600050000C00060001800006800000000
000000000000000007002000886048DE50000000000000000800003200000000
0000000000000000000000000000000000000000000000000000008000000000
000000000000000003FB7300E378BAEF101C000580016000E800007600000000
0000000000000000000000000000000000000000000000000000008000000000
000000000000000006462180228889AB10070000C00050001800005200000000
0000000000000000000000000000000000000000000000000000008000000000
0000000000000000024001000200082A000030000C0000400800006C00000000
0000000000000000000000000000000000000000000000000000040000000000
000000000000000007E1EA00221DC9A81002000800000000C800001200000000
A00000000000000007FFFF81FFFFFFFF103E001F8003E001F800007E00000000
00000000000000000220608082020BD750000000000000000800003600000000
0000000000000000000000400000000000000000000000000000000000000000
080000000000000002C46781B80AC90010000000000200000800006400000000
0000000000000000000000000000000000000000000000000200000000000000
000000000000000006C34300311852EF10100004010100000800007600000000
0000000000000000009080000201C00000024000400010000000000000000000
000000000000000007CD770168FF37F3100A00068000A0000000000400000000
0000000000000000000000000000000000000000000000000200000000000000
080000000000000002B02301C1AD306B10000030000000002000001000000000
0000000000000000000000000000000000000000000000000000000000000000
00000000000000000200000000000000A0000000000000000000000000000000
800000000000000007FFDF0024676F7F00060001801060073800007E00000000
8800000000000000077BE581E2FBFFFD10060001800060001800007E00000000
0000000000000000000000000000000000000000000000000000000000000000
000000000000000007BE7481F265FEDC10040004800080005800005600000000
1000000000000000000000000000000000000000000000000000000000000000
00000000000000000658318122EA9FD5101E003F800F4007D800007A00000000
0000000000000000000000000000000000000000000000000000000000000000
000000000000000006000000808003F530000000800000000800000E00000000
0000000000000000000000200000000000000000000000000000000000000000
0000000000000000020020000000080820000008000000000000000000000000
0000000000000000000000000000000000000000000000000000000000000080
00000000000000000326818154A4D6D310070000800020001800007E00000000
0000000000000000000000020000000000000000000000000000000000000000
000000000000000002800300007800E830000000800000000000007800000000
0000000000000000000000000000000000000000000000000000000000000000
000000000000000006000100080820EF30020000800000000800007E00000000
0000000000000000000000000000000000000000000000000000000000000000
00000000000000000000000000000000A0000000000000000000000000000000
0000000000000000000000000000000000000000000000000000000000000000
00000000000000000200000000000080F0000000000000000000002800000000
0000000000000000000000000000000000000000000000000200000000000000
0000000000000000020804001200408000003000080003400800004400000000
0000000000000000000000000000000000000000000000000200000000000000
000000000000000006002000800008EF30020800820000800000007E00000000
0000000000000000000000000000000000000000000000000000000000000001
000000000000000002606481C28E4B8110000200008000600000005000000000
80000000000000000792F08001E432BF10EE001F800CE0039800007E00000000
000000000000000007EFA381337CFAEF10300010000600033800007E00000000
0000000008000000000080000000000000000000000000000000000000000000
000000000000000006000000000000E1D0000000000000000000003E00000000
0000000000000000000000000000000000000000000000000000040000000000
0800000000000000030004012010862800000040000800028000007200000000
E00000000000000004C54F01D35016630026001C8004C0009800002C00000000
000000000000000003004380006890ED10038000200030000800004C00000000
E00000000000000000010800080E0112000000020000A0001000000000000000
000000000000000007EFE781BE7EFAFF10020001800060001800007E00000000
0000000000000000000000000000000000000000000000000000000000000000
000000000000000005050000102800C6000028000A0000800000004800000000
0000000000000000000000000000000000000000000000000000000000000000
000000000000000002000000000000ABB0000000000000000000006200000000
0000000000010000000000000000000000000000000000000000000000000000
000000000000000004004000C000005ED0000000000020000800007400000000
800000000000000004FFE180006EBB7F1036003D800FA007F800007E00000000
000000000000000007915580028408C21010001D8008C000C000006800000000
0000000000000000000000000000000000000000000000000000000000000000
000000000000000003986580CD0328B410000400010000001000002E00000000
A80000000000000004D6B881D5FFFF7D10020000000020000800001800000000
00000000000000000200000000000080C0000000000000000000000000000000
A00000000000000007FFFF01FFFFFFFF100600018100E0003800007E00000000
0000000000000000070D040030CAE3F710060001804040181800007A00000000
A00000000000000002F7FF81FD7DFDFF10060003810060001800007E00000000
0000000000000000002000010804308100024000880000000800004000000000
0000000000000000000000000000000000000000000000000000000000000000
00000000000000000364E40171EC97FF10020001000060401000005E00000000
0000000000000000080000000000000000000000000000000000000000000000
00000000000000000000000000000080A0000000000000000000000000000000
0000000000000000000000000000000000000000000000000000008000000000
000000000000000002384081001904A500000001000028001000004000000000
80000000000000000738DC81B1F007FD106C003D801D6007F800005C00000000
0000000000000000024101002080078800028000800020004800007E00000000
0000000000000000000000000000000000000000000000000000020000000000
00000000000000000744E100040838C210001000040000000800007A00000000
0000000000000000000000020000000000000000000000000000000000000000
000000000000000002E84301453F34AB0016006E801980067800005E00000000
A00000000000000003CCF5010753FBFE0066001B0006E0003800003C00000000
0800000000000000020000018102220000100014000400002000004800000000
1000000000000000000000000000000000000000000000000000000000000000
000000000000000007C7E781167C38FA1000030001C000700800005E00000000
0000000000000000000000000000000000000000000000000000000000000000
000000000000000006B26200AB8A6FBD1010006C001E00030800007A00000000
0000000000000000000000000000000000000000000000000000010000000000
00000000000000000000000000000080A0000000000000000000000000000000
0000000000000000000000000000000000000000000000000000000040000000
000000000000000003600380E89A91881012001C000700004000002400000000
A00000000000000004BBDF813B7EFFFF10020003C00060001800003A00000000
000000000000000005002080026408C40000C000800008000000000C00000000
0000000000000000000000000000000000000000000000000000000001000000
0000000000000000066C40818214188B10001000040001000800005E00000000
8000000000000000040080000000001E08020001000020000000000000000000
0000000000000000074641014428108610008000900004000000003200000000
0000000000000000000000000000000000000000000000000000008000000000
000000000000000003042080088008B010001000040001000000006200000000
1000000000000000000000000000000000000000000000000000000000000000
000000000000000006501081058A1DE21002001080080000E800001A00000000
A000000000000000000000000000000000200000000000000000000000000000
0000000000000000074E450075E9F7EB10000400000020400800007400000000
0000000000000000000000000000000000000000000000000000000080000000
000000000000000007553600C8CA618410000000810000000800007600000000
0000000000000000000000000000000000000000000000000000000000000000
0000000000000000008040000081008120000000000000000000000600000000
0000000000000000000000000000000000000000000000000000000040000000
000000000000000007670080220829A010000600018000601000004400000000
0000000000000000000000000000000000000000000000000000000100000000
000000000000000003336781A9EA7BF510000000000000200000007400000000
A00000000000000007BFFE01DFFFFFFF100606018080E0003800007E00000000
0000000000000000066C618147ED9AAB10030001800060001800006200000000
0000000000000000000000000000000000000000000000000000000000000000
0000000000000000034A0100003860BB10034000100026000800007A00000000
A00000000000000007EFFF81FFF7FFFF100600018040E0101800007E00000000
000000000000000007FED781357ED6FF101E000F80034000F800007600000000
0000000000000000000000000000000000000000000000000000000000800000
0000000000000000020000000018408100800180004400380000004000000000
1000000000000000000000000000000000000000000000000000000000000000
0000000000000000063B0000E08DE2FB10000070000C00051800003E00000000
0000000000000000000000000000000000000000000000000000000000000000
000000000000000006444180610C9EF110000200018000600800006E00000000
A0000000000000000704DE00BFFFDFBF107E000F8006E001F800007E00000000
0000000000000000010000000000005400000000004000100800001200000000
800000000000000005C8E40000001F7D103600CD00616019B000007E00000000
080000000000000006CBB780A1B82EA11002000C000800001000005E00000000
0000000000000000000000000000000000000000000000000000000000000000
0000000000000000064020008008088220000000800000000000000400000000
A080000000000000000000008001060000000000000020000000000000000000
0000000000000000020000004000000080000000000000000000000000000000
0000000400000000000000000000000000000000000000000000000000000000
00000000000000000300000022B0808014000100000000100000004200000000
1000000000000000000000000000000000000000000000000000000000000000
000000000000000003414700641B10EF00030000E00020000000006000000000
0000000000000000000000000000000000000000000000000200000000000000
000000000000000002884200008001E830000000800000000800007C00000000
0000000000000000000000000000000000000000000000000000000000000000
00000000000000000200000000000080C0000000000000000000004400000000
0000000000000000000000000000000000000000000000000000000000000080
0000000000000000000000000000000080000000000000000000000000000000
0000000000000000000000000000000000000000000000000000000000000080
0000000000000000077BDF80E38B4FFB103E00078003E0007800007E00000000
0000000000000000000000000000000000000000000000000200000000000000
0000000000000000048002004001009840000000010000800800004600000000
A00000000000000000401A8005400A5F0020000F8002E000E000002000000000
0000000000000000040000004000048420000000000020000800001000000000
0000000000000000000000000000000000000000000000000000000000000000
000000000000000006E0B1012504D4FF001200438000E0003000007600000000
0000000000000000000000000000000000000000000000000000000000000000
0000000000000000076D0501400D90CD10000004000200404800001C00000000
1000000000000000000000000000000000000000000000000000000000000000
0000000000000000030000000100008080000400010000400000000000000000
0000000000000000000000000000000000000000000000000000000000000000
0000000000000000040000004000008090000000000000000000000400000000
0000000000000000000000000000000000000000000000000200000000000000
000000000000000006880300408102CF50020000000000000800007E00000000
800000000000000005FFFA01147403FF0006030301C0E0203000001600000000
0000000000000000060A0000020020CF30000000800000000000005000000000
000008000000000000D2100080014006000000000000A0000800002000000000
000000000000000003000400080000A440000180000000100800001200000000
800010000000000000268E000600403F00040041001060040000001000000000
00000000000000000740A501150CD0FC10038000C00000000800007600000000
0000000000000000000000000000000000000000000000000000000000000080
080000000000000003106000608001B010000000000400000000004000000000
0000000000000000000000000000000000000000000000000000040000000000
0000000000000000062040000102009120000000000000000000006800000000
0000000000000000000000000000000000000000000000000000000000000000
000000000000000006004800208201F730000000000020000800007E00000000
0000000000000000000000000000000000000000000000000000000000000000
0000000000000000021A2080C309008400004000000038000800000200000000
0000000000000000000000000000000000000000000000000000000000000000
0140C0000C00000004108000000104A900000000000000001000000000000000
00881C269001404006400000010001A000000000000000000800000000000000
0600000100000008000043000002E00000000000000000000000000000000000
0000000000000000000000000000000000000000000000010000000000000000
0400800000000000400000013801000000000000000000000000000000000000
0000000000000000000000000000000004000000000000000000000000000000
0102C08008000000000000000000040000000000000000000000000000000000
01C81052E010820402000000070000C000000000000000000800000000000000
0000000000000000008100000000165040000000000000000000004000000000
0060000000000000000000000000000000000000000000000000000000000000
0000000000000000031041000005108848000000000000000000000000000000
0000000000000000000000000000000000000000000002008000000000000000
0000000000000068C01000000008508008000000000000000000000000000000
000000000000000000000000C000000000000000000000000000000000000000
1420000000001820851040018010200100000000000000000000000000000000
0000000000000000000000000000000000000000000000100000000000000000
000000000000000002C024000008818800000000000000000000000000000000
007390A30200880000A40018010681A000000000000000000800000000000000
0400000000000000004000000080120008000000000000000000004000000000
0030180020020800008000100000000000000000000000000800000000000000
1002400000000000000441000001809000000000000000000000000000000000
0000000000000000000008000000000000000000000000000000000000000000
100050004000000004C124000030449900000000000000000000000000000000
0000004800100088002008000000812220000000000000000000000000000000
010000000000000800C000000080002408000000000000000800000000000000
0000182200048180010000000000010000000000000000000000000000000000
04000000000000000516F38003F0C4BC00000000000000003800000000000000
0000000000000000004000000000000000000000000200000000000000000000
0000000000000002000000000000000000000000000000000000000000000000
0000000000000000000000000000800000000000000000000000000200000000
0020401000000000000000000000000000000000000000000000002000000000
0000000000000000000000200000000000000000000000000000000000000000
0000000000200000000000000000000000000000000000000000003000000000
012068086011020004020400018013BE00000000000000000800000000000000
0000030000000200000000000000108800000000000000000800000000000000
0000000000000000000000000000000000000000000000000000000200000000
00000620008C0002000000000000000000000000000000000000000000000000
0000000000000000000000000000000000000000000000000080000000000000
0500010000000000803000010800000000000000000000000000000000000000
0020080000080000000000000000000020000000000000000000000000000000
0200000440000001820100000000020000000000000000000000000000000000
0000000000000000000000000000000000000000000000000000000000000000
0000020000000000000080004000000000000000000000000000000000000000
068010C00000000007C96800003967FF00000000000000000800000000000000
0000000000000000000040000004000040000000000000000000000000000000
0000082002110080000000000000000000000000000000000000000000000000
0000000000000000000040000000200000000000000000000000000040000000
0000000000000000000000004000000080000000000000000000000000000000
0000800000000003000000000000040A08000000000000000000000000000000
0109484039300F8007080C020540019D00000000000000000800000000000000
0100210800000000000100000000000000000000000000000000000000000000
0000000000000000000000004000000000000000000000100000000000000000
030080100608000000C200000000004400000000000000000000000000000000
0000000000000000003008000040010000000000000000000000000020000000
0000200000000000000000000000000000000000000000000000000000000000
0000000000000000000000008000000000000200000000000000000000000000
0000000020000000000080000000000000000000000000000000000000000000
0111D06000000F00822000100402010000000000000000000000000000000000
0000000000000000008004800100048080000000000000000000000000000000
0000000000000000000000000000000000000000000000000000000000000000
0000000000000000000000000000000000000000000000000000000000000000
0800000000000000001008000000000000000000000000001000000000000000
0020010002000100000000000000000000000000000000000000000000000000
000400058100C408000000080200000000000000000000000800000000000000
040000000000000500600000000846A208000000000000000000000000000000
0000000000000000000000000000000000000000000000000000000C00000000
0000000000000000000001000020000008000000000000000000000100000000
0000000000000000000000400000000000000000000000000000000000000000
0000000000000000000000000000000000000000000000000000001000000000
0000000000000200022000200020280A00000000000000000800000000000000
14000000000000600608408200E3387D00000000000000000000000000000000
00A0A008001B0C81060002000000010900000000000000000000000000000000
0400000000000000020C4000039C48A600000000000000002800000000000000
0031C80602091E0284000600000001E200000000000000000800000000000000
01608068001F00010001800000200A0000000000000000000000000000000000
0800000000000010000000000000000000000000000000000000000000000000
0000000800000000000000000000000000000000000000000000002000000000
0000000000000000000000008000000000000000000000000000000000000000
04100000001F001100000000002000B108000000000000000000000000000000
0000280000000000000008000010000420000000000000001000000000000000
00000000000000000610C7840121088300000000000000001000000000000000
0000000000000000000000000000800000000000000000000000000400000000
04000000340007000483000000000018C8000000000000001000000000000000
0000000000000000000000000000000000000000000000008000000000000000
0000000000000000000870000100840008000000000000000000000000000000
0000000000000000000000000000000000000000000000000000000200000000
1000010000600000000003020800001000000000000000000000000000000000
0000402400000008000008000000000000000000000000000000000000000000
00000000000000000040040000C0008020000000000000002000000000000000
0000000000000000000000000000000000000200000000000000000000000000
0000000004000009000000000000000008000000000000000000000000000000
00D19412ED01C08000C00C380040004000000000000000000000000000000000
0020000014000500000260002008600000000000000000000000000000000000
0000000000000000000000000000000000000000000000000000000020000000
00000000000000000014A3000008680000000000000000000000000000000000
0010C00400001C86426200000300006020000000000000000800000000000000
0000000000000000000004040000000000000000000000001000000000000000
0001004000000000050048400007896420000000000000000800000200000000
00C0040400C00010000000010001080000000000000000000000000000000000
0000100000000000000000400010000000000000000000000000000000000000
0400410000600000C00010009800028B00000000000000000000000000000000
0000080000000000000000200000000020000000000000000000000000000000
0000000000000400000000000000000000000000000000000000000004000000
0000000000000000040000000000000000000000008000000000000000000000
0000000000000000008000000000000000000000000000000000000008000000
0000000000000000000000000000000000000000000000000000001000000000
000000000000000000000000000008E468000000000000000000000058000000
1011586268188B41054000080284019600000000000000000000000000000000
0300000004000000008100000020001548000000000000000800000000000000
0140400000008000070000000100810020000000000000000000000000000000
0000000004000000000000000000000000000000000000000000000000000000
0081400440010284000809000620000000000000000000000800000000000000
1200000000000000040200800400002048000000000000000000000000000000
10B9C8CC291D1A8206E41838011E83FB00000000000000000800000000000000
000000000C000000000084000080000000000000000080000000000000000000
4800402000000000000000000000010000000000000000000000000020000000
0400000000000000030A802C00394C1600000000000000000000000000000000
4000000000000000000000000000000000000000000000000000000000000000
000000000000000002D28000008830FD00000000800000001000000000000000
0000000000000000000000000000000000000000004000000000000000000000
0000802002380010000020000000000100000000000000000000000000000000
0000000000000000000000000000000000000000100000008000000000000000
00000000000000000042628000A0101000000000000000000000000000000000
0000000000000000000000000000000000000000000000000000000000000000
040000000200000002C4148000D0049300000000000000001000000000000000
0000000000000000000000000000000000000100000000000000000000000000
0000000000000220000000000000000008000000000000000000000000000000
0000000000000000000000000000000000000000000000000000000200000000
0200000000340001040440000000002108000000000000000000000000000000
0070080000101100050000000C0C010000000000000000000000000000000000
0000000000000000000080200002000008000000000000000000000000000000
0000080000004000003000000400000200000000000000000800000000000000
0000000000000000070DF78000206BF700000000000000001800000000000000
0000000000000000000000000000000000000000000000000000020000000000
00000000160000000480E0800031804900000000000000000000000000000000
0000000000000000000000000000000000000010000000000000000000000000
0000000800000000000000000000000040000000000000000000002800000000
0000000000000000000000000000000000000000000000400000000000000000
000000000000000004D000000000000060000000000000002000000000000000
0080000000200008010C00000025002220000000000000000000000000000000
0001000000000000000000000000000000000000000000000000000800000000
0010800040140080040800000000000020000000000000000000000000000000
0000000000000000008020000000000000000000000000000000080000000000
0000000000004000004000000000010000000000000000000000000020000000
0000000000000000000000000000000048000000000000000000000088000000
0000000000080800000008200000017800000000000000000000000000000000
1000000000000001008000000000020100000000000000000000002000000000
0000000000000000000000000000000000000000000001000000000000000000
0000000018000000004100000000021348000000000000000000000000000000
0000000000000000000000000000000000000000000000000000000000000000
0000000004000000000000000101000088000000000000000000000000000000
0000000000000000000000018000000000000000000000000000000000000000
0000000007000000000122800008000000000000000000001000000000000000
0000000000000000000000000000000000000000000000000000000000000000
0000010000400000000000000000080000000000000000001000000000000000
1403800321002420020201280001000700000000000000000800000000000000
0000000100000000004041000000100048000000000000000000000000000000
0000000000000000000000000000000000000000000000000000000020000000
00000000000000000400C2000308001D88000000000000000000000000000000
0000000000000000000000000000000000000000400000000000000000000000
0000000000001000000000000000000048000000000000000000000000000000
0000000000000000000000000000000000020000008000000000000000000000
0000000000000000028080000008040048000000000000000000000000000000
0000000000000000000000000000000000000000100000000000000000000000
0200000000000001000000000000000008000000000000000000000000000000
0000000400200000000000400000000400000000000000000000000000000000
0110043021000001401000000040005000000000000000000000000000000000
0000000000000000000000000000000000000000000000008000000800000000
0400000008000260400000000008100000000000000000000000000000000000
0000000000000000000018000000000000000000000000000000000000000000
0000000000000000000000040000000000000000000040001000000000000000
0000000200002000000000000000000000000000000000000000000020000000
010000100C04000100A108000010000000000000000000000000000000000000
0088080000010000000008000400000220000000000000000000000000000000
0000030800000006C00000019800000000000000000000000000000000000000
0000000000000002000000000000000000000200000000000000000000000000
00000000000000000000E3AC0202000000000000800000000000000000000000
060021800040000005F64A00003E6B7F00000000000000000800000000000000
0000020001000800400004008000004000000000000000000000000000000000
0000000000000000000000000000000000000000000000000000000000000000
0000000000000000000101000030008088000000000000000000000040000000
0800000000000000000000000000000000000000000000000000000000000000
0000000020000000004240000000040008000000000000001000000000000000
0000000000000000000000000000000000000000000000000000000000800000
00000000000000000002208000080008A8000000000000001000000000000000
0000000000000000000000000000000000000000000000200000000000000000
0000000000000000000000000000001008000000800000000000000000000000
0000000000000000000008000000000000000200000000000000000000000000
020000140600000480C004000010040100000000000000000000000000000000
0000000000000000000000000000000000020000004000000000000000000000
040000000000000080C6200000B1008400000000000000000000000000000000
0002200000000000000008000043D00000000000000000000000000020000000
1150008800000280C0A108008000000000000000000000000000000000000000
0000000000000000000000000000000000000000000000000000000000000000
0000000004200000000000000000000000000000000000000000000000000000
10B0641000010000057EFC00017FF3FF00000000000000000800000020000000
0000000000000000820100000021008000000000000000000000000000000000
0000000000000000000000000000000000000004000000040000000000000000
1140800010000001001280000000048000000000000000000000000000000000
0000004000000000000008000000000000000000000000000000000000000000
002002800000000A040100018001000200000000000000000000000000000000
0000000000000000000000000000000000000000000400000000000000000000
10004000000000600000000000F0101008000000000000000000000000000000
0000080000000000000000000000000000000000000000000000000000000000
1100000000000801000048000000000008000000000000000000000000000000
0010000000000000000000000000000000000000000000000000000000000000
02A0000802E01008C010000000C0318000000000000000000000000000000000
0000000000000000000000000000010000000200000000000000000000000000
0000000000000000001040000000000000000000000000000000000000000000
0000000000000000000000000000000000000000000000000080000000000000
0000000046000000008200800038062000000000000000003000000000000000
0000000000000000000000000000000000000000000000100000000000000000
0000000000000000001000000000000000000000000020000000000000000000
008081002120003007FEB800007F777F00000000000000000800000000000000
000260000000000004904300001020A140000000000000000000000800000000
0000000000000000000000000800000000000000000000000000000000000000
0000000000000000000041000020008008000000000000000000000000000000
004000000010000000000004C000002000000000000000000000000000000000
0000000000000000000004280000000000000000000000000000000000000000
0000000000000000000000000000000000040200008000000000000000000000
0000000002800000000000003000000000000000000000000000000000000000
000DB09288008000008402000004020600000000000000000800000000000000
0000000000000000840000000008400C48000000000000000000000000000000
0000000000000000000000004000000000000000000000000800000000000000
00000000000000000000000000E80080C0000000000000000000000000000000
0000000000000000000000000000000000000000000000000000800000000000
00000000000000000400000004BDC08008000000000000000800000000000000
0000000000000000000000000000000000000000000000000000000000000000
100000000000012002004003A0C0002500000000000000000000000000000000
0000000000000000000008000000000010000000000000000000000000000000
005090081000000000B0C8000000041000000000000000000000000000000000
0008000200000800000000400000000000000000000000000000000000000000
1180038010000210000000002000004000000000000000000000000000000000
0008002001000800000008180480014000000000000000000800000000000000
0000000004400000001720800000140000000000000000000000000000000000
0004060007000000010018000202804020000000000000000000000020000000
0200800000000000004021800020C00500000000000000001000000000000000
0002040000002080002800200100010000000000000000000800000000000000
0000000000000000000000000000000000000000000000000000080000000000
020A330080006800020000200012041600000000000000000800000000000000
00000000000080038020C0000000100108000000000000000000000000000000
1415210C80000000004000200000000100000000000000000000000000000000
0020200000000000000000000000000040000000000000000000000000000000
0011000000000000000808000001100020000000000000000000000020000000
0000000100000000000085000020000000000000000000000000000000000000
0800000100000000000000000400000000000000000000000000000000000000
0000000000000400000041000000041008000000000000000000000000000000
000000000000C040000000000000000000000000000000000000000000000000
0000000408000000000104800021007000000000000000000000000000000000
0000000000000000000000000000000000000000000081000000000000000000
034000F0021C0001043080000021602200000000000000000800000000000000
0000000000000000000000010000004020000000000000000800000000000000
0100000004000000800000006008440000000000000000000000000000000000
0000000000000000000000001000000000000000004000000000000000000000
0100800000000000400100000B90420400000000000000000000000000000000
0009000082008000000000480000800000000000000000000000000000000000
00000000000000000006008000A0B4C100000000000000002000000000000000
0000000000000000000008000000000002000000000000000000000000000000
0001800000000000040200000100000040000000000000000000000000000000
0000000000000000000000000000010000000000000000000000000000000000
000001080600000000810081A001808000000000000000000000000000000000
0000000000000000002000000000000000000004000000000000000000000000
0400000000000210000000000000000008000000000000000000000000000000
0000000000000000000000000001000000000000000000000000000200000000
0000020000000000000000002000100000000000000000000000000000000000
00491480C0008200002800180100000C00000000000000000800000000000000
0400038C00000810400000010000002000000000000000000000000000000000
0401000000048004008000180000000000000000000000000000000000000000
0000000030000000000280000040108008000000000000001000000000000000
0000000000000000000000001000000000000000000000000000100000000000
0000030001000000000000011000004800000000000000000000000000000000
10F630C3C0022000005004100182003000000000000000000800000000000000
0002000100000000000010000000200000000000000000000000000000000000
00010C4E0109B60006201030070001CE00000000000000000800000000000000
000000000000000000C0200000C810C148000000000000000000000000000000
0000000000000000000008400000000000000000000000000000000000000000
0000000000000000040040800020480040000000000000000000000000000000
0000000000000000000000000000000000000000000000000000000000000000
0000000000000000000000000080000000000000800000000000000000000000
02B088400C110800015000100500016500000000000000000800000000000000
0000000000000001002100000000100008000000000000000800000000000000
0000000000002000200000000000000000000000000000000000000000000000
0100080003841101404030000000002000000000000000000000000000000000
000010A000000000000008100000002000000000000000000000000080000000
0000000000000000000000000000000000000000000000000000001000000000
0000000000000000000000000000000000000000100000000000000000000000
1000010000200004000000002000000000000000000000000000000000000000
00A00C0220119000012201000005810800000000000000000000000020000000
0080004002800000000020002040002000000000000000000000000000000000
0000000000000000000000000000000000000000000080000000000000000000
0000000000000040021000000000004C08000000000000001800000000000000
0000000000000000000000000800000000000000000000000000000000000000
0000000000000000000080000000000000000000000000000000080000000000
0110081842010381010400B004300D8200000000000000000800000000000000
0000400000000060000040000020300208000000000000000800000000000000
0000000000000000000000000000000000000000000000400000000000000000
0600400000400000000400001000000000000000000000000000000000000000
0000000000000000000000000000000000000000000000000000040000000000
000200000000000000C80402810CC0C600000000000000000000000000000000
0000000000000000000000000000000000000000004000000000000000000000
040000060000000040C00000008442E100000000000000000000000000000000
0000010000400010005200000080012E00000000000000000000000000000000
040000001800050001004100004408A100000000000000000000000000000000
001060003C090080000000100200001100000000000000000000000000000000
0000000004000000009C60000118C00400000000000000001000000000000000
0000000000000000000000000000000001000000000004000000000000000000
0000000000000000400081008000000000000000000000000000000000000000
0000000000000000000008000006000000000000000000000000000040000000
0310000400DF0012C00100000000000000000000000000000000000000000000
0000000000000000000000000000000000000000000004000000000200000000
0000000000000000000040000100208108000000000000000000000000000000
0000000000000000000000000000000000000000000000000000000020000000
000000000000000000084100001084C408000000000000000000000000000000
0000000000000000000000000000000000000000000800000000000000000000
000401000400000000AC42002040000000000000000000000000000000000000
0000000000000000000000000000000000000200000000000000000800000000
0000000040000000008314800010008020000000000000000000000000000000
0000000000000000000000000000000000000000000000000000000000000000
0000000000000000000000000000000008000000000000000000000000000000
0008000520002080000000200000000000000000000000000000000000000000
0100000000000001008000000000040008000000000000000000000000000000
0001000000000800008020080000000000000000000000000000000000000000
00000000180004000680C700013CF4B900000000000000000000000000000000
0000000000000000000000000000000000000000000000000000000200000000
0000120000000000000000000000000000000000000000000000000000000000
0800000000004000000000000000000000000000000000000000000020000000
0000010800800041C2010401080000A000000000000000000000000000000000
0000440200010000400000000000000000000000000000001000000000000000
0000000000000000044A600000300CB708000000000000000000000000000000
0000000000000000000000000000000000000010000000000000000000000000
1000000000008001800100000000001008000000000000000000000000000000
0000000000000000000000000000000000000000000000000000000000000000
0420000C00C00080040000000000020200000000000000000000000000000000
0009001028000000000000080000000000000000000000000000000000000000
040000000440000100400000000000F100000000000000000000000000000000
0000000000000000000000000000010000000000000000000000000400000000
0000004000000000000000000000102008000000000000000000000000000000
0000000000000000000000000000000000000200000000000000000000000000
0000000400000000008100000000020008000000000000000000000000000000
0000000000000000000000000000000000000000000000000000000000000000
0400018008000610048000002008201000000000000000000000000000000000
00312C824826800000020000000000A000000000000000000000000000000000
1530038000000000000108021000200000000000000000000000000000000000
0004440600004000822000000480004900000000000000000000000000000000
00000000000000000040000001A0800440000000000000000800000000000000
0000000000000000001C00000040011820000000000000000000000000000000
0140800404000001400020000000000000000000000000000000000000000000
0000000000000000078020001E0001FF00000000000000000800000000000000
0000000000000000075080000001009C28000000800020000000000000000000
0000000000000000000000000000000000000000000000000000000000000000
0040000006000002040200000000081900000000000000000000000000000000
0000000000000000000000000000000000000000000000000000008000000000
0000000000000000808102800000000008000000000000000000000000000000
0000000000000000000000000000000000000000000000000000000000000000
0000000000000000000000000000200000000000000000800000000000000000
0000000000000000000000000000000000000000000000000000000000000000
0200020000000000000000010800020000000000000000000000000000000000
000100000000003000BC00000001911100000000000000000000000020000000
0000000000000100040080000000240000000000000000000000000000000000
0000040000000000002000000000000000000000000000000000000000000000
030000000000000001C601004000060000000000000000000000000000000000
0001248000020000000014000000000000000000000000000000000020000000
0000100000000000000000000000000000000000000000000000000000000000
0108A84000000400000001200000000200000000000000000000000000000000
0400000000000000000004000242000008000000000000000000000000000000
0020000000000000000000000000000000000000000000000000000000000000
011003B8001000634400800108C1020000000000000000000000000000000000
0000000000000000000008000000000000000000000000000000000000000000
0002000000000000000041000000080000000000000000000000000000000000
0400000000000000000000001818054500000000000000000800000400000000
0004010000000002000000010000000000000000000000000000000000000000
0000281000100080000000000000000000000000000000000000000000000000
0400000000000000048A01800048480888000000000000001000000000000000
0000000000000000000000000000000200000000000000400000000000000000
0201000000000000000000810001000200000000000000001000000000000000
00000100004000200074F000003A614300000000000000002000000000000000
043080001000000440610100184000C100000000000000000000000000000000
0010480020000800008000080600050000000000000000000800000000000000
03382080100000000201C0000000001800000000000000000000000000000000
0000000000000000000000000001002000000000000000000000000200000000
055083E0000C100001008000008C08A000000000000000000000000000000000
0000000000000000000000000000000000000100000000000000000000000000
0700600004000005008100000000000000000000000000000000000000000000
03F91FDE60918EA0C77F3E0003F802FF00000000000000000800000000000000
0000000000000000000000000000000000000400000000000000000000000000
0000000000000000000000000000000000000000000000080000000000000000
040000000000000000000300003854C808000000000000000000000000000000
860000888061042005360030010ACF4900000000000000000800000000000000
0040000000000020000000000000000000000000000000000000000000000000
0000000000000000000000000000000000000000008000000000000000000000
0000820000000000000000020000000000000000000000000000000000000000
0000000000000000000000000000000000000000000000000000000200000000
0400000000000000000004000060408408000000000000001000000000000000
0000000000000000000000000000000000000000008020000000000000000000
0500004001EC1002400000000080002000000000000000000000000000000000
0000000000000000050000000C00000000000000000000000000000000000000
0000800000000044000000000000100008000000000000000000000000000000
0000000000000000000000000000000000000000000004000000000000000000
0000000002000000000660000008020908000000000000000000000000000000
050000C00031000002000A000002018300000000000000000800000000000000
0000000000000000000040000000082048000000000000000000000000000000
00D004060401090002D008100600000600000000000000000800000000000000
05805810120400000040A000002C210C00000000000000000000000000000000
0000000080000020000000000000000000000000000000000000000000000000
0400000000000000000084900000000000000000000000000000000000000000
0000000000000010000000000000000000000000000400000000000000000000
010000000000000E0110A0000000084000000000000000000000000000000000
0000000000080000000000000000000000000201000000000000000000000000
070000000003000E000200000000004000000000000000000000000000000000
0008000000000000060000000400000C20000000000000000800000000000000
0000030000000003000000010000002200000000000000000000000000000000
0001008000200000073D48000000013F20000000000000000800000000000000
0520030001000001800000000000108000000000000000000000000000000000
0000000000000000000000000000000000000000400000000000000000000000
010062000000000706800000004806A100000000000000000000000000000000
0000004008001000000008400000010000000000000000000000000000000000
0000000000000000000084000400448000000000000000000000000000000000
0000000000000000000000000000000000000001000000000000000000000000
0090605812090000C08400000000000400000000000000000000000000000000
0800000000002000000000000000000000000000000000000000000000000000
0000000000000000004042000020084048000000000000000000000000000000
0000000000000000000000000000000000000000000000000000000000000000
0400000000000000000B40000000228108000000000000000000000000000000
1090080438010080070001000000016B20000000000000000000000000000000
01402830005C0013000080000000084400000000000000000000000000000000
8088100080000000000000300000001000000000000000000800000000000000
0000020000000004000000008000020000000000000000000000000000000000
0000080000000000000000000000000000000000000000000000000010000000
0000010008000001000000000000100000000000000000000000000000000000
0000000000000000000000000000000000000000000000000000000000000000
0010000000000000008000000000000000000000000000000000002000000000
0004040080000000000000000000000000000000000000000000000020000000
0000000000000000000000000000000000000000800000000000000000000000
0220480010010108000800000000000220000000000000000800000000000000
0000000000000000000400000000040000000000000000000000000008000000
0000000000000000000000000000000000000000000000000000000000800000
01000108040C0485C00000000000000800000000000000000000000000000000
0008010180408000004000000000001400000000000000000800000000000000
10200070021C04000000E0000080004400000000000000000000000000000000
10F0E87C6E110F8A42080200000000F200000000000000000800000000000000
0100000022000001000000000000040000000000000000000000000000000000
0008000000000000000000000000000000000000004000000000000000000000
000000000C0014000201A000000000A400000000000000000000000000000000
0081042008000100001000000200000000000000000000000000000000000000
0700000014800F00000000000000000800000000000000000000000000000000
018188D00411180006040030000000EF00000000000000000800000000000000
0040010801000010800000008000000000000000000000000000000000000000
000000C100004080048800200064021500000000000000000800000000000000
0600000000000000000000002800000000000000000000000000000000000000
0000000000000000000800000000000000000000000000000000000800000000
0000080000000000009480000000100000000000000000000000000000000000
040020800000000001240008003E03C500000000000000000800000000000000
0400000000000300000041000186108200000000000000000000000000000000
0050080001008900020608000400030000000000000000000800000000000000
0400000000000000000000000000009800000000800020000000000000000000
0000040000008000000008000800010000000000000000000000000000000000
0000000000000000004000000000024000000000000000000000002000000000
0000000000000000000000002000000000000000000000000000000000000000
0000000000000102000000000000000008000000000000000000000000000000
0000000000000000000000000000000000000000000000000000000200000000
00000000000000000346200000C860D400000000000000001000000000000000
0000000000000000000000000000000000000000000000000000000000000000
0000000000000000000000000011900000000000000000000000000000000000
0000000000000000040020000810096020000000000000000800000000000000
00000000080000000040000000082A0048000000000000000000000000000000
0000000000000000000000008000000000000000000000000000000000000000
1000000000000000000040800000600008000000000000000000000000000000
0000000000000000000000000000000000000000000000000000000000004000
0100000000020000002100000000220008000000000000001000000000000000
0000000000000000000000000000000000000000000000000000000600000000
0000000000000000000001040011584000000000000000000000000000000000
0000000000000010004008000402001220000000000000000000000000000000
0000000000000000000080000000000080000000000000000000000008000000
0000000000000000000008000000000000000000000000000000000000000000
1500001000740003000410000010020100000000000000000000000000000000
0000000000000000000000000000000000000004000000000000000000000000
00000000300000000010C0000008400000000000000040000000000000000000
0000000000000000000000400000000000000000000000400000000000000000
0000000000000000000000000000000000000000000000000000002800000000
0000000000000020000000000000000000000000000000000000000000000000
0000010000000020400008010000400000000000000000000000000000000000
1801282400301600000008000400000000000000000000000000000000000000
0000000800048009021120000084101008000000000000000000000000000000
00D004A02830800005924000001001FC00000000000000000800000000000000
040000005800040000E073800104464C00000000000000000000000000000000
0018780A2A128002025802000380436900000000000000000800000000000000
0000000000000000000CC1840421040000000000000020000000000000000000
0000000000000000000000000000000000000000000000000000000400000000
0000000002040000000000000000000000000000000000000000000004000000
0000000000001000000000000000000000000000008000000000000000000000
040000000000020007C4410000148CD308000000000000000000000000000000
0000040000000000000000000000000000000000000000008000000000000000
0000000000000000001000000092148008000000000000000800000000000000
0000000000000000000000000000000000000000000001008000000000000000
0000000006000000008000000000200040000000000000000000003800000000
0000000000000000200000000000000000000000000000000000000000000000
0000000000000000000021000000000080000000000000000000000010000000
0100000000000000020000000000041000000000004000000000000000000000
0100000000000000001404000000402000000000000000000000000000000000
0000000020000000000000000000000000000000000000000000800000000000
0000000000000000040000001000800000000000000000000000000000000000
00A0040000000040051C180002C8010600000000000000000800000000000000
0000000000000000000000000000002008000000000000000000000020000000
0000000000000000002000000000000000000000000000000000000000000000
0000000000000000000020000000000000000000000060000000000000000000
0000000000000000000000000000000000000000000000008000000000000000
0400000000000000028446800102400000000000000000000000000000000000
0048800080000000000000000001000000000000000000000000000000000000
0200800000000000000080000000040008000000000000001000000000000000
010000024020070000020F400000192000000000000000000800000000000000
040000000000000007C4C40000CC3CE700000000000000001800000000000000
0000000041100000200000014000000000000000000000000000000000000000
0000000040000000000000000080040008000000000000000000000000000000
0000000000000000000000000000000000000000000000000000000000000000
1100000000000000000000000020400008000000000000000000000000000000
14034B0080000000004000880700010000000000000000000800000000000000
0000010000000010000000000040000200000000000000000000000000000000
0000000080004000020000000000000000000000000000000000000000000000
060000282C080100000000000008000400000000000000000000000000000000
007100840000040C00000020060E019000000000000000000000000000000000
040000000000000004C8738000E228EA00000000000000001000000000000000
0000000000000000000000000000000000000000000000000000000000000000
06000000000000010004B1800128708800000000000000000000000000000000
0000900808020100020402000008141300000000000000000000000000000000
01800000000000050410C2000010220000000000000000000000000000000000
00D0006200000000200000000000000000000000000000000000000000000000
0000600040000000000000000000000000000000000000000000003000000000
0020000000000000000000000000000000000000008000000000000000000000
0000000000000000005060800100C0A520000000000000003800000000000000
0000000000000000000000000000000004000000000000000000000000000000
0000000046000000000141000100640000000000000000000000000000000000
0000000000000000058300200C18002400000000000000000800000000000000
140800000000021081214000E000001000000000000000000000000000000000
0000040000000000000000000000004000000000000000100000000000000000
0100030000000003840104000000402000000000000000000000000000000000
0000000000000000000000000000000000000001000000000000000000000000
11F060B43000000100C0C0800000008000000000000000000000000000000000
0000000000000000000000000000000000000000004000100000000000000000
0000060000C00040068080000000021400000000000000001000000000000000
0028006000081200010000000004804900000000000000000800000000000000
00460080000800000081C0000020020000000000000000000000000000000000
0400108801004008021000200012040700000000000000000800000000000000
0000000000201118C00000000000000000000000000000000000000000000000
02399C964C31120000020010002200EC00000000000000000800000000000000
0000000000000000000000040020100000000000800000000000000000000000
0000000000000000000000000000000000000000000000010000000200000000
0000000012000000040200000000000020000000000020001800000000000000
0000000000000000000000000000000000000000008000000000000000000000
00000000000000000082200000100000C0000000000000003000000000000000
0000000000000000000008010000000000000000000000004000000000000000
00000000000000000400E180000000C4E0000000000000000000000180000000
0001300005000000000000100200020800000000000000000000000000000000
0024008010000008010260000000280400000000000000000000000000000000
000800000002C000401008000102001820000000000000000000000020000000
040080000000000000C000000000100000000000000000000000001000000000
0088281E1013028081000000021000A400000000000000000000000000000000
0000000002000000000100000073106400000000000000001000000000000000
12F13C666201838007180C000010017500000000000000000000000000000000
0000008002000000000300000000008040000000000000000000003800000000
04761811A8010000002000180080000000000000000000000000000000000000
0100000000000003060200000080000008000000000000001000000000000000
0000000200000000024000100100011E00000000000000001000000000000000
050083000000000000A1060010C0020200000000000000000000000000000000
0000000000000000000000000000000000005000000001000000000000000000
000003100000000000000000A000000000000000000000000000000000000000
8800020000006000000000000000010000000000000000000000000000000000
000001000000000000010000A000000000000000000000000000000000000000
0000000080000000010400000040000800000000000000000000000010000000
0000000000000000000084840000080000000000000020000000000000000000
0000000000000000000000000000000000040000000020000000000000000000
1400000000000040010040030060007000000000000000000000000000000000
0000040000000000000000000000000000000000000000000000000000000000
0000000000000000000000000000040408000000000000000000000080000000
0000000000000000000000000000000000000004000000000000000000000000
10000000000000000004000000000000A8000000000000000000000000000000
0000000000000000040000000100006240000000000000000000000000000000
000000000000000000D414800021805F00000000000020000800000000000000
0000000000000000000000000000000000000000000000010000000000000000
0000800000000420450000000000008000000000000000000000000000000000
0000000000000000000000000000000000000000000000000000000000000000
0400021800000003041010000000100400000000000000000000000000000000
0000000000000000000000000000000000000000000000000000000200000000
0000000000000010020100000000000008000000000000000000000000000000
0000000000000000000000000000000000000100000000000000000000000000
0000000000000000008002000020604008000000000000000800000000000000
0000000000000000000000000000000000000000000000000000000200000000
10000F00024000000080108280E0008000000000000000000000000000000000
0000000000000000000000000000000000004000000000000000000000000000
0700400804000001440000000000009D00000000000040000000000000000000
0020000000000000000000000000000000000000008000000000000000000000
0140000010000000009040000010841000000000000000000000000000000000
0000000000000000000000004000000000000000000000000000000000000000
040000003E0004000710C0000000006320000000000000001000000000000000
0000000000000000000000000000000000000008000000000000000000000000
100060000000004004C0048000C6802200000000000000000000000000000000
0000000000000000000000000000004000000000000000000000000000000000
000000000000000D000000000000000208000000000000000000000000000000
0041000000000000000000100040000000000000000000000000000000000000
0100000000000000046100011011800A00000000000000000000000000000000
0000000000000000000000000000000000000101000000000000000000000000
0106000000000000000040000000002140000000000000000000000000000000
0011400000020100020008000000011220000000000000001000000000000000
000000010000000000000000010C480048000000000000000000000000000000
0000000000000000000000000000000000000000000000000000000000000000
0400000000000400000000000000000008000000000000000000000000000000
1000486032180000000008000000118600000000000000001000000000000000
0600800000000005821080000000140408000000000000000000000000000000
0000000000000000000000000000000000000000008000000000000000000000
0000000000000004000000008800000000000000000000000000000000000000
0000000000000000001000000000000000000000000000000000000200000000
0000000000000000001080000000000008000000000000001000000020000000
0000000000000000000008000000000000000000000000000000000200000000
0000000004000000002100802002000000000000000000000000000000000000
0000000000000000000000000000000000000000000000000000000000000000
0000000000000000000000000080000000040000000020000000000000000000
0000000000000000000000000000000000000000000000000000000000000000
16000000000400000290E30000C010E600000000000000000000000000000000
00DC40308100002004F808100018001300000000000000000800000000000000
0000000000800040000100000000200000000000000000000000000000000000
0000042000000000000000000000000000000000004000000000000000000000
0000000000000000000230800088129000000000000000003000000000000000
0000000000000000000000000000000000060000000000000000000000000000
0100080004000000000000010900421800000000000000000000000000000000
0000000000000010000000000000000000000000000000004000000000000000
12400008000C00018100C000000048C100000000000000000000000000000000
0029380000220200000000000000000000000000000000000000000000000000
0000000001050000000000000000000000000000000000000000000000000000
00D8040249000302010000000000000200000000000000000000000000000000
010000001000040DC00080000000200000000000000000000000000000000000
0000000000000000000008000000000000000000000000000000000000000000
0400000000000000008040000000408808000000000000000000000000000000
0018040300000000000000000000010420000000000000000000000000000000
0000000000000000000100001000D00000000000000000000000000000000000
0000000000000000000008000000000000000000000000400000000000000000
0000000018000000004103000000004040000000000000000000000000000000
0000000000000000000000000000000000008000000000000000000000000000
0000000000000000000000000000000000000000000000000000000000000000
0000140400008000000000100600000000000000000000000000000000000000
0000000012000000000081000000004000000000000000000000000000000000
000E600709010400020400200000004000000000000000000000000000000000
0020200000000026000040000000080000000000000000000000000000000000
0000000000000000200000000000000000000000000000000000000000000000
000000000004000F0083E00000C00A0000000000000000000000000000000000
1020A40028020000021008000450117500000000000000000800000000000000
0000000800000001000080000000000000000000000000000000000000000000
0000000000000000000000000000010000000000000000000000000000000000
0000018000000003000880012000631100000000000000000000000000000000
103244430801C000001000300090048500000000000000000000000000000000
0000000000000040000000000000000000000001000000000000000000000000
0000000000000000000800000000000000000000000000004000000000000000
000000000000000500002000000010AC08000000000000000000000000000000
0000000000000000000000001000000000000000000000000000000000000000
000000000000000006024400000C30E008000000000000001000000000000000
1000003C0C000101824010300700000100000000000000000800000000000000
0000000000000300000010800201802000000000000000000000000000000000
0000040080000000000800000004010200000000000000000000000000000000
0000000002000000000400000008020040000000000000000000000000000000
0008000000081000024000040500010500000000000000000000000000000000
04004000000000400200000200E1840100000000000000000000000000000000
0000000000000000000000000000000000000000004000000000000000000000
1000000000000622000100030000080900000000000000000000000000000000
0000000000000000000000000000000000000000000000000000000600000000
0000000000000000000100000000020000000000000000000000000000000000
0010001000060000000000A00002018000000000000000000000000000000000
040000000000000000C6000000284492C8000000000000000000000000000000
0000000000000000000000000000000000000000000000000000000000000000
0000020000000054000000000040000000000000000000000000000000000000
105180C200008204020000300002013100000000000000000800000000000000
0000000000080001000080000000080008000000000000000000000000000000
0000000000000000000000000000000080000200000000000000000000000000
0000005000000031000000000020008208000000000000000000000000000000
0000000000000000000000000000000000000000000000000000000200000000
000000000000000005CC430002108CFF08000000000000000000000000000000
0000000000000000000000000001000000000000000000000000000200000000
0000000000800000400000000000100008000000000000000000000000000000
0000000000000000000000000000000000000000400000000000000000000000
0000000000800000040000000000020840000000000000000000000000000000
0000000000000000000000000001010000000000000000000800000400000000
0000000000000000029204800009848000000000000000003000000000000000
4800000000000000000000000000000000000000000000000000000000000000
0000000000000000001080000000A00000000000000020000000000000000000
1030081000001200000000060010000000000000000000000000000000000000
1000000000440011040047008040085800000000000000000000000000000000
0000082000000000000000000000000020000000000000000800000000000000
0000000000000000000020000000008000000000000000000000000048000000
005000C022100000062000C00000034900000000000000001000000000000000
0400000002000000000000000000004080000000000000000000000000000000
025340E008008982004408080080010000000000000000000000000000000000
0600000000000008000080040210200000000000000020000000000000000000
0000000000000000000000000000000000000000000000010000000000000000
000000004000000004006780009480D200000000000000001000000000000000
0000000000000000000000000000000000000000000000400000000000000000
01800000000C000004042000002000E508000000000000000000000000000000
0000000008000000000000000000000000000100000000000000000000000000
0000000C01A00004400008000000000200000000000000000000000000000000
0000000000000000000000000000000000000000000000000000000000000000
0000000000040001008100000000001020000000000000000000000000000000
0000000000000000000000000000000000000000000000000000200000000000
0000002000000010400004010080200000000000000000000000000000000000
0000002280000000000000000000000000000000000000000000000000000000
0000000000000000000000000000100080000000000000000000000000000000
000010200400060042000000000101C020000000000000000000000010000000
0000000000000000004220000008044060000000000000000000000040000000
008524222800800000581E000020000400000000000000000800000000000000
0000000000000000001400800000000500000000000020000000000000000000
0800000080004000000000000000000000000000000000000000000020000000
040000000000000006D4738001FFFCFB00000000000000000000000000000000
0000000000000000000000000000000000000000008000000000000000000000
0000000000000000000000000080000000000000000000000000002800000000
0000000000000000020000000000800000000000000000000000000010000000
00000000000000000000A2000000100008000000000000001000000000000000
0000000000000000000000000000000000000000000000000000000008000000
00000B8005800000000040004008000000000000000000000000000000000000
0000080000000180000000000000000000000000004000000000000000000000
020000000000000380A000000000000000000000000000000000000000000000
1410040100100000020C00000000056600000000000000000800000000000000
010000C0180000000410C1000010247900000000000000000000000000000000
8004000100008000000000200000000000000000000000000000000000000000
0100000000000002000000000000000808000000000000000000000000000000
0060FC180C020F80020000000000000000000000000000000800000000000000
044022000400000200000000000000C000000000000000000000000000000000
0010000000000000000000000000000000000000004000000000000000000000
0400000000000000000CC2840020A88000000000000000000000000000000000
0000010000000000000018000004000000000000000000000000000200000000
0308000000000004C00000000000200000000000000040000000000000000000
0000000000040000000000000000000000000000008000000000000000000000
0005808800000000000040000020200000000000000000000000000000000000
1060402000000900000200400000000020000000000000000000000000000000
0000000000000000000080040000000000000000000000000000000000000000
11C9904024000B08062000000000027D20000000000000000800000000000000
0000000000000000000046A800C0400200000000000000000000000000000000
0001000020180000020008000402807000000000000000000000000000000000
0320381C0000000344110000000000B200000000000000000000000000000000
0011200000001000018000000700009800000000000000000800000000000000
0000004000000200000000002800000000000000000000000000000000000000
0000000000000000000000004000000000000000000000000000000000000000
1200000000020000004542000000048008000000000000001000000000000000
0000000000000000000000000000000000000000004000000000000000000000
1000000000000800008000000000020040000000000000000000002800000000
0000000800000000008000280400000000000000000000000000000000000000
0000001400000000000000000000000008000000000000000000000800000000
0020000208000800040014100302801900000000000000000000000020000000
0002000000000000000040000000000040000000000000000000000000000000
0000000000000000000000000000000000000008000000000000000000000000
1040000400008000800100000000000008000000000000000000000000000000
000000000000000000000000C000000000000000000000000000000000000000
0080010000000000000008001802000000000000000000000000000000000000
0800000000006000000000000000000000000000000000000000000000000000
0000000000000000000800000000000040000000000000000000000080000000
0000000000000000000000000000000000000000000000000080000000000000
000043000000000BC00080000000001700000000000000000000000000000000
1000200001404000000000000000000000000000000000000000000000000000
0000000000000000008000000000000000000000000000000000003000000000
0000000000000000000000000000000000000001000000000800000000000000
0200000000000000000460800002103228000000000000000000000000000000
0800000000000000000000000000000000000000000000000000000020000000
0100401400000001046000000020440100000000000000000000000000000000
0000000000000000000000000000000000000000008000000000000000000000
0100000800080003840080000000100008000000000000000000000000000000
0000000000000000000000000000000000000000000000010000000000000000
000000003400000000C4800000000C0108000000000000001000000000000000
0000000000000000000000000000000000000000000000000000000000000000
0400000800000000000000000000000000000000000000000000000800000000
0000000000000000000000000000000000000010000000000000000000000000
000000001600000003008200001004A200000000000040000000000000000000
0000000000000000000000000000000000000000000400000000000000000000
0100C70041A008C0064430800080066C00000000000000000000000000000000
0000000000000000000000000000000000008000100000000000000000000000
015000080008001A800100000000000000000000000000000000000000000000
0000000000000000000000000000000000000200000000000000000000000000
000000000000000000C600000000008368000000000000000000000040000000
0000000000000000000000000000000000000000000000000000000000000000
00000000000000000440410000002000C0000000000000000000000000000000
0800000040000000000000100000000000000000000000000000000000000000
010000000000000904C000000000000008000000000000000000000000000000
0000000000000000002000000018220400000000000000000800000000000000
0000100000000001001300000018000000000000000000000000000000000000
0000000200000000040200400000010020000000000000000800000000000000
00000000000000000002E000020808D080000000000000000000000000000000
0000000000000000000000000000000000000000004000000000000000000000
0000000000040000002021000000000008000000000000000000000000000000
0000000000000000000000000000000000000000100001000000002000000000
070010000000000584C520800038427200000000000000000000000000000000
0000000000000000000000205000000000000000000000000000000000000000
0000000000000000000040800000000000000000000000000000000010000000
09C412020010A804014280000216032000000000000000000000000000000000
00000000000000000000C30000E0108000000000000000000000000000000000
0000000000100200000000000000000000000000000000000000000000000000
0000000000000000000000000001000000000001000000000000000000000000
0000000000000000000000000000000000000000000000000000000200000000
0000000004000000000100000000000100000000000000000000003000000000
00106CD048010000004000080000000000000000000000000800000000000000
0100200000000000040000000000000400000000000000000000000000000000
0000000000000000000000000000000004000000000000000000000000000000
0500010004000002044100012021000600000000000000000000000000000000
0000000000000000000000000000000000000000000000000000000000000000
1000000000800110002184000000004000000000000000000000000000000000
049934B400000B020428018002910EC200000000000000000800000000000000
0000000000000000000040000000000008000000000000000000000040000000
0000000000000000000000400000000000000000000000000000000000000000
000020000400000000000001A002000000000000000000000000000000000000
0000000000000000000000000000000000000000004000000000000000000000
00030000C0000000000000000020000000000000000000000000000000000000
1000100440001280020008000000015020000000000000000000000000000000
040080004200000004101080011630A000000000000000000000000000000000
0000000000000000000000000000000000000000020000000000000800000000
000000000000004000008396202070A100000000000000000000000000000000
0000000000000000001408000010113B00000000000000002800000000000000
0000041000A00000000000000000000008000000000000000000000000000000
0000000000000000000000000000000000000000000000000000000000000000
04000000000000000000A0000108008020000000000000002000000000000000
0000000000000000000000000000000000000000000000000000000A00000000
0200040001C00140C00000000040108000000000000000000000000000000000
035E309280024800075402080042001600000000000000000000000000000000
0000000000000000000280800000040008000000000000000000000008000000
0000002000000000000000000000000000000000004000000000000000000000
0000000000000000000000800000000000000000000000000000000000000000
0000010000000000000010000800000000000000000000000000000000000000
0000800000000000020106010043802F00000000000000000000000000000000
0800000000000000009000000002000000000000000000000000000000000000
0000170010000000000040000000000000000000000000000000000000000000
0008010080102010000000000000000000000000000000001000000000000000
0000000000000000000000000000200400000000000040000000000000000000
0000002000101008000000400000000000000000000000000000000000000000
000000000000000004184100001868FC48000000000000000800000000000000
000003000400000002B008000112291700000000000000000000000000000000
00000000008C0009000000000000000008000000000000000000000000000000
0800000000004000000000000000000000000000000000000000000000000000
0000000000000000000000000000000000000000000000000000000008000000
001078540A000B00014800400020B04E00000000000000000800000000000000
10008000002000004001200010E0000600000000000000000000000000000000
0000000000000000000000000000000000000000000000010000000000000000
0100000002001011004100000000000000000000000000000000000000000000
0800000000000000000800000000000000000000000000000000000020000000
000000081600070004D620000030246D00000000000000000000000000000000
000020042C00410004010AD8004F87A300000000000000000000000000000000
00800080101C040000D480000000214600000000000000000000000000000000
0000000000000000000000000000000000000000000000000000000200000000
0000000014000000000020000000008408000000000000000000000000000000
0000000000000000000000000000000000000000000000000000000000000000
04000000000000000000020000206000C0000000000000000000000000000000
0000000000000000000000000000000000000000000000000000000000000000
0100000000000000840000000010000008000000000000000000000000000000
0000000000000000000000000000000000000000000000000000000200000000
000000000400040000A200000100440000000000000000000000000000000000
0010000000000002000000000000000020000000000000000000000000000000
040000000000000002DC848002DCA46F00000000000000000000000000000000
0040000100008000000000000000000000000000000000000000000000000000
0200000000010000000000000000000008000000000000000000000000000000
0000000000000000000000000000000000000000000000000000000020000000
000040000000000000D0A600006224F700000000000000000000000000000000
0000040000000000000000000000012000000000000000000000000000000000
040000000000000000C241800022140008000000000000000000000000000000
10010400E0008000000000200000000000000000000000000000000000000000
0400000800000410400180002000120800000000000000000000000000000000
000002000080001007F83000006B597F00000000000000000800000000000000
0000000000000000000000000000000008000000000000000000000100000000
0000000000000000000000000000000000040000008000000000000000000000
0000000000000003008184000080000000000000000000001800000000000000
0169000613100400014301500408014200000000000000000800000000000000
000000001E0000000001400000202C9000000000000000000000000000000000
0000000000000000000000000000000000040000000000000000000000000000
0000000002000000000600800008400408000000000000000800000000000000
1189A422C0101080000002300600000300000000000000000800000000000000
150021000000000784000001206100B800000000000000000000000000000000
000000000001A082000000000200000000000000000000000000000000000000
000000000600000000C000800010808E40000000000000002000000000000000
0000000000000000002000004000000200000000000000000800000000000000
0000000000000000000085000002000080000000000000001000000000000000
0800000000000030002CD0000003890000000000000000000800000000000000
00000000000000000000000000C0200080000000000000003000000000000000
00084442011020CA010400000008110000000000000000000000000000000000
0400000000000000000107800339421000000000000000000000000000000000
0008040004020200007814000380112500000000000000001000000020000000
0000000100000000000000000010400008000000000000000000000000000000
10F87C5E78098C80020E0100015023BF00000000000000000800000000000000
0000000000000000000000000000008000000000000040000000000000000000
0000004000100800400000014000000000000000000000000000000000000000
0000000000000000000000000080000840000000000000000000004000000000
0000140000000000000000000200000000000000000000000000000020000000
0000200018000000000000000000020000000000000000000000000000000000
0000000000000000000000000000000000000000000000000000000400000000
0000800000000000000000000000000000000000000000000000002000000000
0000000000000000000000000000000000000000000000000000000000000000
0000000006000000008100000000000000000000800000001000000000000000
0800000600000000020028000200000000000000000000000000000000000000
0200E00040000000000000000000020000000000000000000000002800000000
0000000000000000042600014000010400000000000000000800000000000000
0000000000000000800000000000000008000000000000000000000040000000
0003000040000000000000600000000000000000000000000000000000000000
04000000000004000046148000E080A100000000000000000000000000000000
0000000000000000000008000000000000000000000000400000000000000000
01000100000000000040000000242E2240000000000000000000000800000000
0000000000000000040100000000400000000000000000000800000800000000
04008000000002E0000000000020083008000000000000001000000000000000
0062400220003800010008200100000000000000000000000000000000000000
0000020000001000000000021810908000000000000000000000000000000000
0000000000000000000000000000000000000000600000000000000000000000
0000100000000005000160000000060100000000000000000000000000000000
129108C000020080060800200020010000000000000000000800000000000000
0000000000000000008400000000000080000000000000000000000000000000
0000000000000000000000000000000000000000000000000000000000000000
150000000000000500C000000000444008000000000000000000000000000000
108FA4A79800EB2007FC003001DA81FF00000000000000000800000000000000
0000000000000300000000000000006060000000000000001000000000000000
0000000000000000000000001000000000000000000000000000000000000000
0000001000010038000100010000200000000000000000000000000000000000
0280A04311000C0002080060019C05EF00000000000000000800000000000000
00000110004000000400048010C1101200000000000000000000000000000000
0000000000000000000000000000000000000000000000000000000000000000
020010000418000000C041000000000200000000000000000000000000000000
080006008000A020000806200000840000000000000000000000000000000000
0000000000000000000000000000000080000000000000000000000000000000
0000000000000000000000000000000010004000000004000000000000000000
000000000000000000C8C6000138800000000000000000000800000000000000
0004100080000000002008000000000000000000000000000000000020000000
0000000000000000008000000020440048000000000000000000000000000000
0000000000000000000000000000000000000000000000010000000000000000
0000000000000000C02100018810000000000000000000000000000000000000
00C000000000000007702A0800B2014D00000000000000000800000000000000
04000000000000000086E58002129C9840000000000000001800000000000000
1040244A02040800020000040010000000000000000000000000000000000000
044060340800000604210401A229E8BA00000000000000000000000000000000
0000000000100000001000010000000800000000000000000800000000000000
000000000000000002D676800071809420000000000000003000000000000000
00214C2046000388000000000240400B00000000000000000000000020000000
0400000000000000008020040000080000000000000000000000000000000000
0000080000000804000000010000000000000000000000000000000000000000
0400000000000000001284A40030840C00000000000000001000000000000000
0000000000000000000000000000000000000200000000000000000000000000
0000000000000000000000000000000000000000000000000000000000000000
0000000000000000000000000000000000000000000000000000000000000000
1180055002400000000000000080000000000000000000000000000000000000
0000000000000000000000000000000100000000000000000000000400000000
1158C0480000000BC01040000008623800000000000000000000000000000000
0004000180000000020000000000000000000000000000000000000020000000
1000000000000000000000022020000000000000000000000000000000000000
0000000000000000000000000000000000000000000000000000000400000000
0001800040000000000004000000060500000000000000002000000000000000
0000000000000000000000000000000000000000000000000000000000000000
0000000000000000000000000000000040000000000000000000000090000000
0000000000000000000000000000000000000000000000000000000000000000
0200000000000000000120000000040008000000000000000000000000000000
0000000000000000000000010000000000000000000000000000000000000000
0000000000000000040046000118209140000000000000000000000000000000
00012846A800AC00000000200000000000000000000000000000000000000000
1078000802340001C50961000000491800000000000000000000000000000000
0008000000000000000800000000000000000000000000100000000000000000
0000000000000000028080000044704000000000000000000000000000000000
0800000000004000000000000000000000000000000000000000000000000000
0000000000000260000000000000088408000000000000000000000000000000
0000000000000000000000000000000000000000000000000001000000000000
0000000000000000000446020028400000000000000000000000000000000000
0000000000001808000000000000000000000000008000000000000000000000
0000000000000000000000000004001400000000000000000000004000000000
0000000000000000000000000004000000000000000800000000000000000000
000000000000000004802000000020A148000000000000001000000000000000
0008044800008800008410100001000000000000000000000800000000000000
0000031003040003000000000000008800000000000000000000000000000000
1000000000000000000000000000000000000000000000000000000000000000
0001800000000000004000000000000000000000000000000000003800000000
0000000000000000000000000000000000000000000000000000000000000000
1000000000600400000000000000100008000000000000000000000000000000
0B0E80E22502B8C00260120003203A0400000000000000000000000000000000
0000200000000001049088000001002600000000000000000000000000000000
0040000000000100000000000000000000000000008000000000000000000000
0000010000000000040002000021000000000000000000000000000000000000
0000000000000000000000000000000000000000000000000000000080000000
0000000060000000000100000000184000000000000000000000000000000000
0000000208000000200000000000000000000000000000000000000000000000
0400000000000000000140008000010000000000000000000000000000000000
0000000000000000000000000000000000000000000000000000800000000000
00000000000000000100E4800220A8A020000000000000001000000000000000
8802000080002000002800000300000000000000000000000000000000000000
1040100000000440000000010001200000000000000000000000000000000000
0000000000000000000000000000000000000000000000040000000000000000
0200008000000100000100020030002000000000000000000000000000000000
0047040270009A00000800080000000400000000000000000000000000000000
030000000A020000008000000000004400000000000000000000000000000000
0000002400011000011008100600004000000000000000000000000000000000
0020030000001000008040000000000000000000000000000000000000000000
00A0000000000000000000100800000000000000000000000800000000000000
1000000000000000000000020000000000000000000000000000002800000000
0800000000008000000000000000000000000000000000000000000000000000
05000004004000008003000000C000A608000000000000000000000000000000
0800000380000000040000000004010000000000000000000000000000000000
020819000700000000A71080603004B900000000000000000000000000000000
0000000000000000000000002000000000000000000000000000000000000000
0000000000000000000244000020800088000000000000000000000000000000
8090000480000000020000100000000000000000000000000000000000000000
0000008010000000000100000000040000000000000000000000000000000000
0000008080000000000000204000000000000000000000000000000000000000
000000000005000100222000000002A808000000000000000000000000000000
0000000000000000000000000000000000000000008000000000000000000000
0000000000000000000480000020100008000000000000000000080000000000
0000000000000000000000004000000000000000000000000000000000000000
0000024030000000000000010000000000000000000000000000000000000000
0000000000000000000000000000000000000000000000010000000000000000
0000000000000001000020000000000000000000000000000000000000000000
0000000000000000000000000000000000000000000000010000000000000000
1600000000000000020002000010107708000000000000000800000000000000
0080180002020080050000000C00018E00000000000000000800000000000000
0400020010000500000000004004223D00000000000000001000000000000000
0000000000000000000000000000000000000000000000000000000800000000
0000800000000010002000008000000000000000000000000000000000000000
0040080000011A80800008000000002020000000000000000000000000000000
0100000000000040000000000020028108000000000000000000000000000000
0004000200008000008808100400000000000000000000000000000000000000
0000704013C80CD000250000000002B400000000000000000000000000000000
0000000000000000000000000000000000040000000000000000000000000000
00000000000000000200208000C0104C08000000000000000000000000000000
0000000000008004000000000000000000000000000000000000000020000000
0000000000000000000000002000000000000000000000000000000000000000
0000000000000000000000000000000000000200000000000000000000000000
0400000000000000060000000008000408000000800000000800000000000000
1010400248000200057000000000000C00000000000000000800000000000000
0000000000000000000141000010402040000000000000000000000000000000
0000000000000000000000004000000000000000000000000000000000000000
0000000800000000048000000000040040000000000000000000003000000000
0020000000000002000008000000000100000000000000000000000020000000
0000000000000000000200000020008408000000000000003000000000000000
0000000000000000000000008000000000000000000000000000000000000000
0000000000000000001000000000000008000000000000000000000188000000
0000000000000000000000000000000000000000000001000000000000000000
0000000040000000001041000101080000000000000000000000000000000000
0000000000001000000000201100000000000000000000000800000000000000
0100000000000000000462800000000008000000000000000000000000000000
10020CC00000000001400840031801E000000000000000000800000000000000
000000003C000400044300000020040000000000000000000000000000000000
00898C1060000A0A06420C060540062800000000000000000800000000000000
0310030000000000002000830090000100000000000000000000000000000000
0000000000000000000000000000000000000000000000000000000000000000
1000000000000000040A628200018CF000000000000000000000000000000000
0000000000000000000020000000004000000000000000000000000400000000
0700000000070007062100000000230F08000000000000000800000000000000
0000000000000000000000000000000100000000000000001000000000000000
000000001C00000000C30000000862E808000000000000000000000000000000
0000000000000000000000000000000000040004000000000000000800000000
0400000800000000408000000000002400000000000000000000000800000000
0010000000000000000000000000000000000000004000000000000000000000
0100000000020000800010800000002000000000000000000000000000000000
0000000000000000000000000000000000000000000000000000000000000000
010000000200000104B90280001847EC00000000000000000000000000000000
0000004000000000000000000000000000000000000000000000000000000000
024000000000000F810080000000100108000000000000000000000000000000
0000000000000000000000000000000000000000000002000000000000000000
0000230805400000000100000000000000000000000000000000000000000000
0000000000000000000000000000000000000000000000100000000000000000
1000D00014000000000001800100400000000000000000000000000000000000
00A870C65811028A010000200403038400000000000000000800000000000000
0100100000000001000006800030210000000000000000000000000000000000
0000000200002000000000080100000000000000000000000000000000000000
0000000000000000000000000000100000000000000020000000000000000000
0000000000000000000000000000000000000000000000000000000400000000
0000400000400000000000000000000000000000000000000000000000000000
00182000101108020130080C0700016900000000000000000800000000000000
0540000000001000401000000000000508000000000000000000000000000000
0440008100004410018000300008004000000000000000000000000000000000
0000000000000000048255000000008008000000000000002000000000000000
140011108000001802C40008005401D500000000000000000800000000000000
00000000000000000018C0000000000028000000000000000000000000000000
0000000000000000000000000000000000000000000000004000000000000000
0000000400800000008004800000000008000000000000000000000000000000
0000000000000000000000000000000000000000100000000000000000000000
0000000000000000000000000000000000400000000000000000000000000000
0011606610080182000000000010012400000000000000000800000000000000
00000000000000000000C6200010E00000000000000000001000000000000000
0000000000000000000400000000000000000000000800000000000000000000
000000001800020004A000000000236408000000000000000000000000000000
0800000000002000000000000000000000000000000000000000000000000000
030000000200000006A120002021404200000000000000000000000000000000
0002000000004000000000600000000000000000000000000000000000000000
010000002200000000824180000062B500000000000000001000000000000000
0206000280000000010008200000018800000000000000000000000000000000
0400000000000100048265000080349A20040000000040001800000000000000
0000000000000000000000000000000000000000000000000000000000000000
0110800800080A31C22000000008627000000000000000000000000000000000
0000000000000000000000000000000000000000000000000000000000000000
04000000000000000610040005FBD4FE48000000000000000800000000000000
0000000000000000000000000000000000000000000000040000000000000000
00000000000000000000C0240001000000000000000000000000000000000000
0000000000000000000000000000000000000000000000000000400000000000
05000000000A0010000000000000000008000000000000000000000000000000
0000000000000000000000000000000004000000000000000000000000000000
000000000004000E0214A00000001A3008000000000000000800000000000000
0000100000000000000800200000010000000000000000000000000000000000
000000000A0000000180A1000000000000000000000000000000000000000000
0000000200004020000000000000000000000000000000000000000080000000
0400040000020010012900000000000000000000000000000000000000000000
1008600180002000000000200020000000000000000000000000000000000000
000000000600000000C010800000800000000000000000000000000000000000
0800000000000000000000000000000000000000000000000000000000000000
0000000000000001000004000000000000000000000000000000000000000000
080200000210C000000400000402000000000000000000000000000000000000
0000002000000060000080000040000000000000000000000000000000000000
0000040008028000000000000000000000000000000000000000000020000000
000001000000000104000001803000D800000000000000000000000000000000
0000000000000000000000000000000000000000000000000000000000000000
0000000000000000000000000000000080000000000000000000000000000000
0000000000000000000000000000000000000000000000000000000000000000
0000000000000001000000011802020000000000000000000000000000000000
00812080A0008200047008000184000100000000000000000000000000000000
0000000000000000009680840400242C00000000000020001000000000000000
0000000000000000000000000000000000000000000000000000000800000000
0400000000000300021880000000080008000000000000000000000000000000
00B004000A00080001000C000300420800000000000000000000000010000000
0000000020000000000012000040000A00000000000000001000000000000000
0000000000000000000000000000000000000000000000000000000200000000
0000005000040000000000000040100000000000000000000000000000000000
4000000000000000000000000000000000000000000000000000000000000000
0000000000000015000000000000000008000000000000000000000000000000
0000000508004000000000240000000000000000000000000000000000000000
0000000000000005408004002000800000000000000000000000000000000000
0000000000000000000000000000000000000000004000000000000000000000
0000000402000000000120000000028008000000000000001000000000000000
0000000000000000000000000000000000000000000000000000400000000000
0300000000800042000100000000002020000000000000000000000000000000
0020000000000800000002000000000000000000000000000000000000000000
0140003000040001800080000000002008000000000000000000000040000000
0000000000000000000000000000000000000000000000000000000000000000
00000000000000000000C0000080280000000000000000000000000000000000
0008400201008000001000000100000020000000000000000000000000000000
0400000000000000021080000044008040000000800000000000000000000000
0000000000000000000000000000000000000000000000000000000000000000
00000000000000000000A4800106100040000000000000000000000000000000
0001000000000000000000000000000000000000000000000000000000000000
0300001400800000001000000000121B08000000000000000000000000000000
0000000000000000000000000000000000000000004000000000000000000000
0000000000000000000402000020008000000000000000003000000000000000
0C00080240200080000000000400032A00000000000000000800000000000000
0100000000000004040220000000002008000000000000000000000000000000
0000000000000000000000000000000000000100000000000000000000000000
0000000000000800050840000000000008000000000000001000000000000000
10E008600000000004800020000201A400000000000000000000000000000000
0000000000000000000004040000400000000000000000000000000000000000
0000000000000000000000000000000000000000000002000000000000000000
0000000000000000000004009800100000000000000000000000000000000000
0000000000000000000000000000000000000000000000000000000000000000
0000000011000039000000000000000000000000000000000000000000000000
0001000000000000000008400000010000000000000000000000000000000000
0000200000000000000000000000004000000000000000000000001000000000
0048000240100200000000140200010000000000000000000000000000000000
01000020010000010100840000C0000000000000000000000000000000000000
0000000000000000000000000000000000000000000000020000000000000000
0000000000000000000000000000000000000000000000000000000000000000
0010102202000000000001180200000000000000000000000000000000000000
0010014000000000008026000000000000000000000000000000000000000000
002100004C081080810200000400000000000000000000000000000000000000
0400020000000060000020000020008100000000000000000000000000000000
001000480210820002601C000103002000000000000000000800000000000000
010000A800000000000080000000000000000000000000000000000000000000
0000000000000000002000000000800000000000000000000800000000000000
0000000000000000000000000000000000000000800000000000000000000000
0080001000020404000000080400000000000000000000000000000000000000
0000000000000000800080000000008808000000000000000000000000000000
0010000000000020000000000000010000000000000000000000000000004000
0000000000000000000000000042920208000000000000000000000000000000
0030008000118804010800200000000000000000000000000000000000000000
0000000000000000000006000000000000000000000000102000000000000000
002C040302000000033000100000000000000000000000000000000000000000
0000000401000000000000000002000000000000000000000000000000000000
0000000000000000000000000000000000000000000000020000000000000000
10000000000000204000C0030200081000000000000000000000000000000000
0004000080000000002008000180810000000000000000000800000000000000
0000000000000000000000000000000000000000000008000000000000000000
0000000000000000000000000000000000000200000000000000000000000000
0000000034000000000080000000040000000000000040001000000000000000
0000000000000000000000000000000000000000000000100000000000000000
0400000000000002000000000000000008000000000000000000000000000000
0000000000000000000000000000000000000000000000000000000000000000
1100000800008000040041000000000808000000000000000800000000000000
0000000000000000000000000000000000000000000000010000000200000000
0000000000000000000000000000000000000400000000000000000000000000
0000000000000000000000000000000000000000000000000000000400000000
0000000000000000000000000108000140000000000000000000004000000000
0000000000000000000000000000000000000000000000000000000200000000
0000000000001810002100010000000000000000000000000000000000000000
08100400000040800484C0200006000100000000000000000000000000000000
0000000000000000000000000000040040000000000000000000000060000000
0000000000000000000000000000000000000000000000000000000400000000
04000000000000000100800C00C0649000000000000000000000000000000000
0000000000000000000800000004004000000000000000000000000600000000
0000000000000000000200802000004000000000000000000000000000000000
0081002040008200060002200100097200000000000000000000000000000000
0000000000000000000000000021901040000000000000000000000000000000
0000000000000000000000000000000000000000000000000000000000000000
0410000000000200002008021001000000000000000000000000000000000000
0000000000100000000000200000000000000000000000000000000020000000
020080C001E40008068400000000083D00000000000000000000000000000000
0000000000000000000008000000000000000000000000000000000020000000
0000000801C00000800000000000000008000000000000000000000000000000
0000000000000000000000000000000000000000000000000000000020000000
0000400000000000008080000000000000000000000040000000000000000000
0800000000000000000000000000000000000000000000000000000100000000
0000000000000005000104019851000100000000000000000000000000000000
002A090100012200024000280010000000000000000000000800000000000000
0000C0A018000000000100000000010100000000000000000000000000000000
0000000000000000000008000000010000000000000000000000000000000000
04000000000000000600000000C844A048000000000000000000000000000000
040048800200020005A002000502214E00000000000000000800000000000000
0000010C22000401800000000088043000000000000000000000000000000000
0000000000000000000000000000000000000100000000000000000000000000
1000010000000040040000000020049800000000000000000000000000000000
0000000000000000000000000000000000000000000000010000000000000000
0700800000E0000040C200000000000800000000000000000000000000000000
10E828802A020000440008000000010400000000000000000800000000000000
0000000000000000001222000042100008000000000000000800000000000000
0000000000000000000000000000000000000000000000000000010100000000
002C00000000000600108100800000B100000000000000000000000000000000
0000000000000000000000000000000000000000000000400000000400000000
0010400000000000000000000000000400000000000000000800000000000000
0800000100000000000000200000000000000000000000000000000080000000
0000000000000000000480000000000008000000000000000000000008000000
0000000080000000000000000000000000000000000000000000000090000000
0000020000000001000000010000000000000000000000000000000000000000
0800000000000000000000000000000000000000000000000000000400000000
1000800000000060000040800002100E08000000000000000000000000000000
0000000000000000000000200000000000000000000000000000000000000000
000000000400000000000000000002C000000000000000000000001000000000
8001000080000000000000000000000000000000000000000000000000000000
03806C0006E0060002C020000000006C00000000000000000000000000000000
1000040804208000004000080082000100000000000000000000000000000000
012000080300000040080000000000A600000000000000000000000000000000
0030100000004004000000100000000000000000000000000000000000000000
000000000000000A000040000000048008000000000000000000000000000000
015ED45D31000800068800300040070400000000000000000800000000000000
0400000000000000008100001080020000000000000000000000000000000000
0070004000000000000008000000000000000000004000000000000000000000
0400000000000160040021000004400000000000000000000000000000000000
0000000000000000000000000000000000000200000000000000000000000000
0000600000E00000002002020000005200000000000000000000000000000000
0020044000000000027008000311974300000000000000000800000000000000
040000003200070002108000000026DD08000000000000000800000000000000
0018600400110C08041000080702018000000000000000000000000000000000
0000000008000000042140000231EA3240000000000000000800000000000000
0000000000000000000000000000000000000000000000000000000000000000
0000000000000000001080000020004008000000000000000800000040000000
0000000000000000200000000000000000000000000000000000000000000000
1204600002100000004000000000000100000000000000000000000000000000
0000000000000000000000000000000000000000008000000000000000000000
0000000000000000041085000031004208000000000000000000000000000000
0000000000000000000000000000000000000200000000000000000000000000
0300000000000000000000000000000000000000000000000000000000000000
0000008000000000000000000000000000000200000000000000000000000000
0000000000800003000000000000220000000000000020000000000000000000
0000000000000000000000000000000000000000000000000000000000000000
050000000000000800C020000020200100000000000000001000000000000000
0000000000000000000000000000000000004000000000000000000000000000
040001100000080740010000000010A000000000000000000000000000000000
0000000000000000002008000001010220000000000000000800000000000000
0040000000040010000000000000400000000000000000000000000000000000
0000000000000000012008000004000000000000000000000000000080000000
001000000000000180000002B908400000000000000000000000000000000000
090840F84401710586E4012004128FE700000000000000000800000000000000
1400000000800840040108021881002300000000000000000000000000000000
0000000000000000000000000000000000000000000000000000000600000000
00000000000000000118C0000000102808000000000000000000000000000000
0000000000000000000000004000000000000000000000000000000000000000
1008000000400000000000000000420000000000000000000000000000000000
0000000000000000000000000000000000000008030000000000000000000000
000083400000020000204001A808400000000000000000000000000000000000
040080020300680000000C000148000000000000000000000800000000000000
0000000028000000000000000000000000000000000040001000000000000000
0000000000000000000000200000000000000000000000000000000000000000
1200000000000000000422800401409300000000000000000000000000000000
0000000000000000000000000000000000000000000000000000000000000000
0000280004000410400120000000004000000000000000000000000000000000
000000448312300004700000020041F500000000000000000800000000000000
0010000000000001000000000000028000000000000000000000000000000000
0000000000000000000000000000000000000000000000000000000200000000
0610410018000005808200000000108100000000000000000000000000000000
0000000000000000000000000000000000000000000000010000000000000000
0060400004000000000020000000000000000000000000000000000000000000
4000000000000000000000000000000000000000000000000000000020000000
0000000050000600008080000008408000000000000000000000000000000000
1149F81C7C170F8B062000000000013700000000000000000800000000000000
07000004000000038016F78100C000C800000000000000000000000000000000
0000040200018000000808000000000200000000000000000000000020000000
0002000000000000000020000020000048000000000000000000000000000000
0000000000000000000408000200010800000000000000000000000000000000
0000800000000040000280000000000820000000000000000000000000000000
0010280010000800000000040000020900000000000000000800000000000000
0000000000000000000041040020000020000000000000000000000000000000
0020000020000000000000080100000000000000000000000000000010000000
0002800000000000000001800000001080000000000000000000000000000000
800E240320000900000000100100000000000000000000000000000000000000
0400000000000000000000000000100088000000000000000000000098000000
0880080100004400004000200000000000000000000000000000000000000000
0000000000000000808000000000008540000000000000000000003800000000
0010880006010200020000000000000080000000000000000800000000000000
0100800C000000688000040100E0000600000000000000000000000000000000
0000000000000000000000000000000000000000000000100000000000000000
000000000000000002C180000000044108000000000000000000000000000000
0000000000000000000000000800000000000000000000000000000000000000
02200000020800010000800000000A8008000000000000000000000000000000
0000000000000000000000000000000000000002020000000000000000000000
000000000000000004C2400000082080E8000000000000000800000000000000
0000000000000000000000000000000000000000000400000000000000000000
0000000000000000000040000000000300000000000020000000000060000000
0070181800010800000000400000000400000000000000000800000000000000
0000000050000000000180000082108008000000000000000000000000000000
0000000000000000000000000000000000000000000000000000000000000000
0100400000000000000040000080000000000000000040000000000000000000
0000000000000000000000000000400000000000000000000000000020000000
0000020000000001000000000000000008000000000000000000000000000000
0000000000000000000000000000000000000000000000004000000000000000
00000000020000000400100000A0020808000000000000000800000000000000
000C040000004000021000C00000011000000000000000000800000000000000
0000000000000400040040000000400008000000000000000000000000000000
0000000000000000000000000000000000000000000000000000400000000000
054001001004070FC50040000000085000000000000000000000000000000000
027231082121000001800A000600070B00000000000000000800000000000000
0000000000000000001000000000040208000000800000000000000000000000
0000000000000000000008000000000000000000004000000000000000000000
0400000000000000020000000000000008000000800020000000000000000000
00415CE20A099040020000000000023800000000000000000800000000000000
0000000000000000015A658402318C5400000000000000000000000000000000
0000000000000000000000000000010000000000000000000000000000000000
1000000828821020400000001000002000000000000000000000000000000000
0000000000000000000000014000000000000000000000000000000000020000
0000000000000000000200000052844040000000000000000000000000000000
2800000000000000000000000000000000000000000000000000000000000000
0000000400000000000500000021802008000000000000000000000000000000
0000000000000000000000600000010000000000000000000000000000000000
0000000000040001807141000020000008000000000000000000000000000000
1000000220000000020000040200000000000000000000000000000000000000
0100000000000000000041000000000000000000000000000000000000000000
0000000000000000000000000000000000000000000000000000000000000000
000000001600000005E74380002069FF20000000000000000800000000000000
0000000000000000000000040000000000000000000000000000000000000000
0000200012800000000000000000000000000000000000000000000000000000
0000000000000000013888000000151100000000000000001800000100000000
0000400000400003000100010000000000000000000000000000000000000000
0000004201000800041018000000051920000000000000000000000020000000
04A0004003000000800000000000000000000000000000000000000000000000
00A0000000000000020000400000004000000000000000001000000000000000
0000000000400002000000000000100000000000000000000000000000000000
0000000000000000000000000000000000000000800000000000000000000000
0000031000000002002000010000020000000000000000001000000000000000
0000000000000000000000000000000000000000000001008000000000000000
0000001400000004001100000000408000000000000000000000000000000000
0804000000000000000000000000000000000000000000010000000000000000
0400000000000000000600000102800480000000000000000000000000000000
0000000000000000000000000000000000000000008000000000000000000000
0000000000000800000000000000000200000000000000000000002800000000
0000000000000000000000002000000000040000000000000000000000000000
0000400010001C20000040000000000000000000000000000000000000000000
0092A04438010A00038100380200008000000000000000000800000000000000
000007800D000580020080000000186100000000000000000000000000000000
0000000000000000000000000000000000000000000000000000000000004000
0203800000000000000427800010088800000000000000000000000000000000
0000000000000800000000000000000820000000000000000000000000000000
0000801C00000002401000000020000000000000000000000000000000000000
0000000000000000000000000000000000000000000000100000000000000000
0002000000000000000040800000085040000000000000000000000000000000
0000000000000000000800000000000200000000000000000000000800000000
0000000004000500000000000000008000000000000000000000000000000000
10087C0200098008000000100400000000000000000000000000000000000000
0000800000000000000000000000000000000000000000000000001000000000
0000000280002000001300200188006000000000000000000800000000000000
0000000000000000000000000000200040000000000000000000000000000000
0000000000000000030000600000010100000000000000000800000000000000
02400040200000000010C1000000040800000000000000001000000000000000
1081B8082E011200062004C00000073900000000000000000800000000000000
0100000800020001843080000000015000000000000000000800000000000000
0408244060001200011800080002613400000000000000000000000000000000
1200E001000000000184470000108C0100000000000000000000000000000000
0088000288000000000000000000000000000000000000000000000000000000
0028004808000000000000003000000000000000000000000000000000000000
0000000000000000000000000000000000000100000000000000000000000000
0000400001800004000000000000041008000000000000000000000000000000
0000000000000000000008000200000400000000000000000000000000000000
1003C0000000000004D480820030E0C600000000000000000000000000000000
0004000000000000000000000000000000000000000000000000000020000000
00000000000000000046C0000000040000000000000000000000000008000000
0000000000000000000000004000000000000000000000000000000000000000
00000000000000000000000000000400A0000000000000000000000098000000
0000000000000000000000000000000000000000000000000000000020000000
0000051002000040000000012000000100000000000000000000000000000000
0404000080000000020000000000000000000000000000000000000020000000
04000000000000000442A0000010C40800000000000000001000000000000000
0000000000000000000000000000000000000000000000000000000000000000
12000000000000000014E580004010DB20000000000000000800000000000000
0000000000000000000000000001000000000000000000000000000010000000
0000231000000000008000000000841400000000000000000000000000000000
0000000000002010000000000000000000000000000000000000000000000000
0000400008000401000080000000000008000000000000000000000000000000
0000000000000000000000000000000000000000000000000000000200000000
0000000400000000044320000020801100000000000000000000000000000000
0180008200100810000800000000210000000000000000000800000000000000
0000000000000000000001000020040000000000000000000000000040000000
0000000000000000000000000000000000000000000000008000000800000000
000001000000000000000001B0A1400000000000000000000000000000000000
00480C2000100086000000000000000000000000004000000000000000000000
04000000000000E00400000000A0004400000000000000000000000000000000
0000000000000100000000000000000100000000000000000000000020000000
0400000000C0000000000000000000A008000000000000000000000000000000
0000000000000000000008000000000000000100000000000000000000000000
000000000000000000400200011A0001C0000000000000001000000000000000
0000000000000000000200002000010000000000000000000000000000000000
0000010000000000000100028000600000000000000000000000000000000000
0000000000000000000000000000000000000101000000000000000000000000
0500010800C00000000000000000008040000000000000000800000000000000
0000000000000000000000000000000000000000008000000000000000000000
0000420004800000000000000000000000000000000000000000000000000000
0000181800081000010000100000002000000000000000000800000000000000
1000265007EC0500020000000044405400000000000000000000000000000000
0000000000000008040000000000000000000000000000100000000000000000
0000000000000000000000800000000000000002000000000000000000000000
000000000000000000000C000040000000000000000000000000000008000000
00000008160000004000000020A1981200000000000000000000000000000000
0000400208000882400000000010012820000000000000000800000000000000
1018000800000000000080000000000000000000000000000000002000000000
0000000000000000000000000000000000000000100000000000000000000000
0780000000040003800080000000124C08000000000000000000000000000000
8000020001000020000000000000000000000000000000000000000000000000
0000010000000001000000000000000000000000000000000000000000000000
0000000000000000000000000000000000000000000000000000000000000000
00000000000000000046400000000401A0000000000000000000000000000000
000000200000000000000000C000000000000000000000000000000000000000
0000000000000000000020000120000000000000000000000000000000000000
0880000000008000000000000000000000000000000000000000000000000000
0100000000000000000000000080008000000000000000000000005000000000
0000000000000000000000000000000000000000000000000000000200000000
000600003E00000000C241000018220800000000000000000000000000000000
0000000000000000000000000000000000000000000000000000000000000000
00000000000000020410C0000000000008000000000000000000000000000000
0000010480102000000000180000010000000000000000000000000000000000
0200800006000000020004000010141200000000000000000000000000000000
0000000000000000000000000000010000040000000000000000000000000000
0000000000000000004000020010C00900000000000000000000000000000000
0020000000010000000000100400000000000000000000000000000000000000
1000810000001200004100021000020200000000000000000000000000000000
0000000000000000000000000000000000000000004000000000000000000000
0400000000000000061080000040504748000000000000000000000000000000
008000000000000005140800003C086100000000000000000800000000000000
0100000000000004020104009002000800000000000000000000000000000000
0800000000004000000000000000000000000000000000000000000080000000
0000000000000000009001000000148000000000000100000000000000000000
0000000000000000000000001000000000000000000000000000000000000000
0210410000040014C410C0000000001000000000000000000000000000000000
0002000000002000002000000400000000000000000000000000000000000000
0060820800800000000060000040000000000000000000000000000000000000
0000000000000000000000000000000000000000000000000000000400000000
0000000000000000000000000000000000000000000000000000004000000000
0000000000000000000000000000000000000000020000000000000000000000
1000000000000000001423800021206E08000000000000000000000000000000
01D000400111800006360F000150014300000000000000000800000000000000
0200000002800004000000000000004000000000000000000000000000000000
0001001000000800000000100000000000000000000000000000000020000000
0000008000000008000080002000000000000000000000000000000000000000
0000000000000000000000000000000000000000000000000002000000000000
1500000000000000000000000000000048000000000000000000003000000000
0000000000000000000000000000000000000000000000000000000200000000
000080000000000100000000008004A008000000000000000000000000000000
0000000000000000000000000000000000000000000000002000000400000000
002EC0001000000105014100000068C800000000000000000000000000000000
0000000000000000000000000000000000000004000000000000000000000000
16000000000000800400008202C500A000000000000000000000000000000000
0001E02000101008004008000010010000000000000000000000000000000000
010002000000000004C10000001000C020000000000000000800000000000000
0000000000000010077CE0000033ED7B00000000000000000800000000000000
0100400000000000000000001000000000000000000000000000000000000000
0000000000000000000000000000010000000000000000000000000000000000
0100840036C40700068240000000087100000000000000000000000000000000
1000000400001800005008000000010120000000000000000000000000000000
040000001E000000000041000000200000000000000000000000000000000000
0000000000000000000000000800000000000000000000000000000000000000
00000000000000000088058003082A9000000000000000003000000000000000
0006048000006020000000000000200000000000000000000000000000000000
0000000000000000000000000000100000000000000000000000000000000000
0000000000000000000000000000000000000000000000010000000000000000
0000000000000002000000001800000000000000000000000000000000000000
0000000000000000000000000000000002000000400000000000000000000000
00000000000000000188E3840239A85B00000000000000000000000000000000
0048282208000000042000000400014020000000000000000800000000000000
0000000000000053020100000000000000000000000000000000000000000000
0000000000000000000000000000000000000000000000000001000000002000
0004000000000000000000000000000000000000000000000000003000000000
0000000000000020000000000000000000000000000000000000000200000000
0400C0000000004002D42200002084C800000000000040000000000000000000
0000000000004000000008400000000000000000000000000000000020000000
0000000000000000024080000020100008080000000000000000000000000000
0000000000000000000000000000000000000000004000000000000000000000
0500800840001001408080000000408400000000000000000000000000000000
0000000000000010000000000000000000000000000400000000000000000000
0000000000000000008000000010447700000000000000000000000000000000
0000000000004000000000000000000000000000000000000000000000000000
1000000018200000000040022008408000000000000000000000000000000000
0000000000000000000000000000000000000000100800000000000600000000
000000000000000000C6368001C984EE00000000000000000000000000000000
0000000000000000000000000000000000000000000000008000000000000000
008000000000000F06008000000410A148000000000000000000000000000000
0000000000000000000000000000000000000000000000000000000200000000
0100000000000610443000000000020000000000000000000000000000000000
0000000000000000000000000000000000000000000004000000000000000000
0000000000000000000000000000000000000400000000000000000000000000
00D058625C220488020000400000011000000000000000000800000000000000
04000000000000000379E20000D4277E00000000000000000000000000000000
13D9D8A0D821000203240230000001D600000000000000000800000000000000
000000000000000004A000000000012848000000000000040800000402000000
0000000000000000000010000000000000880000000000000000000100000000
000000000000000000C700000004030A00080000000000000800051600000000
0000000000000000002010000000900000000000001000000000000100000000
0000000000000000000000000000201200002004100000080000000000000000
0000000000000000000840000000000000044000400040009000000000000000
000000000000000004EC00000004607E00000000000000040800000800200000
0000000000000000020000000222001000008000000000000000000100000000
000000000000000004800000000401021000020400004A06280003D000000000
0000000000000000000000000020000000000000000000000000000000000000
0000000000000000009000000004204720000000000000000000000400000080
0000000000000000000000000000008100000000001000000000000100000000
0000000000000000010020000000000000200000000000000000042000000000
0000000000000000000000000200000000000000000000000000000000000000
0000000000000000004000000000A34010002020040000800000050000000000
0000000000000000000080004000000040000000000000000000040401000000
0000000000000000040000000014010000000040000000040000000800000000
0000000000000000020000003000000880000000000000004000000000000000
0000000000000000000000000000020000800000000008800000000000000000
0000000000000000000000000000000000000000000000000000000000000000
0000000000000000008000000010012240000000010001108800029800000000
0000000000000000000000000000000000000000000000000000000000000100
0000000000000000000000000000010000000000000000000000000010000000
0000000000000000000000000000000000000000000000000000000000400000
000000000000000000D400000000217710020000020008040000038C00000000
0000000000000000000000000000000000000000000000000000000000000200
0000000000000000000000000000000000000800002000000000084000000000
0000000000000000000000000000000000000000000000000000000000000000
0000000000000000000000000000000000000000000000000000000040000000
0000000010000000000000000000000000000000000000000000000000000000
000000000000000005D4000000000377A0000080000000020800073E00000000
0000000000000000040800001000000008000008000000000000000000000000
00000000000000000580200000002124000202000408010C0800038C00000000
0000000000000000002040000000402AE08000000000000000000A1400000000
00000000000000000580000000010B550802010000008000280003F800000000
0000000000000000068200000000000000000000200000081000000000000000
0000000000000000008000000006000010000800040000000800028000000000
0000000000000000000880000000000000800000000000000000001100000000
0000000000000000000000008004000000000000000000000000000400000000
0000000000000000000000000020000000000000000000000000000100000000
0000000000000000000000000000012700000018400000000000041200000000
0000000000000000000000005000000000000000000000000000000000000000
0000000000000000000020000004005200010000010400000000000000000000
0000000000000000000000000180000000000000000000000000000000000000
0000000000000000000000000000010000000000000000000000020040000000
00000000000000000000C0000800400000000000000000001000000000000000
0000000000000000000000000000000400000000010000040000000000000000
0000000000000000000000000080080000000000000000000000000000000000
000000000000000000F000000000012000000000010000000000000C41000000
0000000000000000000080000008008200004000000000000000000100000000
0000000000000000000500000000000000000000010000000000000080000000
0000000000000000000000001000000000000000010000000000000100000000
0000000000000000000400000000020000002000010400000000000400000000
0000000000000000000002000000000000000000000000000000000000000000
0000000000000000002100000000010100000208000008020000050200000000
0000000000000000000000000020000000040000000000000000000000000000
0000000000000000055620000004017748000020100000000800073800000000
0000000000000000000010000000000000000040000000000000001100000000
0000000000000000000000000000000000020204000108000000014000000000
000000000000000000000000D000000000000000000000000000000000000000
0000000000000000000000000000000000000000010000000000030400000000
0000000000000000040C00000000506100005420004400200800003300000000
0000000000000000000400000000000000000000000000000000060000000800
0000000000000000000AC0001C00C0190800800000000000400000C800000000
00000000000000000000000000002326C820002000000000000001B800000000
0000000000000000000000000000000000000000000880000000000000000000
000000000000000000A500000000020000000800000000000000070000000000
0000000000000000002090001000000000804000000000001000000100000000
0000000000000000014000000000015400202000084000040000022800000000
0000000000000000000000000028000000000000000000000000000100000000
0000000000000000058000000000014900000000204208040800051000000000
0000000000000000000000000400008000000000000000000000000000000000
000000000000000005F400000000036F690000001801000A0800077A00000000
0000000000000000000000000000100000020080080002200000000000000000
0000000000000000000000000000000000000000000400000000000010000000
0000000000000000000000000200000000000000000000000000000000000000
0000000000000000000000000000000000000000110000000000000200000000
0000000000000000000800008008000000000000000001000000000000000000
000000000000000001C420000004216C10006000062000000000018200000000
0000000000000000004000001000000400028000000000000000000900000000
0000000000000000000480000040011000000000010000000000000000000000
0100000000000000000000000000000000000000000000000000000000000000
0000000000000000052000000004030600000000002000000000051E00000000
0000000000000000000000000080000000004000000000000000000000000000
0000000000000000005000000004230C00000800022000000800028800000000
0000000000000000040000000000040408010001000840000000002100000000
0000000000000000000000000000010A00402200000100000000039000000000
0000000000000000000000004000000000000000000000000000000100000000
0000000000000000000000000000000000000000000000000800000014000000
0000000000000000000800000020000000004000000000000000000000000000
0000000000000000008400000000006460000000008000002800038C00800000
0000000000000000000000000008008000000000000000100000000100000000
0000000000000000018100000000000000000000000000000000000000000080
0000000000000000000000000000000000000000000000000000000000400000
00000000000000000080000000047F024000000000000100000001A600000000
0000000000000000000000000080000000000002000000002000001000000000
000000000000000004800000000003750100000082000000C80001F800000000
0000000001000000000000000000000000000000000000000000000000000000
0000000000000000048000000010010440000000004404000000052400000000
000000000000000000002000008B500000000008000000000000000000000000
0000000000000000000000000000000000000000000000000000000024000000
0000000000000000020000000020800000000000000000000000000000000000
00000000000000000100000000000000A00000000000000800000B0000000000
0000000000000000000000000008008000000000000000000000000000000000
0000000000000000000000000000000800022200000000800000030200000000
0000000000000000000000004000001000008000000000000000000100000000
00000000000000000080000000000041E8000404500010001800000000000000
0000000000000004000000000000000000000000000000000000000000000000
0000000000000000000000000000000000000000000000000000000004000000
0000000000000000000000000000008000000000000000000000000000000000
0000000000000000000000000844000000000000400000000000020000000000
0000000040000000000000001000100000400000000000000000000000400000
0000000000000000008000000000000800000000000000020000000240000000
0000000000000000000000000020000000000000000080000000000000000000
0000000000000000000000000004000800000020000008000000058200000000
0000000000000000000000000200000000000000000000000000000100000000
000000000000000004F460000004206F000000610020000008000BE600000000
0000000000000000000040004001008000000000000000000000000000000000
000000000000000005E020000004814C0020020000000004280007BC00000000
00000000000000000098C00018000123A800000004002100000008F200000000
00000000000000000430000000000372400031A0000800830000030400000000
0000000000000000000900000020000002008000000000001000002000000000
000000000000000000404000000000580000000010008080000001E400000000
0000000000000000020780000400800000000000005000000000000000000000
0000000000000000000400000000010200000000006000000000010C00200000
0000000000000000000000004400008000000000000000000000000000000000
0000000000000000000000000014020000000000001000000800070000000000
00000000000400000010D0000000800800000000000000000000004000000000
0000000000000000000000000000000000000000000004000000120000000000
0000000000000000000A00005000402400000040000000000000080300000000
0000000000000000001000000004000000000000020008000000080400000000
0000000000000000000001000000000000000000000000000000000000000000
0000000000000000008200000000210000000000000000000000000000000000
0000000000000000000000000400000008000000000001000000000000000000
000000000000000000C600000000434640002000000000040800073C00000000
0000000000000000008800005000008000000000000400000000000000000000
000000000000000000800000000201450000000000000000000007AE00000080
000000000000000000001000000C100000900000000002000000000100000000
0000000000000000008200000000010400000040000000000000000804000000
0000000000000000000000000000408000000000000000000000000000000000
0000000000000000040000000000017110000005000008018000038000000000
0000000000000000002000000000A2046A14C000000000080000001000000000
0000000000000000058420000000605D00000000440010000800069800000000
0000000000000000000000000000100000008400000040000000000100000000
000000000000000005C00000000000005960208408011080400007C200000000
0000000000000000000000000080000000000000000000000000000000000000
0000000000000000000000000000010400000000000400000800070540000000
0000000000000000000000000000000000000000000000000000000000000000
00000000000000000112200000002300000000001000900800000E9000000000
0000000002000000000000000000000000020000000000000000000000000000
0000000000000000042400000000000000000000100000002000030000000000
0000000000000000000000000008008000000000000000000000000100000000
000000000000000005D78000000420370000000000A0100208000B8E00000000
0000000000000000000000000000000000880000000004000000000000000000
0000000000000000000000000000000008000000000000000000000842000000
0000000000000000000200000000780000880002000000000000000000000000
0000000000000000006400000040026200000000000010000000080400000000
0000000000000000000A00000002280008120004100820008000004000000000
0000000000000000041780000000207A00002000100000020800032600000000
0000000000000000000000000000000000000000000000000000000000000000
0000000000000000000000000000000000000040000000000000000002000000
0000000000000000000010000000100000880000001000000000002100000000
0000000000000000018000000000000100000000000000040000060000000080
0000000000000000040040000000100001000008000000000000000000000000
0000000000000000000000000000040000000000000000000000020000000080
0000000000000000001040000001604108400002000000080000000200000000
0000000000000000000080000004000000000000001008000000080000000000
0000000000000000020800000000088000000000081000000000000000000000
00000000000000000420000000000149080000000584000A0000034A00000000
0000000000000000000000000020100000000000000000000000000100000000
0000000000000000003020000000010200000000010000000800000040000000
0000000000000000000000000008010000000004000000000000000100000000
000000000000000001F400000000013F4840208010050000080006B200000000
0000002000000000000000000000008000000000000000000000000000000000
0000000000000000052400000004015480000000000000000000071200000000
0000000000000000002800000000040000000000000000201800004100000000
0000000000000000040000000000000000000000000000000800000340000000
0000000000000000002800005400000008000000000000000000000400000000
00000000000000000000000000000100400000000004000000000005C0000000
0000000000000000000000000020100000008000000000008000001000000000
000000000000000000C000001000000000000400100100000000000000000000
000000000000000001000000000100000180800000000000A000002100000000
0000000000000000000000000000013FC8000004000040020800039C00800000
0000000000000000000000000000800080404000000000000000000000000000
0000000000000000048000000010A05800000400000000040000020800000000
0000000000000000000000000080000000000000000000000000000000000000
0000000000000000000000000004003000010004000010000000000C00200000
0000000000000000000010000000000000800440000000080000002000000000
000000000000000001000000000300000008000000002002A000000000000000
0000000000000000000000004000000800000000000000000000000000000000
0000000000000000000000000000010000000008024001002000078000000000
0000000000000000000000008000000000000000000000000000004000000000
00000000000000000004000000000A0000201200000000042800028800000000
0000000000000000025100007001002008000000000000000800000C00000000
000000000000000000A660000000806E40000040000000000000000E00000000
0000000000000000000000004000008000004000000000000000000000000000
0000000000000000018000000014012040080000000008000000011000000000
0000000000000000010000000008000000100100080000000000002000000000
00000000000000000460000000040154000040000010240000000A4C00000000
0000000000000000000000000000400000002001000000000000000000000000
0000000000000000005000000000000200000000000000000000000041000000
0000000000000000000800001000800008048000000000000000002100000000
0000000000000000048000000000016FA00000000004000000000005C0000000
0000000000000000000800000020006440000000000000000000000200000000
0000000000100000000000000000000000000000000000000000000000000000
0000000000001000000000000000000000000000000000000000000000000000
000000000000000005F7800000006177400000001000150208000DFE00000000
0000000000000000000000000000008000800000000000000000000100000000
0000000000000000040020000044211A00040004040010011800000C00000000
0000000000000000000000000000000000000000000000000000000000000000
0080000000000000000000000004000400000000000000000000000000000000
0000000000000000001000007000000008000002000000000000008000000000
0000000000000000026000000000014400010404600010000800000400000000
0000000000000000002000000008000000004002008004102000000100000000
0000000000000000010000000000000000620000102010000800048000000000
0000000000000000020800001000000000000002000000008000000000000000
000000000000000000A000000000207240000000020000018000058000000000
000000000000000000081000000C000000800400000000021000004600000000
0000000000000000049C00000001017F48000000000100020800078E00000000
0000000000000000000000000000000000814000000080000000000100000000
0000000000000000000000010000000000000000000000000000000000000000
000000000000000000E600000008006E400CC02400000000080008B500000000
0000000000000000040100000001600600000410280000000800030800000000
0000000000000000000810001000000000000000000001000000000100000000
0000000000000000006200000001412040000000000000020800050600800000
0000000000000000000000000000000000000100000000000000000000000000
0000000000000000019400000000010000002410100000000000068A00000000
0000000000000000000000000C00000080000000000000000000001000000000
00000000000000000100000000100120E8000000000000000000032C00800000
0000000000000000000000000000000000000000000000000000000000400000
0000000000000000000000010000000000080000000200000000028000000000
0000000000000000000000001008000000000000000001000000000000000000
00000000000000000004000000002113400020040800208000000BB200000000
0000000000000000000000000008000A00000000000001041000000000000000
000000000000000000A400000000237E0000000010000080080007E800000000
0010000000000000000000009000000000000000000000000000000000000000
0000000000000000044800000000610840000020000010000000060200000000
00000000000000000068C0005000402348000000002000000000002200000000
0000000000000000018000000004006B40000000018020002800027E00000000
0000000000000000000000000000000000000000000000000000000000000000
00000000000000000080000000002001E0000000000000000000030440000000
000000000000000000110000700A000000000000000000000000007000000000
0000000000000000010000000100000000000000080000000000000000000000
0000000000000000000000000020000000000000000000000000000100000000
0000000000000000000000000000000000000000000000000000000000200000
0000000000000000000000000800800002000000000000000000000000000000
0000000000000000000000018000000000040000000000000000000000000000
0000000000000000000840000008002480000002000080000000004000000000
000000000000000000D400000000000C00000000000400000800010840000000
0000000000020000000000000000000000000000000000000000000000000000
0000000000000000050000000010015A0000062000000010000007D000000000
0000000000000000000000000000000004000010000000101000000000000000
0000000000000000003400000000000000000000000000000000028000000000
000000000000000000000000000000000402000000100000C000005000000000
0000000000000000000000012000002C00000020000004000000000000000000
0000000000001000000000000000000000000000000000000000000000000000
000000000000000000810000000000624848008000030100880007B600000000
0000000000000000000A00000000000040840000000800000000000000000000
0000000000000000044C00000000017620010000400000000800000000200000
0000000000000000000000008000000000000000000000000000000000400000
0000000000000000008000000000000000000800200000100000000000000000
0000000000000000000000000400000080000000000000000000000000000000
000000000000000001000000000001000002003000000011000003EA00000000
0000000000000000000000000022800000000100000080000000000000000000
0000000000000000000000000040000000080000020000008800080000000000
0000000000000000020000000000000000000000000000000000000100000000
00000000000000000050200000040100000000401020000000000F1A00000000
0000000000000000000000000000000000000000000080000000000000400000
0000000000000000000020000040010800000000002010000000000000000000
0000000000000000000000008000000000000000001000000000000500000000
000000000000000005040000001061740008000000010004480007D400000000
0000000000000000000000000000000000000000000000000000000100000000
0000000000000000000020000044001800040040000010000000000C00000000
0000000000000000000800009000000000000004000000000000002000000000
0000000000000000000000000000000208000002000000000800061000000000
0000000000000000000000000C00000000000000000000080000004000000000
0000000000000000000000000000000000000000000000000000000000000000
0000000000000000000210000000000000020000000000000000000100000000
0000000000000000008000000000005120000000000000040000020000800000
0000000000000000000000000000008000000000000020000000000100000000
000000000000000000800000000001100000040840000202000007BC00000000
0000000000000000000000000000000000000000000000000000000000100000
0000000000000000000000000000000000000000000400000000030140000000
0000000000000400000000000000000000000000000000000000000000000000
0000000000000000040000000000030000000000000000000800030C40000000
0000000000000000000000000020000000000000000000000000000000000000
000000000000000005E0000000040179C00040940000200408000F9E00000000
0000000000000000000000000000000000000000000000000000000000000000
0000000000000000014000000000000800010010004000000000030000000000
0000000000000000000000000000000000000000000000000000000000000000
0000000000000000000000000000000100000000000004000000000800000000
0000000000000000000000000020000000004000000000000000000000000000
000000000000000000E4000000000164C0000000004000000800033600200000
0000000000000000000000005000008080000000000001000000000000000000
0000000000000000000000000000000200000000100000000000000000000080
0000000000000000000000000000000000000000000000000000000000100000
0000000000000000010000000000002A0000041000030C004000020000000000
000000000000000000081000000810000880C03C000000000800006100000000
000000000000000001200000A90080080000002000000000000001E000000000
000000000000000000000000C000000000080000000000000000000000100000
000000000000000000C800000000467A00000000000000040000070A00000000
00000000000000000000C0000000008000000000000040000000000000000000
0000000000000000059400000000000900000010000200000000060200000000
0000000000000000000000000028000000008000000000000000000000000000
0000000000000000002000000044210D00000000100000000000000800000000
0000000000080000000000000000000000000000000000000000000000000000
0000000000000000008020000044014C00000000000000040000070A00000000
0001200000000000000000000000000000000000000000000000000000000000
0000000000000000000000000004021000000000000000040000000A00000000
0000000000000000040000000008000000000000000000008000000000000000
0000000000000000003200000000200900002400102100000000000800000000
0000000000000000000010004000000000000000000000000000000100000000
0000000000000000000000010000000000000000000000000000000000000000
0000000000000000000000000028000000000000000000000000000100000000
00000000000000000400000000000002000000000100000000000103C0000000
0000000000000000000001000000000000000000000000000000000000000000
0000000000000000014400000000003000000200020040020000010000000000
0000000000000000042A10000008015C41004800000000000800006B00000000
0000000000000000000000000040801000000000800000000000000400000000
0000000000000000000000001008008000000000000000000000000000000000
0000000000000000000000000000000000000800000008002000000200000000
0000000000000000002810001008800000000002000000000000000000000000
0000000000000000000000000000000000000000000000000000000000000000
0000000000001000000000000000000000020000000000000000000000000000
0000000000000000007020000000260D400800000200000880000AD400000000
0000000000000000000400005000084000000000000000000000001000000000
000000000000000000B220000000626700000000100800040800020600000000
0000000000000000010000000000080102004000100004000000000100000000
0000000000000000002000000004000A00040800000008030000010000000000
0000000000000000000002000000000000000000000000000000000000000000
0040000000000000000000000000000000000000000000000000000000000000
0000000000000000000000000008000000000000000000000000000100000000
000000000000000001FE60000000252420000002002000000800070400000000
0001000000000000000000000000000000000000000000000000000000000000
0000000000000000000000000010000000000000000000000000000000000000
0000000000000000000000000200000000000000000000000000000000000000
0000000000000000000000000104004000024080000000000000004800000000
0000000000000000000010000000000002000000000000000000000000000000
0000000000000000044100000000200010020000800010008000068400000000
0000000000000000040800000000000000804000000001000000000100000000
0000000000000000000000000001011000200080000000020000068000000000
0000000000000000000000000000000002104400005002200000004100000000
00000000000000000080000000440100000000000000100000000A0800000000
0000000000000000000000000000000004020000000000000000000000000000
0000000000000000040000000010012048000000000400000000000600000000
0000000000000000000050000400400868040000000000000000000000000000
000000000000000000B400000004013700000410000100000800021C00000000
0000000000000000000002000000000000000000000000000000000000000000
00000000000000000000200000400000200040000080000000000B4000000000
0000000000000000000800001000000000400000000000000000044100000000
0000000000000000048080000000000000002010000000000800050000000000
0000000000000000000040009000000000008000000000000000000000000000
0000000000000000041000000004601140000000000000000000000000000080
0000000000000000000000000008000001000000000000000000000100000000
0000000000000000000000000040000000002000000000000000000000000000
0000000000000000000000000000000000000000000000000000000000000000
00000000000000000580200000000212000040000020800800000A4000000000
0000000000000000000000000000000000000000000000000000000000100000
0000000000000000040020000000012D00000200004005000800031000000000
0000000000000000000000000000000000000000000000000000000000000000
0000000000000000000000000010450020000000000000000800010000000000
00000000000000000000C0000000008000000000000000000000000000000000
0000000000000000000000000000010000000000000000060000000000800000
0000000000100000000000000000000000000000000000000000000000000000
0000000000000000049400000000000600001000040000000800020400200000
0000000000000000000000000020008000000000000000000000000000000000
0000000000000000000000000000000000000000000000000000000000000000
0000000000000000000000000188000000000000000000000000000100000000
000000000000000001000000000000210040001000420810000003EA00000000
00000000000000000100000000080000000800C0000000000000000000000000
0000000000008000000000000000000000000000000000000000000000000000
0000000008000000000000000000000000000000000000000000000000000000
000000000000000004F480000000017D00040000000000000800030600000000
0000000000000000049CC0000008014C484080000000800018000D6900000000
0000000000000000001000000000000000000000010000000000000000000000
0000000000000000000000000000000000004200008024004000000000000000
0000000000000000018000000006015F8810000000002020880007AC00800000
0000000000000000000200000020000020000802008004000000006000000000
000000000000000004E500000000937940010000200000000800000400000000
0000000000000000020000008020000000000000000000000000000000000000
0000000000000000002020000000030400000000000400000800010200000000
0000000000000000000010000002000040000008000000000000000000000000
0000000000000000000000000000001040200000000000100000050000800000
0010000000000000000000000000000000000000000000000000000000000000
000000000000000001040000000022230020000000A001002000020400000000
0000000000000000051080000008400080020000000024000000044200000000
0000000000000000010000000000010000000000014000000000040200000000
0000000000000002000080001000000000000000000000000000000000000000
0080000000000000000000000000000000000000000000000000000000000000
0000000000000000000000000000000000000000000000000000000000000000
000000000000000001D480000004416F0000020000000004080005FE00000000
0000000000000000020000004000000008000000000001000000000000000000
0000000000000000045000000000000008000204000010100000038400000000
0000000000000000000200001000000000000001000000000000000200000000
0000000000000000010000000400000400001010400000000000008A00000000
0000000000000000014800000009405700802000008002002000007A00000000
0000000000000000048000000000000210021000000000008000028000000000
0000000000000000000010000000000020000000080040100000000000000000
0000000000000000000100000000200200000000000000000000020040000000
0000000080000000000000000000000000000000000000000000000000000200
00000000000000000100200000000038000000000130008100000B0800000000
0000000000000000020040000008808000000000000000000000000000000000
000000000000000004E580000004207F4800400010001000080007AE00000000
0000000000000000000010000008000000000000000000000000000100000000
0000000000000000000000000000012C00000000000000002000032000200000
0000000000000000010000000000048400000000000000000000006B00000000
0400000000000000000000000000000000000000000000000000000000000000
00000000000000000088C0000000C00200000010000000200000003000000000
000000000000000004FA00000001237B00002404340100010800000E00000000
0000000000000000000000000020000000000000000000000000000100000000
00000000000000000000000000000408000001100000000400000B9000000000
0000000000000020000000000000000000000000000001080000000000000000
0000000000000000000000000000004000000000000400000000000410000000
0000200000000002000000000000000000000000000000000000000000000000
000000000000000005A00000000601174008000000002002000006EA00000000
0000000000000000000000000000000000000000000000000000000000000600
0000000000000000000200000010020200000000042810000000000200000000
0000000000000000000004000000000000000000000000000000000000000000
00000000000000000400A0000010006C00000000010000040000000600000000
0000000000000000000000000000004000000000004003100000000100000000
000000000000000005E000000000003220200000104000000000052E00200000
0000000000000000000800000080000000000000000000020000006000000000
0000000000000000000000000000010020000404400000000800000200200000
0000000000000000000000000000000000000000000000000000000000000200
0000000000000000044660000000005B00600000102008000000073000000000
0000000000000000000000000008002001008020000000000000000100000000
0000000000000000040000000000411228000090000014000000012800000000
0000000010000000000000000000000000000000000000000000000000000000
0000000000000000010000010004000000080000000000000000014000000000
0000000000000000021800001000000080800000000000100000004000000000
000000000000000005FD800000006177E0100000000000020800075E00800000
0000000000000000004000001008004200000020004000000800004D00000000
0000000000000000000000000000010400000400000000000000000000000080
0000000000040000000010000000000000000000000000000000000000000000
0000000000000000007C00000000633D0020000800000100000003B400000000
0000000000000000000000000000000000000000000000000000000000100000
0000000000000000000000000000030000200000000800002800028000000000
0000000020010000000000000000000000000000000000000000000000000000
000000000000000005E0000000002103000021000000080808000B9A00000000
0000000000000000000002000000000000000000000000000000000000000000
000000000000000005200000001400000000000000402020000002A000000000
00000000000000000410800000018011C0404000840000000800001E00000000
0000000000000000010000000010000700000020000000000000060000000000
0000000000000000000000000200000000000000000000000000000100000000
0000000000000000000000000000015900420210000000800000008800000000
0000000000000000000800004000000008000000000000000800004000000000
0000000000000000002000000000001200000400000100010000008600000000
0000000000000000000040000020001020000000000000080000000000000000
000000000000000004FA00000000477FE8000000042000000800000E00200000
0000000000000000020000004020000000000000000000000000000000000000
0000000000000000008000010000000000000000000200000000000000000000
0000000000000000000000000000000000000000000000080000000000000000
0000000000000000040000000000010400100000000208004000040C00000000
0000000000000000000000000000000000000000000000000000000000000000
0000000000000000000000000000001000000080000000800000088000000000
0000000000000000000000000000000000000002000000000000000000000000
0000000000000000000000000000002000040000000000000000000000000000
00000000000000000000C0000000001040000001000040000000000000000000
0000000000000000040000000000002C1010108082000030080001FA00000000
0000040000000000000000000000000000000000000000000000000000000000
0000000000000000010000000000011E000200000800180000000CA000000000
0000000000000000000000001000000000000000000000000000000100000000
0000000000000000000000000000000000000000000000000000000000000000
0000000000000000000040000400081000000002000000000000000000000000
0000000000000000004000000004000100040000000000040000000800200000
1000000000000000000000000008000000000000000000000000000000000000
0000000000000000000000000000000000000000000000000000000000000000
0000000000000000000000000000000000000000000000000000000000000000
0000000000000000010180000000BA0C0000000000000800E000075000000000
000000000000000000B440000020C04F60000000400000000800002C00000000
0000000000000040000400000000000000000000000000000000000000000000
0000000000000000000000005000000000000000000000000000000000000000
0000000000000000050000010000010400040000000000104000008600000000
0000000000080000000000000000000000000000000000000000000000000000
0000000000000000000000000000000000000000010000000000000082000000
0000000000000000004000007000000008800000000000000800061A00000000
0000000000000000002000000000010200002080000008830000034000000000
0000000000000000001010000008002000000400000000000000005100000000
000000000000000000840000000000040C000000380100040800056800000000
0000000000000000000000000000008000000000000000000000004000000000
0000000000000000048000000000013140000020490000000000028200000000
0000000010000000000000000000000000000000000000000000000000000000
0000000000000000048000000000215410020008020208000000070400000000
0000000000000000000040000002000084000000000000000000000000000000
000000000000000004000000080000080000080002000802000001CC00000000
0000000000000000000000000000000000000000000000000000000000100000
0000000000000000000000000000015A400110004A00000100000BBE00000000
0000000000000000000000000000000000000000000000000000000000040000
0000000000000000009000000000630120000000040000000000064000000000
0001000000000000000000000000000000000000000000000000000000000000
0000000000000000048000000000011B08000000010000000800078740000000
0000000000040000000000000000000000000000000000000000000000000000
0000000000000000000000000000210000000000000100800000019000000000
0000000000000000000000000009000000000000000000000000000100000000
000000000000000000600000010000100000000000010100180006A000000000
0000000000000000000002000000000000000000000000000000000000000000
0000000000000000004000000000010200001200100000040000060000000000
0000000000000000000000000000000000000000000000000000000000000000
0000000000000000000000000000010020000000000000000000020800000080
0000000000000000000000000000000000800000000000000000000100000000
0000000000000000012400000004003240200001000000108000038000000000
0000000000000000000000008000100000000000000000000000000000000000
00000000000000000020000000040100002000000800200400000F8000000000
0000000000000000001840000000840008C000000030000C1000004700000000
0000000000000000000000000000000000010010400042000000010000000000
0000000000000000000000800000000000000040000000000000000000000000
0000000000000000014000000000012410010000000000002000000000000000
0000000000000000000000000080000000000000000000008000000100000000
0000000000000000010000000004015B00020000800000300800039200000000
0000000000000000000010000000000000000000000000000000000000100000
0000000000000000000000000000402010000400200000000800030000000000
0000000000000000000000000000000000000000000000008000000100000000
000000000000000005F400000000212AA0002004400000040800038E00000000
0000000000000000000000000020800000040000000000000000000000000000
0000000000000000048000000010000080000000000000000000030000800000
0000000000000000000000000000000000808000000000001000000B00000000
0000000000000000050020000000014140000080002005004000078400000000
0000000000000000000000000080000000000000000000000000000000000000
0000000000000000008000000010006D20000030404002000800079800000000
0000004000001000000000000000000000000000000000000000000000000000
0000000000000000000000000010000000000000000400000000000000000000
1000000000000000000000001000000000000000000000000000000000000000
0000000000000000000000000004000800000008200000100000000000000000
00000000000000000000C0008800000000000000000000004000000000000000
0000000000000000007C00000000407140240000000008014000079400000000
0000000000000000000000000000020000024008400000000000000100000000
0000000000000000000000000000000000000000000400000000000010000000
0000000000000000000000004002000000000000000000000000000000000000
0000000000000000040000000000001140200200080109020800060000000000
0000000000000800000000000000000000000000000000000000004000000000
0000000000000000010000000000010800000005000000160000030000000000
0000000000000000000000000020000000000000000000080000000000000000
000000000000000000000000000062011000008000400800080005E400000000
00000000000000000038C00000084004A8C00080008000000000002800000000
0000000000000000008000000110030000000000000000000000060000000000
0000000000000000000000000080000000000000000000000000000100000000
0000000000000000016000000004000002000300000000800000004000000000
0000000000000000000000000180000000000000000000000000000100000000
0000000000000000004000000000400020010000000000004000000000000000
00000000000000000000C000080000C00000C000000000000000000000000000
0000000000000000010000000000000610060020010008000000039800000000
1000040000000000000100002000000000000000000000000000000000000000
0000000000000000008000000004201200000000000000041800000000000000
0000000000000000000008000000000000004000000000000000000000000000
000000000000000000E400000000011F00000000440000010000070C00000000
0000000000000000002620000000001082421080000000004000000000000000
0000000000000000000000000000000800020000004000000000070000000000
0000000000000000000000000000008000000000000000000000000000000000
00000000000000000410000000000000000000000000000000000005C0000000
0000000000000000000000000020000804000900000008000800006200000000
0000000000000000000000000000000000000000000000000000000254000000
0000000000000000000000000020000000000002000000080000000000000000
0000000000000000000000000000000000000000000000000000000000020000
0000000000000000000000000008000080000000000400090000000000000000
0000000000000000001420000004000800000000000400000000010000000000
0000000000000000000001000000000000080000000000000000000000000000
00000000000000000040000000000027E8200000000101020000032A00000000
0000000000000000000010000000000000000802000000002000000100000000
00000000000000000584000000008305002010000C0008086800078C00000000
0020000000000000000000000000000000000080000000000000000000000000
0000000000000000000000000004000000000000030000000000000000000000
0000000000000000001080000008000608000001000000000800004900000000
0000000000000000002000000000020C60202000024020000000038000000000
0000100000000000000000000000000000000000000000000000000000000000
0000000000000000016060000001021E00200020102000000000070000000000
000000000000000000A910000008000620804400008000000000000300000000
0000000000000000000000000000005000000011400000000000031800000000
0000000000000000000002000000000000000000000000000000000000000000
000000000000000005F400000000017FE80040021800000008000FFE00000000
0000000000000000000000000008000000000000000000000000000000000000
000000000000000004E400000004617DE8000000000000040800070E00000000
0000000000000000000210000000000009008000000000000000001100000000
000000000000000004C020000044000100000000080008000000050000000000
1000000000000000000000000008000000000000000000000000000000000000
0000000000000000040000000000215600000200004000000800018E00000000
0000000000010000000000000000000000000000000000000000000000000000
0000000000000000000000000100A040000000000000000000000BC800000000
0000000000000000000000000000008000000000000000000000000000000000
00000000000000000400000000040044C0100005000000800000018400000000
1000000000000000000000000000000000000000000000000000000000000000
0000000000000000001400000000011900000200080009020000038000000000
0000000000000000020000007000000000000000000000000000000000000000
0000000000000000051020000004612F00000040020008000800036200000000
0000000000000000000000000400000000000000000080400000000000000000
000000000000000005C0000000000304000000A0010400820800031000000000
0000000000000000001000000000001000000000008000000000000100000000
000000000000000001000000000001240001003040400040080001B200000000
0000000000000000000000001080000000000000000000000000000100000000
000000000000000001D00000000026182000000202202000000009DA00000000
0000000000000000000030000008000000004000080000010000003100000000
0000000000000000000000000040000000000020000000000800080000000000
0000000000000000000000005000000000004000000000000000000000000000
0000000000000000000000000000010500010000000000000800028000000000
0000000000000000000000000800000000000000000000000000000100000000
0000000000000000040000000000014A00001824240002000000030000000000
0000000000000000000000005000000000000000000000000000000000000000
0000000000000000000000000004000000000000000000000000000014000000
0000000000000000000040004002000000000000000000000000000000000000
000000000000000005CF80000000016CE820000010011000080007DA00000000
0000000000000000008490000000002000004000000000000000004F00000000
0000000000000000000000000400040000000000000000000000024000000000
0000000000000000000000008000000000000000000000000000000000000000
0000000000000000000000008000000000040000100000000000081000000000
0000000000000000002000000000000000000000008400000000003000000000
0000000000000000010000000000000800000102000200000000091000000000
0000000000000000000000000021000000008000000000000000000000000000
00000000000000000130000000000141002000002008000000000AE200000000
0000000000000000000000000080000000000002000000000000000100000000
0000000000000000000000010004000100000020000000000000020600000000
0000000000000000000002000000000000001000000000000000004000000000
0000000000000000040000000000014700000004400004800000062C00000000
0000000000000000000010000080000000000000000000000000000000000000
00000000000000000444000000000000A0000000000000000000070000000000
0000000000000000001800000000008228000000000000001000000100000000
0000000000000000002400010000013D00000000000000000000068600000000
0000000000000000000000000000000000000000000000000000000000000000
0000000000000000000000000000020000000000000000000000008000000000
0000000000000000028800001000081048800004000000000000003100000000
00000000000000000580000000000021A0100028010001100000017C00800000
0000000000000000000000000800080000000002000000000000000100000000
00000000000000000010000000000240100020800800C0020800018000000000
0000000000000000000010000000008000000000000000000000000100000000
0000000000000000046000000000004300000000100400004800028800000000
0000000000000000000000008000000000000000000000000000000000400000
0000000000000000000000000000014200020000000110000800025E00000000
0000000000000000000000005000002000000000000000000000002000000000
0000000000000000010000000000010000000000000000000800030002000000
0000000000000000040000000000000088800008000100000000004100000000
0000000000000000047080000000236300002000100400000000000000000000
000000000000000000000000A000000000000000000000000000000100000000
0000000000000000004000000000314450000010000008000800011400000000
000000000000000000000000C008000000000000000000000000080000000000
0000000000000000012180000000203708000000180010000800078200000000
0000000000000000000800007000C08000000000000000000000004000000000
0000000000000000044500000004032040000000000010000000080000000000
0000000100000000000000001000000000000000000000000000000000000000
0000000000000000000000000041000000000400000000040000000000000000
0000000000000000000840009000000000000000000000080000000000000000
0000000000000000000000000000000000000000010000000000000861000000
0000000000000000000004000000000000000000000000000000000000000000
040000000000000000E420000004617768000000000400040000000A00000000
0000000000000000000000000001000000000000000000000000000100000000
0000000000000000004000000000810201000000008010020800048600000000
0000000000000000200000000000008000000000000000000000000000000000
0000000000000000045000000004200F80000000000000000800020A00000000
0000000000000000000000000000000000000000000000000000000000000000
0000000000000000000000000000122000000000410000800800018000000000
0000000000000000000001000000000000000000000000000000000000000000
0000000000000000000000000000000000000000000000000000000042000000
0000000000000000000000000000000000000000000000000000000000000000
0000000000000000010400000000210900020020000000080000072400000000
0000000000000000000000000000000000000000020000000000000100000000
0000000000000000006000000000002120010000002000000000000E00200000
0000000000000000000000000200000000000000000000000000000100000000
0000000000000000008000000010000000000000000010100800024400000000
0000000000000000020800001800000040000000000001000000001000000000
0000000000000000000000000000220000000000000000000000032000000000
0000000000000000000040007000008400000000000000000000065000000000
0000000000000000000000000000000000000000000000000000000042000000
0000000000000000020000001000000000000000000000000000000000000000
0000000000000000000000000000000000000000000000000000000000000000
0000000000000000000000000008000000200100000000000000000100000000
00000000000000000580000000440008000002000000000048000BB600000000
0000000000000000000000000080000000000000000000000000000000000000
0000000000000000040080000001405060000000000000060000030000800000
0000000000000000000000000000000000000000000040000000000000400000
0000000000000000000000000000000020000004000000000000000000200000
0000000000000000000000001000000000000000000000000000000000000000
000000000000000000100000000401284000010008200800080002C400000000
0000000000000000000840000028000200000000000000800000000000000000
000000000000000000000000001020550000000000001000000001B400000000
0000000000000000040800000000000000001000000000000000000000000000
0000000000000000000000000000000000000000000000000000008000000000
0000000000000000000000000000800000000000480000000000000000000000
0000000000000000000000000000000000000200000000000000010000000000
0000000000000000000001000000000000000000000000000000000000000000
0000000000000000040000000000000D00000000000400000000000940000000
0000000000000000000000000408000000000000000000000000000000000000
0000000000000000000000000000000000000000000000000000020000000080
0000000000000000000000000008400000860000000000000000000100000000
00000000000000000000000000000022400000000000000400000000C0000000
0000000000000000000000000000000000000000000000000000000000100000
0000000000000000000000000004000020000000002000000000000000000000
0000000000000000000000000000000000000000000000000000000000000000
0000000000000000000000000000000400000000000004000000020200200000
0000000000010000000000000000000000000000000000000000000000000000
0080000000000000002400000000010000000000000000000000000000000000
0000000001000000000000000000000000000000000000000000000000000000
000000000000000005FE00000000257FE8000000040000000800070E00000000
0000000000000000000000001020000000000000000000000000000000000000
000000000000000004F580000000237F48000000180000000800078E00000000
0000002000000000000000000000000000000000000000000000000000000000
0000000000000000000600000100010000000000102000000000008000000000
1000000000000000000000000000000000000000000000000000000000000000
000000000000000004400000000001000001001000004002000000F000000000
0000000000000000000000000020000000000000000000000000004100000000
0000000000000000045800000004677108000000100000000800000E00000000
0000000000000000000800000000000040000000000000000000000100000000
0000000000000000005020000004231900000040020000000800038600000000
0000000000000000000000000000000000000000000000000000000000000000
0000000000000000048180000001797D40000000010008007000039A00000000
0000000000000000020000000000000000000001000000000000000000000000
0000000000000000014000000000011000000000002C00040000028000000000
0000000000000000000000000190000000000000000000000000000000000000
0000000000000000000000000004000000000000000000000000000000000000
0000000000000000000000000000000000000000000000000000000000000200
0000000000000000008000000004020400000000000000044800058000000000
00000000000000000000100000000800020080A0004000008000000100000000
0000000000000000040000000000010C28000000010400000000000EC0000000
0000000000020000000000001000000000000000000000000000000000000000
0000000000000000008000000000000100080010000000F08000022000000000
0000000000000000000800000000000004000000000000000000000100000000
0000000000000000000000000000010080000010000000000000008000000000
0000000000000000000800000088000000000001000000000000000100000000
0000000000000000000000000001020100000004000100000000020000000000
0000000000000000000000000000040000000002000000000000000100000000
000000000000000005F52000000001420000120040001002080007DA00000000
0000000000000000000000000008000000000000000000020000000100000000
0400000000000000004000000000000620000000000000000000000000000000
0000000000000000000000000000000000000000000000000000000000000000
0000000000000000057020000000075800040000060000020000018400000000
0000000000000000000000000000800020000000001000002000000000000000
000000000000000001852000000000024000020008000100000006E400000000
000000000000000000080000000800000000C00200000000000000D100000000
000000000000000001A800000000033E00002020008000000800033800000000
0000000000000000000002000000000000000000000000000000000000000000
0000000000000000059400000004015DE000141040000400100006FA00000000
0000000000000000000000000000800000802000000000000000000200000000
0000000000000000000000000004040000000000100000000200030000000000
0000000000000000000002000000000000000000000000000000000000000100
000000000000000000E800000000416400000020010000050000020A00000000
0000000000000000020C00002000000000000000000400000000000000000000
000000000000000000680000000001700000001008021000000007BC00000000
1000000000000000000000003000000000000000000000000000000000000000
0000000000000000000000000010202000000020000000000000020000000000
0000000000000000000000000080000000000000000000000000000000000000
0000000000000000002020000010003208000000000010400000078000000000
000000000000000000010000000000008000000080A000000000000000000000
0000000000000000000000000000004008000010080110000000020400000000
0000000000000000000000000000000000000000000000000000000000000000
0000000000000000000600000000011820000000440000000000000600200000
0000000000000000020C00001000000000000000001000000000000000000000
000000000000000005000000000000200040001400000C00000007A000000000
0000000000000000000000000000000088000104010000000800000200000000
000000000000000004410000000421531004000020000800080007AC00000000
0000000000000000000000000400000000000000000000000000000000000000
0000000000000000010000000000014100000010400104004000050000000000
0000000000000000000000000008000000004400004004000000005100000000
0000000000000000000000000000000000000000010000000000040040000000
0000000000000000000050000008800082004000001000208000000100000000
0000000000000000008000000044005000000020000000040000060200000000
0000000000000000000000000000000000100000000000000000000000000000
0000000000000000000000010010000000000020000000000000000000000000
0000000000000000040840000009000008000000000000000000004000000000
000000000000000005A000000000011628000020000004000000020E00000000
0000000000000000000000000000000000000000000000000000000000000000
0000000000000000000000000000000000000000000400000000000140000000
0000000000000000000000000180000000000000000000000000000000000000
0000000000000000010400000000212400000420000100800000078E00000000
0000000000000000000000000180000000000000000000000000000000000000
0000000000000000010020000000213F0002000010010500400007C200000000
0000000008000000000000000000000000000000000000000000000000000000
00000000000000000040200000040040A0000000000000000000030800000000
0000000000000000000001000000000000800000008000000000000100000000
0000000000000000007000000000202880000000000000000000000000000080
0000000000000000000010000000000002000000000000008000000100000000
000000000000000004A580000000327B40200000000010000800078000000000
0000000000000000000000000100000000800000000000000000000000000000
0000000000000000000000000000000000400001000200100000020000000000
00000000000000000628800010014020C8004000000000000000006800000000
0000000000000000048400000004002600000000000000000000000E00200000
0000000000000000000200004000000000020000000000004000000000000000
0000000000000000000000010000002000000000000000000000048000000000
0000200000000000000800000000000080000000002000000000000000000000
0000000000000000004200000000001140200000082008000000029400000000
0000000000000000000000000020000000000000000040000000002000000000
0000000000000000002000000100001040000000080080000800050000000000
0000000000000000000050000008000002000080000000000000000000000000
0000000000000000042000000000000000000410000105000000072000000000
0000000000000000000000000000000000000000000000000000000000100000
000000000000000004C0000000040123400040000880000008000D8200000000
0000000000000000000000000000000000000000000000000000000000000000
0000000000000000044400000000017F60000000010000040000038602000000
0000000000000000020080000000008000000000000000000000000000000000
0000000000000000000400000000010200000000000000000000020040000000
0000000000000000000000000020040008000000000000000000000000000000
0000000000000000000000010000000000000020000000000000000000000000
0000000000000000000040000800000000000000000000000000000000000000
0000000000000000008000000000062000000802020000080000082000000000
0000000000000000000000000008000000000000000000000000000000000000
0000000000000000008000000000000000010000000000000000000000200000
0000000000000000000000000008000000001000000000200000000100000000
0000000000000000056460000006E339000000001020100048000FD200000000
0000000000000000000000000000000000000000008000100000000000000000
000000000000000004A000008100000820000004100105000000011000000000
0000000000000000000000000000000000000000000000000000000000000400
0000000000000000040000000000000000000000000000040000000402000000
0000000000000000010800000008081000000000001000008000000100000000
0000000000000000058000000000417EE000000000000800080006AA00800000
0000000000000000000000000000000000000000000000000000000000000000
0000000000000000000000000000002008000000000000000800071000000800
0000000000000000000300000000804008000000000004100000002000000000
00000000000000000000200000C4014C00040000000000000000000A00000000
0000000000001000000000000000080000000000000000000000000000000000
0000000000000000000000000004014100000000000008040000000A00000000
0000000000000000000000000000000000000000000000000000000000000000
000000000000000000C0200080020129000000001010080008000D0200000000
0000000000000000024100000000000400000000000000080000000000000000
000000000000000005A00000000000040800020000000000000005A200000000
0000000000000000000000000020000000000000000000000000000000000000
0000000000000000008200000004200020000000000000000000000400200000
0000000000000001000000000008000000000000000000000000000000000000
0000000000000000010000000000014200020000080008000000000400000000
0000000000000000000800000000014108080002000002000000006000000000
0000000000000000000000000000221060200000280200060000010000800000
0000000000000000000002000000000000000000000000000000000000000000
0000000000000000000000000000000000000000000000000000000002000080
0000000000000000000000000000008000000000000000000000000000100000
0000000000000000012020000000000200000000000000024000000000000000
0000000000000000000000000000400000802000000002000000000000000000
000000000000000004C000000000214800000000000010040000000E00000080
0000000000000000000000000000008000000000000000000000000000000000
0000000000000000000000000000000002000000800000000000040000000000
0000000000000000000040000000000000000001000820001000000000000000
0000000000000000040480000000251808000000000000000000080000000080
0000000000000000000001000000000000000000000000000000000000000000
0000000000000000000000000000000000000000000000000000008000800000
0000000000000000000011000000000000000000000000000000000000000000
0000000000000000000000000000000000000000000000000000000042000000
0000000000000000000000000020008000000000000000000000000000000000
00000000000000000000000000000001000000000004000000000008BC000000
0000000000000000000000000000000000000000000000000000000000000400
0000000000000000006400000000200800000024040010000000000A00000000
0000000000000000000000000008008000000000000000000800000100000000
0000000000000000056420000044012040000000000000000000099000000000
00000000000000000088C0001000608000000000000000000000080000000000
0000000000000000000200000001664F00000000000000040800000400000000
0000000000000000000000000000000000000000000000000000000000000000
000000000000000000000000000001000000041050420C004000078000000000
0000000020000002000000000000000000000000000000000000000000040000
0000000000000000000100000004000000000000000000000000000040000000
0000000000000000000000000000000000000000000008000000000100000000
000000000000000004C0000000000B154020018000208906000002DA00000000
0000000000000000000000001000000000000000000001000000000100000000
00000000000000000500000000040000000000000008080000000AC000000000
0000000000040000000000000000000000000000000000000000000000000000
0000000000000000000000000000000880020000000000005000002000000000
0000000000000000000001000000000000000000000000000000000000000000
0000000000000000000000010000010000000000000000000000000000000000
0000000000020000000000000020000000000000000000000000000000000000
0000000000000000000000000004010000040001000000104000000000000000
0000000000000000000840000008400000000000000000000000002000000000
0000000000000000002000000104000000000800000000000000020000000000
0000000000000000000000008000000000000000000000000000000100000000
0000000000000000040000000000013A00000000000000000800020000000080
0000000000000001000000000000000000000000000000000000000000000000
0000000000000000044000000000014900200000100011000800008000000000
0000000000000000000000000008000000000801000000800000000000000000
0000000000000000000000000000005000000400000000000800068000000000
0000000000040000000000000000000000000000000000000000000000000000
00000000000000000001000000001A1000000000000100800000088000000000
0000000000000000000010002000000000000000000000000000000100000000
0000000000000000040400000004030100100080002001000000010C00000000
000000000000000000CA4000D001000000000000000000400000000000000000
00000000000000000190000000000006280400000002010008000B9400800000
0000000000000000000000000008000002000000000000000000000100000000
0000000000000000004400000010004000000000000000000000000014000000
000000000000000000820000000010080008C420000000000000004300000000
0000000000000000040000000000000000020200004008030000000000000000
0000004000000000000000000000000000000000000000000000000000000000
000000000000000005C000000000017F000000000002080008000FF600000000
0000000000000000000840001000000000000000000000000000000000000000
0000000000000000000000000000000000000000000000040000420000000000
0000000000000000000002000000000000000000000000000000000000000000
0000000000000000002000000040000004000000000000000000000000000000
0000000000000000000000001000000000000000000000000000000100000000
0000000000000000000000000000003010100000000000000000072400000000
000000000000000000080000100008000000C000000000000000000100000000
0000000000000000008200000000000200000000010000000000000040000000
0000000000000000000000000200000000008000000000000000000000000000
0000000000000000000000000000000000200000000000000000000000000000
0000000000000004000000000000000000000000000000000000000000000000
0000000000000000014200000000221240201000020000080000010200000000
0000200000000000000000000000000000000000000000000000000000000000
00000000000000000580000000000101400A0280000000044000073800000000
0000000000000000000000000000000000000000000000000000000000000000
0000000000000000000000000000000000000000010000000000000090000000
0000000000000000000000004000000000000000000000000000000000000000
0000000000000000010000000000005010001000000018004000049000000000
0000000000000000001000000008080000224000000000000000000100000000
0000000000000000058060000010C16000080000000000040000020800000000
000000000000000001C860000008102740804000000000100800007500000000
00000000000000000581A0000000611E08001004000010020800071E00000000
0000000000000000000010000000000004000000000000400000000000000000
000000000000000005B060000004210540000040000000000800051800000000
0000000000000000000800000001D01220008000000001008000001000000000
000000000000000000000000000000004002180080000818400004A200000000
0000000000000000000000000000000000000000000000000000000000040000
0000000000800000000000000000000000002000000800000000000000000000
0000000000000000000002000000000000000000000000000000000000000000
000000000000000001C0000000000040000000000000008000000C0000000000
0000000000000000000000001000000000000002000000000000000000000000
0000000000000000049000000000044080000000000000040000000202000000
0000000000000000020000000200000000000200000000100000000000000000
000000000000000000800000000001301000000080000400C000018000000000
0000000000000000000000000200000003000000010000008000000000000000
0000000000000000000400000000000000000000010000000000000010000000
0000000000000000000000000000000000000000000000000000000000000000
0000000000000000050000000000001510020000000008000000008800000000
0000000004000000000000000000000000000000000000000000000000000000
000000000000000000A400000000015E00000000440800000800000200000000
0000000000000000020800000000002040000002000000000000004000000000
0000000000000000042000000000201000080200000028002000020800000000
0000000000000000000000000008000000000000001000000000000000000000
00000000000000000080000000100007C0000020000400000000070000000000
0000000020000000000000000000000000000000000000000000000000000000
0000000000000000000000000000010000000000000000000000000000000080
0000000000000000000000001208000000004000000000000000000100000000
000000000000000001800000001401350000030002000000800006C400000000
0000000000000000000000000180000000000000000000000000000100000000
0000000000000000000000000000004000000010000000002000050200000000
0000000000000000010010000008000201008000000000000000000300000000
0000000000000000000000000000000000000000000001000000010000800000
000000000000000004404000100000000000C000010000000000000000000000
0000000000100000008000000000010020000000200000040000000000000000
0000000000000000000000000000008000000000000000000000000100000000
0000000000000000003000000000000000000000010020000000090000000000
0000000000000000000004000000000000000000000000000000000000000000
0000000000000000040020000000004F00000000010000000800000CC0000000
0000000000000000000000000000000004000000000000000000000000000000
000000000000000001702000000000780024000000000005000003C400000000
0000000000000000000800000020000000000000000000000000000000000000
00000000000000000150000000000075C0000020000000000000070E00800000
0000000000000000000010000008000000000100020000880000002100000000
0000000000000000000000000100020800000000000000000000010000000000
0000000000000000018000000000080000084000000000001000000100000000
0000000000000000048000000004010000200004000001000000060000000000
0000000000000000000800004000080000088000000000000000005000000000
0000000000000000006000000000001220000000000000000800000240000000
0000000000000000020000000000100008808000000000100000087900000000
0000000000000000001400000000004400000000220000000000059000000000
0000000000000000000000000000000000000000000000000000000000000000
0000000000000000018000000001011240000000000008028000010A00800000
0000000000000000008800005000000080000000000000000000001100000000
0000000000000000000100000000212800000000004000000000060800800000
0000000000000000002400000008001008000000000000000000002100000000
0000000000000000045600000004015D08000000000000040000000E00000000
0000000000000000000800003000002D00000000800000000800080000000000
0000000000000000010400000010010C00000020000000040800050200000000
00000000000000000000000000000000000000000000000000000C0000000000
000000000000000004B62000000401136000204008600000000003D600000000
0000000000000000000010000000000000808400000000000000000100000000
0000000000000000000400000000200010000800020000000000030600000000
0000000000000800000000005000000000000000000000000000000000000000
0000000000000000001000000000000000000400100000040000000000000000
10000000000000000000C0000000180040000000000000000000000000000000
0000000000000000042400000000000000000000000400000000000014000000
0000000000000000000003000000000000000000000000000000000000000000
00000000000000000180000000040130410000000000100000000BAA00000000
0000000000000000000800000000400000020000000021000000002000000000
0000000000000000000000000000800C000000001000800000000E0000000000
0000000000000000000200000000000000800008001000100000000000000000
0000000000000000058020000004013400000000008000040800027A00000000
0000000000000000040040007000000128000000000000000000004000000000
0000000000000000040000000000040000000804800000000800020200000000
0000000000000000000080000000008080000000000000000000000100000000
000000000000000005A000000010003DA8000000000000000000061E00800000
0000000000000000000010000002000001004000000000400000000100000000
0000000000000000009440000004602D00000060020000000800069E00000000
0000000000000000000000000000000002008000000002000000000100000000
0000000000000000000000000000030000000200000010000000060000000000
0000000000000000000800001000000080000002000000000000000000000000
0000000000000000000000000004000000000000000000000000000000800000
000000000000000001EA20000009C04FC8808422008000002800085000000000
0000000000000000000000000000004400420000000004004000002000000000
0000000000000000000000000020000000000000000000001000000000000000
00000000000000000580800000004343010000080A001800080003C800000000
0000000000000000000000000200000000000000000000000000000100000000
0000000000000000000400000000000000000000000000000000000014000000
0000000000000000000000004000000008000000000000000000000000000000
00000000000000000081A00000040138A0000000000000000800000000000080
0000000000000000000000001001080000000001000000000000004000000000
0000000000000000002000000010000000000000000400000000000004000000
0000000000000000000050000000040000020000000000008000000100000000
000000000000000000AE60000004205720000000000400000000000400000000
00000000000000000009C0001000802000000000008000000000000000000000
000000000000000001A000000010015A4000002000200000080007D800000000
0000000000000000044840000008003960000006000000080000000000000000
00000000000000000480000000000103E8000000000008002000071200800000
0000000080000000000000000000000000000000000000008000000000000000
0000000000000000000000000000020080002014000000000000008000000000
0000000000000000000000000000000000000000000000000000000000400000
0000000000000000000000000010010800000000000000000000000000800000
0000000000000000000000000000008000000000000000000000000100000000
000000000000000000A000000010200020000000000000000000000000000000
0000000000000000000000000000000000000800000000080000001008000000
0000000000000000000000000000000000000C00000000800000000000000000
0000000000000000000000008008000000800000000000000000000000000000
0000000000000000000000000800200400000020000000000000010000000000
0000000000000000000001000000400000004000001004000000000100000000
0000000000000000002000000000000000000000000000000000010000000800
0000000000000000000010000000001000000301018020201000007000000000
0080000000000000003200000000011040000000000000000000000A00000000
0000000000000000000000000000000000000000000000000000000000000100
000000000000000001B1800000040025000010040800100000000F8C00000000
0000000000000000020810000000000000000000000000000000000100000000
0000000000000000000000000000200000000000040000000000000040000000
0000000000000000000002000000000000000000000000000000000000000000
000000000000000004C400000000012600002404500100000000000200000000
0000000004000000000000000000000000000000000000000000000000000000
0000000000000000005400000004012120000040000000000800000200200000
000000000000000001E240000008006640084000001000000000000D00000000
0000000000000020000100000000201000000000000000040000000200000000
0000000000000000001000000020000000000000000000000000000000000000
0000000080000000052000000004060800000000000000060000030200000000
0000000000000000000000000800000000000000000000000000000000000000
0000000000000000000000000000040010000820080000000000048000000000
0000000000000000000002000000000000000000000000000000000000000000
0000000000000000000000000001001000020000000210108000076000000000
0100000000000000000000000000000000000000000000000000000000000000
00000000000000000040000000000054000000000A0010001000050600000000
0000000000000000000000000000000000000000000000000000000100000000
0000000000000000002010010000010100000000000000000000030400000000
0000000000000000000010000008000000000000004000000000000000000000
000000000000000004148000000001110000040C304000000800034C00000000
0000000000000000008800000000903800888020000000000800002100000000
0002000000000000000000000000040000000000000000000000000000000000
0000000000000000000010000002000000000000000000000000000000000000
0000000000000000014000000000022D00002200082400830000038A00000000
0000000008000000000000000000000000000000000000000000000000100000
0000000000000000040020000000006440000040400000000000000400000000
0000000000000000000000800000000000000000000000000000000000000000
000000000000000004D420000004213000000020100000000000062E00000000
0000000000000000009000000008080248000000000002000800003300000000
00000000000000000180000000000020000000040000288218000D8000000000
0000000000000000000000000080000000000000000000000000000000000000
00000000000000000400000000440041400400000000188068000F9400000000
0000000000000000000000000000000000000000001000000000000000000000
0000000000000000000000010000060000000000000000000000000000000000
0000000000000000002800000000000000042000000000000000002000000000
0000000000000000002020000000000800200000004042000000018000000000
0000000000000000000000000000000000000000000000000000000000000000
0000000000000000000000000100000000000000000000000000000000000000
0000000000000000000000000000000000000000000000000000000000000000
0000000000000000048000000000032900000000000000000000010640000000
0000000000000000002840001008413060004000000000000800091900000000
0000000000000000000400000000210000000000000000000000000000000080
0001000000000000000000000000000000000000000000000000000000000000
0000000000000000042000000004066940000000100000000000050200000000
0000000000000000000000000080000000000000000000000000000000000000
000000000000000005E020000000027F100000001000100008000C8A00000000
0000000000000000000480000000000841028000000100000000000100000000
0000000000000000000000000000000000000000C00010000000010800000000
0000000010000000000000000000000000000000000000000000000000000000
0000000000000000012500000000210000000804000002004000018600000000
0000000000000004000000000000000000000000000000000000000000000000
0000000000000000000420000004410000000040010000000000000000000000
0000000000000000020800000028000000000002000000000000000000000000
000000000000000004C00000000000110000001070420C000000055800000000
0000000000000000004000000020000000000000000000010000002000000000
000000000000000005F620000004617BE8000000000000000800071E00000000
0000000000000000000000000040008000000000000000000000000000000000
0000000000000000000000000000200000000600000000000000018000000000
0000000000000000000000000000008000000000000000001000000100000000
0000000000000000040700000004201000010000000010000000000000000000
0000000000000000000080000000008000000000008000000000000000000000
0000000000000000000020000000000028000400800000000000000000000080
0000000000000000048000000008000028000B80008010000000002500000000
0000000000000000000000000000000000000000010000000000000020000000
0000000000000000000800000000000001800108008002300000001000000000
000000000000000004E000000001007F48200020000200038000078000000000
000000000000000000004000C001000800000000000000000000034200000000
0000000000000000010000000000024E000000000800000000000B0C00800000
0000000000000000000002000000000000000000000000000000000000000000
0000000000000000002000000000000000000000000000000000000000080000
0000000000000000000840001000000000108000000000400000002000000000
0000000000000000002A00000000014D00000080100000040800010600000000
000000000000000000084000000A001B08000080800001000800005000000000
0000000000000000040400000010015010000000000000000000068200000000
00000000000000000108000000000814C2008000000000008000000100000000
00000000000000000140000000000136A0000000000000022000019E00800000
0000000000000000000008000000000000000000020000000000000000000000
000000000000000000B600000004611940000040000000040000020E00000000
1000000000000000000000000000000000000000000000000000000000100000
0000000000000000000000000000000E00040000008000082000038A00000000
0000000000000000000010000008400080000000000000001000002100000000
0000000000000000040000000000010280000000000000000000000042000000
000000000000000000028000000810082200C000001000000000004500000000
0000000000000000000100000000010000000000000000000000000000000080
0000000000000004000000002008000000000000000000000000080000000000
0000000000000000000000000000000000000000000000000200000000000000
0000000000000000024000000000000000008000000800000000000000000000
000000000000000004C000000000034420200000000080000000008000000000
0000000000000000000000004000000000000000000000000000000000000000
0000000000000000000000000000000000000000000000000000000000000080
0000000000000000000080000000008001080000000820000000000100000000
0000000000000000001000000000217000200020080080000000099400000000
0000000000000000000000001000088000004000000000000000000000000000
0000000000000000000000000000000000000000000000000200010000000000
0000000000000000000000000000000000000000000000000000000000000200
0000000000000000047480000000613EA0000000000000000800000200000080
0000000000000000049650000001004008000000000000001000002100000000
000000000000000004D200000001124B00200004000800840800030400000000
0000000000000000000000001000000000000000000000000000000100000000
000000000000000000A000000000012300000000100400040000000000000000
0000000000000000000000000000000000000000000000000000000000000000
0000000000000000000000000000000400040200000010000000040000000000
0000000002001000000000000000000000000000000000000000000000000000
0000000000000000010000000000004840400000080100008000030000000000
0000000004000000000000000000000000000000000000000000000000000000
0000000000000000005000000000000000008010000000400000040000000000
0000000000000000000000000000000000004000000000000000000100000000
000000000000000001E020000014013740000020010000000800071E00000000
0000000000000000000040000000000000000000080000000000004000000000
0000000000000000000000000000010030000000000000800000030000000000
0000000000000000000000000000000000000000000000000000000000040000
0000000000000000040060000010014000000000000400000000000C00000000
0000000000000000000000000000800040008400000080009000002100000000
0000000000000000010000000000000000000090000000040000000000000000
0000000000000000000800000000080800900002000000000000000100000000
000000000000000000000000A004000000000000000000040000030000000000
0000000000000000010040008000400000000002000000000000000000000000
0000000000000000000000000040000000000000000000000000000800200000
0000000004000000000000000000100000000000000000000000000000000000
0000000000000000002000000004804400000080108010022000039000000000
000000000000000000A20000000C005000800000000000120000000100000000
0000000000000000000000000000000000000000000000000000000004000000
0000000000000000000000000008000000004080000083080000004000000000
000000000000000000800000000000000020000019210000000006D000000000
0000000000000000000000000000000000000000000000000000000000000000
0000000000000000010000000040216200000020000400000000039400000000
0000000000000000000000000200000000000000000000008000000000000000
0000000000000000000000000004004200000800020008000000081400000000
0000000000000000000000000000000000000000000000000000000000000000
0000000000000000018020000004245C00000000002000000000028200000000
0000000000000004000000000000000000000000000000000000000000000000
0000000000000000000A20000000A0000020000000008000000000A200000000
1000000000000000000040000008000000000000000000000000000000000000
0000000000000000000000010000000000000000000000000000000000000000
0000000000000000000000008000000000000000000000000000000000000000
000000000000000001E020000000014500400010000200000800056000000000
0000000000000000000900000020000008000000001016001000002000000000
000000000000000001C00000000000090040002400400280000009E000000000
0000000000040000000000000000000000000000000000000000000000000000
0000000000000000040000000000000000200800002020000000010000000000
000000000000000001081000000008000202E020000008004000000100000000
0000000000000000100000000000000000000000000000040000000000000000
00000000000000000022300000080022E8004000000000006000001500000000
0000000000000000000000000000000200000000000000000000020014000000
000000000000000004CFE000000C400928000008000202100000004000000000
000000000000000000800000000000000000002000010004080006A000000000
0000000000000000042E000000085028800000000000A0000000000200000000
0000000000000000004020000000004080000000100400000000000CE4000000
0000000000000000010000001000400000040000000000000000000100000000
00000000000000000000000000000000000000000004000000000008C0000000
0000000000000000000000000200000000800000000000000000000000000000
0000000000000000000000000000000000000000000000000000000010000000
00000000000000000008C0001000000000008000200000000000000000000000
00000000000000000500000020040044000000200000200000000A0000000000
0000000000000000000000000000000000400000000000000000000000400000
0000000000000000000000000044000000000040040000000000000400000000
0000000000000000000000000000000000000000000000000000000000000000
000000000000000000200000000021184800008000001100000005F000000000
1000000000080000000000000000000000000000000000000000000000000000
0000000000000000004400000004204540000400000000000000048400000000
0000000000000000000200000088000000000000000000000000000100000000
0000000000000000000020000000062C00000000000400000000090800000000
1000000000000000000000001000000000000000000000000000000000000000
00000000000000000590000000046015000002000801180048000FAE00000000
0000000000000000000000000000000000000000000000000000000000000000
0000000000000000013020000004201200000000000008040000070800000000
0000000000000000000000000000000000000200000060000000000000000000
0000000000000000000000000000000000010000000000000000020000000000
00000000000000000000D0000000000000800010009000002000000000000000
0000000000000000002020000000012200000000400000000000059000000000
0000000000000000000000000080000000000000000000000000000500000000
0000000000000000000000000000011000000000200006100000090000000000
0000000000000000000000001000008000000000000000000000000100000000
00000000000000000000000000002310400000080A0008002800000000000000
0000000000000000000160004000000000000000000100000000000000000000
0000000000000000050000000000017C0008000000001800C00007A600000000
0000000000000000000000000000000000000000000000000000000000400000
0000000000000000007400000000241C000000001800100000000D0600000000
0000000000000000000200000020800000008000000000000000000000000000
0000000000000000000000000000000000000000000000000000000000000000
0000000000000000000000000000000000402000000000080000002100000000
0000000000000000009000000000002A000000000104000008000007C0000000
0000000000000000020850000000004400008000000000008000004100000000
0000000000000000000000000000004000000000104000000000010000000000
0000000000000000020840001000400200004000000000000000086200000000
0000000000000000041100000000211F00001200000010800000033A00000000
0000000000000000000000000008040004000000000000000000000000000000
000000000000000000002000000001118000040000040000000000C000000000
0000000000000000000840000008000000800014000000000000000000000000
0000000000000000000000000000004000000000000000000000050000000000
0000000000000000000000000008100000000002000000004000000100000000
000000000000000000C0000000000042000000000004000000000004E0000000
0000000000000000000000000000000000000000000000000000000000000000
000000000000000004F620000004417DE0000040000000040800000E00000000
0000000000000000000000000400000000000000000000000000000000000000
0000000000000000040000000004011000010000000000008800031800000000
0000000000000000000000000000000000000000000000000000000000000000
00000000000000000010000000006727000040000020000000000AAE00800000
00000000000000000008100010000000000A8000000000000000000100000000
0000000000000000000000010000000000000000000000000000000000000000
00000000000000000000000000200000080002000080A0000000000000000000
0000000000000000040000000000030041010000040010020000050200000000
0000000000000000000000000000000000000000000000000000000000000000
0000000000000000008020000000004C00000264002000800800031600000000
0010000000000000000000000000000000000000000000000000000000400000
0000000000000000010000000004000200000000040000000000036000000000
0000000000000000000000000000000000008000000000010000000100400000
0000000000000000000000000001000400000200000000040000000000000000
0000000000000000000000000000000000000000000000000000000100000000
0000000000000000000000000000000000000001000000010000040000000000
0000000000000000000000000029000008000002002000000000000000000000
000000000000000000C0000000000100000000000100000000000000C0000000
0000000000000000023000000000002801000040000000200000004100000000
000000000000000000400000000000100002000008010810800003C800000000
0000000000000000071800000020004200000002000000000000027900000000
000000000000000000000000000000080000000010000090800004A200000000
0000000000000000000400000000802000008080000000000000000100000000
0000000000000000000000000000000000000000000000000000000000080000
0000000000000000000000000000000000000000000000000000000000000000
0000000000000000000000000000010500001010020000080800022200000000
0001000000000000000000001000000000000000000000000000000000000000
0000000000000000000000000000400000000000100400040000070000000000
0000000000000000000200000008010040840000008000100000000100000000
0000000000000000002100000000000900000000100400000000000040000000
0000000000000000002C00001000001000000002000000000000000000000000
000000000000000004000000000000130000000000430804000007A800000000
0000000000000000000800000008000008000002000000100000000100000000
000000000000000005E000000004016E000042861800A00408000B0E00000000
0000000000000000020010000000000000080002000000000000000000000000
00000000000000000400000000100000E0000000000000000000070200000000
0000000000000000000000000000000020800200000000000000000100000000
0000000000000000044000000004013E20002000000000000800040A00000000
000000000000000000A2B00000080157EC004000002000000800005B00000000
0000000000000000010000000000000020000000000000000800010040800000
0000000000000000041010000008001A0048C000000000000000002100000000
0000000000000000002000000000004000006010000020040000034400000000
0000000000000000000000000000400000000000000000800000000000000000
0000000000000000000000000000000100080000000010000000078000000000
0000000000000000000000008000080000400000000000000000000000000000
0000000000000000008020000004015600004000002000000800018400000000
0000000000000002000000000000000000000000000000000000000000000000
0000000000000000008400000000000000000040000000000000000400200000
0000000004000000000000000000000000000000000000000000000000000001
0000000000000000018000000000010A0002100180000020080001C000000000
0000000000000000000000000002000000000000000400000000000000000000
000000000000000005C4000000042218C0000000000000040000010200000000
0000000000000000000810000000000000000002000001000000000100000000
000000000000000004D400000000627F200000000000040000000B9A00000000
0000000000000000000000000000080000000000000000000000004100000000
0000000000000000056400000000012200002000000000000000011000800000
000000000000000000000000000A800000000000000000000000000100000000
0000000000000000002000002200020000000000000000000000068000000000
0000000000000000000010000000000000080000000000000000000100000000
000000000000000001800000000001262000048040400000000007BC00000000
0000000000000000000000000000000000000000000000000000000000400000
000000000000000004A000000000010600000024000110800000078000000000
0000000000000000000000000000000000000000000000000000000000400000
000000000000000004EE20000000012D40000000100000040000000A00000000
0000000000000000000000000000000000000000000000000000000000000200
0000000000000000000000000000000000000000000000000000100000000000
0000000000000000000000000000000000008000200000000000000000000000
0000000000000000008000000000004A00010010000208100000030000000000
0000000000000000000020002000008020000000000000000000000001000000
0000000000000000058100000004003100040200000008000800050000000000
00000000000000000400C0000000800841000000001004100000000800000000
0000000000000040000400000000020000000000000000000000000000000000
0000200000000000000000000000000000000000000000000000000000000000
000000000000000005F400000000605600020020800010000800076C00000000
0000000000000000000040001080000000000000000000000000000100000000
0000000000000000000000010000002000000000000000010000000400000000
0000000000000000000002000000000000000000000000000000000000000000
0000000000000000000000000000001A0021002000410000000007A800000000
0000000000000000000000000009000000000000000000000000000000000000
0000000000000000008000000000012000000000010000000000000063000000
0000000000000000000000000008008000000800000000000000000000000000
0000000000000000010000000001020110000810000001002000018000000000
0000000000000000000000000080000000000000000000000000000000000000
0000000000000000000000000000000040000000000000000000000042000000
0000000000000000000000004020000000000000000000000000000000000000
0000000000000000000000000000000000000200020000010000008000000000
0000000000000000000050000000000000004000001000800000006100000000
0000000000000000000000000004010000000040040000000000000800000000
0000000000000000000050000000000000000000804000080000000000000000
0000000000000000000000000000200800000000000000000000000043000000
0000000000000000000000000020000000000200000000000000000000000000
000000000000000001800000000400584000000400400C1400000B8200000000
0000000000000000000000000188000000000000000000000000000000000000
0000000000000000008000000000212812020810800200100800035600000000
0000000000000000000000004000000000000000000000000000000100000000
0000000000000000000000000000000000000000000000000000000043000000
0000000000000000000000000000000002000008000000000000000000000000
0000000000000000000400000000000000000000000000000000000010000000
00000000000000000028000000080080A8000000000002000000004000000000
0000000000000000000000000000000000000000000000000000000000000000
0000000000000000000000000200000000800000000000000000000000000000
0000000000000000008400000000002820200000020001000800032600000000
0000000000000000000000000020000002000000000000000000000000000000
0000000000000000058020000002011B000000100000040008000D0400000080
0000000000000000002210000008000010000100000000000000000100000000
0000000000000000000000010000000000000000000000000000000000000000
0000000000000000000002000000000000000000000000000000000000000000
0000000000000000004200000000030100000000000110000000000000000000
0000000000000000000000000008040000C00000000000000000080100000000
0000000000000000000100000004000800000000000008001000048200000000
0000000000000000000010000000000000000000000000000000000000000000
0000000000000000000000000000010000800000000040820800040000000000
0000000000000000000010004000000000000000000000000000000000000000
0000000000000000000000000000000000000000000000000000000010000000
0000000000000000020A00000000400000000008000000102000021100000000
0000000000000000012020000016010600000020010000000800072000000000
0000000000200000000000000008000000000800000000000000000000000000
000000000000000001E02000000000450000003060000000080003DE00000000
0000000000000000010800000000801502084002000000004000082300000000
00000000000000000080000000000268000000000200080028000BA400000000
0000000000401000000000000000000000000000000000000000000000000000
0000000000000000000000000000000000000004000040020000020200000000
0000000000000000000000000080000000004000000000000000000000000000
0000000000000000000000000000000000000000000000000000000000000000
0000000000000000000000000008000000020000000000000000000100000000
00000000000000000020000000000040200003000820000000000A8600000000
0000000000000000000000000000000000000000000000000000000000000400
0000000000000000001680000000231040000000080180020000028000000000
0000000000000000002030000008005160000000008000000000026500000000
0000000000000000042400000004006A40000040000400000000031400000000
0000000000000000000000000008000002000000000000800000000100000000
0000000000000000000400000000010000000000000000040000000000000000
0000000000000000000800000000008000000000000040000000000000000000
0000000000000000007620000004016300000000000000040800076C00000000
0000000000000000000000000020000002001000000000000000000000000000
0000000000000000004000000000010400000000000000000000000000000080
00000000000000000200C0000000004000000000000000000000000000000000
0000000000000000010000000004001100000000000000000000001800080000
0000000000000000000000000088800000000000000000000000000000000000
0000000000000000008600000000000000000090100000040000069000000000
000000000000000000008000000A000000000002001000000000004000000000
0000000000000000000000018010000000000000000000000000000000000000
0000000000000000000200000000000000000000000000000000000000400000
0000000000000000068000000040016240040000500010000800000800000000
0000000000000000000080000000000000008040028001800000000000000000
0000000000000000049020000044004000000000000000000000010600000000
0000000000000000000000004000000000000000000000000000000000000000
00000000000000000004000000000102000000000000000C0000020000000000
0000000000000000000400000000000000800008000040000000002000000000
00000000000000000000000000000120280000000100000008000004C0000000
0000000000000000000000000000000000000000000000000000000000000000
0000000000000000000000000000040000000000020000020000080000000000
0000000000000000000000000028000000000000000000000000000000000000
0000000000000000000000000004211010000000000010000800050800000000
0000000000000000000800000000481000000002000800000800001000000000
0000000000000000000000000000000000000000010000000000000080000000
0000000000000000000000000020000000080000000000000000000000000000
0000000000000000003400000000031000002000000800000800032800000000
0400000000000000000000000000000000000000000000000000000000000000
0000000000000000000000000000000D00022200000000020000014000000000
00000000000000000010C0000008808108000000000000200000000000000000
000000000000000004E020000004017FE0040040000000040800020E00000000
0000000000000000000000000000000000000000000000000000000000000000
0000000000000000057E00000004637D480040020800A80828000BF400000000
000000000000000000808000F000000308000000000000000000000000000000
0000000000000000000000000040017900400000100100040000020E00000000
0000000000000000000000000008000005000000000002000000000000000000
0000000000000000000000000000000000000000000000000000000200000080
0000000000000000000000007000000000000000000000000000000001000000
0000000000000000000000000004002000000200000110000000020400000000
0000000000000000000000000000000080004000010000000000000000400000
000000000000000000D500000001777900000000100100050000000600000000
0000000000000000000080001008000000004000000000000000080000000000
0000000000000000001000000800004800000100000000000000000000000000
0000000000000000000000000800008000000000000000000000000000000000
00000000000000000080200000000000000000000004000008000200C0000000
0000000000000000020000000400000000000400000000000000000000000000
0000000000000000046000000000010040420080100100000000078800000000
0000000000000000000200000028100088000040000000000000000000000000
0000000000000000000000000004016040000010200000000000042000000000
0000000000000000000000004000000000000000000000000000000000100000
0000000000000000004000000000001900000010400000022800073000000000
000000000000000000840000000240C840000000000000001000004000000000
0000000000000000001000000004004000200000002000082800034000000000
0000000000000000000000000000000000000001000000000000001100000000
0000000000000000008000000000000000000204000000024000029800000000
0000000000000000000000000028000000008000008000000000000000000000
0000000000000000000000000000000000000100000008042000008000000000
000000000000000002400000002A000000000008000000000000000000000000
0000000000000000000000000000011000000200000140072800068800000000
0000000000000000000000000220000000000000000000000000000000000000
000000000000000000FA0000000067540020000008200000080007B000000000
00000000000000000040000000008400000C6C40000000000000000900000000
00000000000000000000000000040000004080040040080000000B8000000000
0000000000000000000000000000000000000000000000000000000004000000
0000000000000000000000000044A000000000000000800008000A0000000000
0000000000000000000000000002000000000000000400000000000000000000
0000000000000000054100000000005502000220020000000000057000000000
00000000000000000576500000000042E800C400008000000000085500000000
0000000000000000000100000005000900000000800000004000012000000000
000000000000000000081000000000204800408000000000D000002000000000
000000000000000000E480000004003FC8242404140000000000058E00000000
0000000000000000000040000008000000000000000000080000001000000000
0000000000000000015420000004010F00000040101000000800038200000000
0000000000000000000010000008004000804000000800000800002000000000
0000000000000000000000000000000000000000000000000000000000000000
0000000000000000000000000000000000000000000000000000000000400000
00000000000000000580000000000179500022840A004803280003AE00000000
0000000000000000000000000000000000000000000000000000000000000000
0000000000000000000000000000004A00000004040000010000000000200000
0000000000000000000000000000000000000000000000000000000000000100
0000000000000000043000000000020000002080000900000000060800000000
0200200000000000000000000000000000000000000000000000000000000000
0000000000000000000000000000002B08000000000000000800018040000000
000000000000000004D4C0000206704A48000000000000080800000E00000000
000000000000000001C000000004002800000000100000040800040800000000
0000000001000000000000000000000000000000000000000000000000000000
00000000000000000100000000004A3410400000000008000800048C00000000
00000000000000000000000012000020000A4000000000000000000100000000
0000000000000000000000000000000800080000204000408000008000000000
0000000000000000000000000000000000000000000400000000000000000000
0000000000000000000000000000000000000000000000000000090000000000
0000000000000000000100000400000000800000000000000000000000000000
0000000000000000003420000004213F000000000000280000000BFE00000000
0000000000000000040000005000002000000000000000000000000100000000
0000000000000000002000000000003820010004000000000000000000000000
0000000000000000000000000008040008000000000000001000000100000000
0000000000000000010000000000002000000000100010094000030000000000
0000000000000000030400000008006100008000000800020000001200000000
0000000000000000000000000000030000000000000400000000010000000000
0000000000000000000000000000008000000000000000000000000000100000
000000000000000001000000000001170880001050400000000006E600000000
0000000000000000000000000000000010000000000000000000005100000000
0000000000000000000000000000000000000000000000000000000000080000
00000000000000000000C0003000008080000000000000000000000000000000
0000000000000000000000000000000000000000000000000000000040000000
0000000000000000000000000000100022000000000020000000000000000000
0000000000000000045000000000002040000004400000000000000200200000
0000000000000000000000000020000000000000008000000000000000000000
0000000000000000000080000003060000000000000000040000010000000000
0000000000000000000800000002800040008000000000000000004000000000
0000000000000000000100000000010001000000200000000000018000000000
0000000000000000000040000000080000008000000000000000000100000000
0000000000000000000000000000000000000000008000000000042000000000
0000000000000000000000000000000000000000000000000000000000000000
0000000000000000044000000000000000000010000608000000060000000000
0000000000000000000000000008000000000000008000210000000000000000
0000000000000000000400000002000100000000010000000000090000000000
0000000000000000000000000000000000000000000000000000000000100000
0000000000000000055A00000010011000100000000000000000020800000000
0000000000000000000000005000000088000000000000000000004000000000
00000000000000000501A0000000017300000200060008010000032200000000
0000000040000000000000000000000000000000000000000000000000000000
000000000000000005E000000000017E4002061038010A01080007BA00000000
0000000000000000048040007000010AA8000000000000000000000800000000
0080000000000000001000000004000000000000002000000800000000000000
0000000000000000000000004000000000000000000000000000000100000000
0000000000000000018140000004616F6800042004403000080007BE00000000
0000000040000000000000000000000000000000000000000000000000000000
0000000000000000001000000000000200000000000024000000000200000000
0000000000000000000010000080000000000000000000000000001000000000
0000000000000000048000000004001140000080000408000800060000000000
0000000000000000000800000000000088000001000000000000004100000000
0000000000000000000000000000400000000000000000000800050000800000
0000000000000000040010000002000200000000000400008000000100000000
000000000000000004A000000044002000000000100000000800000C00200000
0000000000000000000000000000008000000000000200000000000100000000
000000000000000000A000000000001740400000080188040800078400000000
0000000000000000000000000000000000800000003000800000000000000000
0000000000000000000000000000000000000000000000000000000000000000
0000000000000000020040004008000008004200010800000000000100000000
0000000000000000000000000000280000220000000011000800008000000000
0000000000000000000000000200000000000000000000000000000100000000
000000000000000000B400000000001680000000000100000000000A00000080
0000000000000000000040000000080080000000000000000000000000000000
0000000000000000000000000000000000000000000000000000000040000000
0000000000000000000000000000000000000020000200000000000100000000
000000000000000000000000000002401200008002002002000003AC00000000
0000000000000000000000000000000000000001000000C00000004000000000
00000000000000000514000000042419A00040020030280000000AC400000000
0000000000000000000040001000000002000000000000000000000000000000
0000000000000000040000000004404948000000000000002000000A00200000
00000000000000000000000000010000000000A000140000C000006000000000
000000000000000005F62000001401790000020008200000080007A200000000
0000000000000000000000000000000000000000000000000000000000040000
00000000000000000000600020000042002000800C0000000000000000000000
0000000000000000000000004000000000000000000000000000000000040000
000000000000000005E000010016017B4004000000420010080007FE00000000
0000000000000000000800001000400000020000000000000000000000000000
000000000000000004000000000000570000003041000000080000B000000000
0000000008000000000000009800000000020002000000000000006000000000
0000000000000000000000000000000000000000000000000000000042000000
0000000000000000000000000000000000000000080000000000000000400000
0000000000000000010000000000220400000000008008042800039200000000
0000000000000000000210000000080002009000008000000000001100000000
0000000000000000002020000000000340000021000110000000032000000000
0000000000000000000000000000000000000000000000000000000000000000
0000000000000000040420000000014900000040110000000000000200000000
0000000000000000000000005000000000000000000000000000000000000000
00000000000000000180000000040400000000800200000000000A0000000000
0000000000000000000000000002000000000000000000000000000000000000
10000000000000000000000000000100040000000000000000000C0000000000
0000000000000000000000000800000000000200000000000000000000000000
0000000000000000000000000000000000000000000000000000000000E00000
0000000000000000000000000000000000000000000100040000000100000000
0004000000000000000800000000000000000000000000000000010000000000
0000000000000000000400000010000000000800000000001000000000000000
0000000000000000000000000081000000000000000000000000004000000000
0000000000000000000000000000000000000001008000000000000000000000
0000000000000000000000001000008000000002000000000000000C00000000
0000000000000008000000000000020000000000000000000000000000000000
0004000000000000000000014000000000000000000000000000040000000000
0000000000000000008200000000402040000000002104000000000800000000
00000000000000000001000000000000000800001000000000000C0000000000
000040000000400000000A000000000000000000000000000000000000000000
0000000002000000000000010000000000000000000000000000100000000000
0000000000000000000000000000000000000000000000100000000000000000
00000000000000000000000000000000001000000000000000000A0401400000
0000000000000000000000000000004400000000080010000000000100000000
1000000000000000000000010000000000000200100000000000000000000000
0000000000000000000000000042000000000000000000000800000000000000
0004000000000000006000000000002900004000000000000000080C00000000
0000000000000100000000000000000000000000000000000000000000000000
0000008000000000000000000000800000000000000000000000080000000000
0000000000000000000000000000000000000000000000000000000020000000
0000000004000000000000000000000000000000000000040000000000000000
0000000000000000000000004000000000000000000000000000000000000000
1000004000000000000000012000000800000000000000000000080000000000
0000000000000000000402000040000000000000000000000000000000000000
0000000000000000000000000000000000000000000000000000040000000000
0000000000000000000000000000000000000000404800100000000000000000
0000000000000000000000000000000000000000000200000000000000000000
0000000000000000000006000000000000000000000000000000000000000000
0000000008000000001800000001210000000000800420010000005A00000000
0000000000000000000000000000000000020000000020000800000000000000
1000000000000000000000001000210120040000000001008000080000000000
0000000000000000000000000000000000000000000018008000000000000000
00000000000000000000000000008032080000000000000000000A0800000000
0000000000000000000000000000000000000000000000000000000000000000
000000200102000000000000000100000000000000000080000002C000000000
0000000000000000000000000000000000000000000000000000000000000000
0000000004000000000000000000000000000040000000000000000000000000
0000000000000000000000000000000010000000000000000000000000000000
1000000000000000000100011001000008000000000000000000021000000000
0000000000000000000004000000000000000000000000000000000000000000
0000000000000000000000000000000000000000000000000000000000000000
0000000000000000000400000000000000000000000000004000000100000000
0000000000000000000000000000000000000000000000000000000000040000
0000000000000000000000000000100000000000000000000000000040000000
100000000000000005F1C001302041FF4800000000000000080007FE00000000
0000000000000000000000000040000000000020000002000000000000000000
0000000000000000000080000000800000000000000000000000000002000000
0000000000000000000000000000000004000000000000000000000000000000
1000000000000000000000000000000020000000000000000000080200000400
0000000000000000002000000000000000000000000004000000001000000000
100000000000000000C10001A0012002C0000000000000000000072000000000
0000000000000000000000000000000000000000804000000000000000000000
0000000000000000000000000000000000000000000000080000044000000000
0000000000080000000000000000000040000400000000000000000000000000
0000000000000400000000000000000000000000000000008000044000000000
0000000000000000000000000000000000000000000000000001000000000000
0002000000000000000000000000800100000000000000000000080000000000
0000000000000000000000000000000000000000000000000000000004000000
0000001000000000010000000000000200000000000000000000040200000000
0000000000000000000000000000000010000000000000000000000000000000
0000000000000000000000000000000040000040000080000000000000000000
0000000000000000000000000000020000000000000000000000000000000000
0000000000000000000800000001000000000000000000000000008000000600
0000000000000000000000000000000000010000000010000000000000000000
0000000000000000000000001020000000000000000000000000000000000000
0000000000000000000000000000000000000000000000000000000020000000
0000000000000080000000000000000000000000000000000000000000000000
04000000000000000000000000140008000000000000A0001000000000000000
0000000000000000000000000000000004000000000000000000000000040000
0000000000000000000000000000000010000000000000000000000000000000
0000202000004000000000000000008000000000000000000000000000000000
0400000000000000000010000000000000000000000000000000000000000000
000000000000000000900001E800808880000000000100000800008800000000
0000000000000000000010000880000000000000000000000000000000000000
0000000000000000200000000000000000000000000000000000000000000000
0000000000000000000000000000000000000000000000000000000000000000
000000000000000004F920000001E1DF480000000000000008000F7C00000000
0000000000000000000000000000000000000000000100000000000040000000
0000000000000000000000000000000000080000000000000000000000000400
0000000000000000000000000000000000010080002000000000000000000000
0000000000000000100000000000000000000000000000000000000000000000
0000000000000000000400000000000000000000000000000000001100000000
00000000000000000001000000010104400000000000000000000E2000000000
0400000000000000000000000046081000000000000000000000000000000000
0000000000000000000080000000000000000000000000014000044000000000
0000000000000000000400000000000000000010000000020000000000000000
0000000000000000000020000001400001000000000000000000080000000000
0000000000020C00000000000000000200000001000000000000000000000000
00000000000000000000400000018024000000000000000000000CEA00000000
0000000000000000000000000000080000000000000000000000000100000000
1000000000000000000000000000000004000000000000000000000000000000
0000000000000000000000000004000000000000000000000000000000000000
00000000000000000298400000006064E000400000000000000008C600000000
0000800000000000044000000004000228000000000000000000000000000000
100000000000000000000001B0000192800040000000000000000F4400000000
0000000000000000000000000000100000000000400000080000000000000000
0000000000004000000080000000000000000000100000000000080000000000
0000000000000000000000000000000000000000000000000010000000000000
00000000000000000001200000000000000000000400000000000C0000000000
0000000000000000000000000000000000000000000000000000000100000000
0001000000001000000000000000000000000000000000000000000000000000
0000000000000000000000000300000000020000000000000000000000000000
0000000000000000000000000000000000000000000004000000088000000200
0000000000000000000000000000000000000000000000000000000000000000
0000002000000000008000000000810400001000000000000000001000000000
0000000000000000000008000000000000000000000000000000000100000000
0000000001000000100000000000000000000002000000000000080000000000
0000000000000000000000000000000000010008008010000800000000000000
1000000024000000002000000000000000000000000000000000080200000000
0000000000000000001000000002002000000001000000000000000000000000
0000000000000000000000000000000000000000000000000000000000000000
0000000200000000000000000000000000000000000000000000000000000000
0200200000000000000000000081000000000000100000000000084000000000
0020000000000000000000000000000000000000000000100000000000000000
0000000100000002000100000000000000000000000000000000000000000000
0000000000000000001000000000000000400400412101180000000000000000
0002000000000000000000000000000000000000000000000000040000000000
0000000000000000000200000100000000000000000000000000000000000000
0000000000000000000000001000000000000000802000000000000000000000
0000000000000000000000000000000000000000002000000000000000000000
0000000000000000000020000001C00240000000004000000000001200000000
000000000000000000000A000000000000000000000000000000000000000000
1000000000000000000000000000000020000000000000000000080600000600
0000400802000800000008040000000000000000000000000000000000000000
0000000000000008000000000008000000000000000000000000000000000000
0000000000000000000000000000000000000000000200000000000100000000
100000000000200000596000000000660800000000000000000007C600000000
0000000000000000050600000040005B00060200800020100800000800000000
0000000000000020000000000000000000000000200000000000008000000000
0000000000000000000000000000000010000000000000008000000000000000
0000000000008000000080001000000000000000000000000000018000000000
0000000000000000001800000012000200000000000000000000000000000000
00000000000000000000000000000020000010000000000000000AB400000000
0000000000000000400000000000000000000000000000000000000000000000
000008000000000001200001C80000040000000000410000000004C000060000
0000000000080000024C08000000000A00000000000000001000000000000000
0000000000100000000000000000000000000000000000000000080000000000
0000000000000000000000000000000000000000000000000000000000000000
0000000000000000000000000000000000000000000000000000000400000000
0000000000000000000000000000000010000000000000000000000000000000
0004000000000000000000000000000000000000000000000000040000000000
0000000000000000000000000004000000000000000000000000000040000000
0001000040000000040000010800200000000000002000080000000000000000
0000000000000000000000000000000000000000000000000000000000000000
0000040000000000000000000000000000000000000000000000000000000400
0000000000000000000000000000040000000000000000000000000000000000
0000000000000000000000000000000000800000000000000000000000000000
0000000000000000000000000000000000000000000000000000000100000000
0000000000000000010000012401E08100000000000000000000000000000000
0000000000000000000004000000000000000000000000000000000000000000
0000000000000004000000000000000000000000000000000000000000000000
0000000000000000000000000000000000020000000020200000000000000000
0000000000000000000800000000008001000000000000000000080200000000
0000000000000000000000000000000000000000000000000000000000000000
0000000020000000000000000000000001000000000000000000000000000000
0000000000000000000000000000020000000000000000000000000000000000
0000000000004000000080000000000000000000000000000000080000000000
0000000000000000000000000000000000000000000000000000000100000000
0001080000040000000000000000200000000000000000000000044000000000
0000000000000000000000000000020000000000000000000000000000000000
00000100010200000080000000212100000000001000000000000C4400000000
0180080002000000008000000100002000000000000000000000000000000000
1002000000000000002100010008010000000000000000000000044400000000
0000000000000000000000000004020000000000000000000000000000000000
00000000000000000088A000000100400000000000000000000010E600000000
0000000000000000000000000000000000400000000000000000000000000000
0000000000000000000000000000000000000000000000000000000400000600
0000000000000000000000000000000000000000000000000000000000000000
0000242100000000000000000000008000080000000000000000000000000000
0000000000000000000000000000000000000000210000000000000100000000
0000000000000000044840000000000000000040000000000800008E00000000
0000000000000000000000000000000000000000000000000000000008000000
0000000000000000100000000000000000800000000000000000002008000000
0000000000000000000000000000000000000000000000000000000100000000
0000000000000000000080000000000000000000000000010000050400000000
0000000000000000000000000000000000000000000220000000000000000000
0000000000000000000000000000008000000020000000000000000000000000
0000000000000000000000080000000000000000000000000000000000000000
0200000001000008000000000000000000000000000000000000000000000000
0000000000000000000000000000000000000000000000000000000000000000
0000000000000000000000000000000000000000000000000000000000040200
0000000002000000000000000000000000000000000000000000000000000000
0000000000008000000000000000000000000000040000000000000000000600
0000000000000000000000000000000000000200400001600000000000000000
0000000000000000100000000000000000000002000000000000000000000400
0000000000000000000000000000040000000428000000000000000000000000
0020080000000000000000000000000000004000000001000000080000000000
0000000000000000000000000000000000000000200010000000000000000000
0000000020000000000000000008200000000000000000000000000000000000
0000000000000000000000000010000000000000000000000000000000000000
0000000000000000000000010000000000000000000000000000008000000600
0000000000000000000000000000000000000800000000000000000000004000
0000000000000000000000000000000000000000000000000000000000000000
0000000000000000040000000000000000000000001001000000000000000000
00000000000000000400000000000100880000000000000000000A0400000600
0000000000000000000000000000020000000000000000000000000000000000
0000000000000000000000000000000000000000000000000100000000000000
0100000000000000000400000000000000000000000000000000000000000000
0000000000000000000000001000000000000100000000800000000000000000
0000000000000000000000000084000000000000000000000000000000000000
00080000000000000000000100000000000000000000000000000E8400000000
0000000000000000000000000004000000000020000000001000000000000000
0000000000000000000000000000000000000000000000000000000000000800
0000000000000000000008000000000000000000000000000000000000000000
1000000000000002006100019000C00140000000100000000800000000000000
0000000000000000000000000000000000000808000000000000000000000000
100000000000000000110001B000800000000004000000000000000000000000
0000002000000000000000000000000000000000000000000000000000000000
0008100000000000008000000000E000000000000000001000000C4200000000
0000000000000000000002000000000000000000000000000000000000000000
0000000000000000000000000000000000000000000001000000020002000000
0000000002000000053200000004011800000000000000000800000000000000
0000000000002000000000000000000000000000000000000000000002000000
040000000000000000000C000000100000000000000000000000000000000000
00000000000000000000200000000000000000000000000000000B4200000000
0000000000000000000400000004004000000000000020000000000000000000
0000000000000000000000000000000000000000040000084000008000000000
0000000000000000000000000000000000000000000000000000000000000000
00000000000000000089400000080022000000000000000000000C0000000000
0000000000000000000008000000000000000000000000000000000000000000
0002000000042000000000000000000000000000000000000000000000000000
0000000000400000000000000000000000000000000800000000000000000000
0000002000000000000000000000000000000000000004000000004000000000
0000000000000000000000000000100010000000000000000000000000000000
0020000000000000000000000000000000000000000000000000000000060000
0000000000000000000000000000000010000000000002000000000000000000
0000000000000000000000000000000000000000000000000000080000040200
0000000000000000000000000000000010000000000000000000000000000000
0200000000000000000100000000001000000000000000000000080000000000
0000000000000000000000000000000000000000000000000008000000000000
0000000000000000000000000000000000000000000000000000000000000000
0000000000000000000000080000000000000000000000000000000000000000
0000000000000000000000000000000000000000000000000000040000000000
0100000004000000020000000000000000000000000040000000000000000000
0000000000000000000000000000000000000000000000000000000001000000
0000000000000000000000000000000000020000000000200000800000000000
0000000000000000000000010000000000000000002000000000000000000000
0000800000000000040000000804063200000000000000000800000000000000
00000000000000000000C0010000000000000000000000000000000000000000
0000000000000000000000000000000000000000000000000000000000000000
0000000000000000000000018400000000000000000000004000084000000000
0000000000000000000000000000004200040000000000000000000000000000
0000000000000000000000012000000000000004000000000000000000000000
0000084000000000000000000000000000000000000000000000000000000000
0000010000000000000000000000000000000000000000000000000000000000
0000000000000000000000000000000000000000000000000000000000008000
0000000000000000000000000000000000000000000000000000000004040000
0000000000000000000000000200000000000000000000200000000000000000
0000000008000000000080000000200001000802000004000000000000000000
0000000000000000000004000800000000000000000000004000000000000000
0000000000000000000080000000000000000000000000000000020000000000
0000000000000000000000000000000000000000000000001000000000000000
100000000000000000410001600000234800000000000000000004BC00000000
0000000000000000000010000800000000100000000000000000000000000000
0000000000000000000000000000000000000000000000000000093000000600
0200000000000000020000000000000000000000000000000000000000000000
0000000000000000000000000000000000000000000000000000000000000400
0000000000100000000000200000000004000000000000000000000000000000
0000000000000000000000000000000000000000000000000000000000000200
0000000000000000010000000000024120000000000000000800000040000000
0000020000000000000000018000000000000000000002000000000000000000
0000000000000000000400000000080000000000020000001000000000000000
0000000000000000000000000000000000000000000000000000004000000000
0000000000000000000000000000000000020000200400100000000000000000
0000000000000000000000000001002000000000000001000000088400000000
0000100000000001000000000000000000000000000000000000000000000000
0000000000000000000000000000000000000000000000000002000000000000
0000000000000000000000000000000000000000000004100000000000080000
0000000000000000000000000000000001000000000000000000000000000000
0000002001000200000000000004101008000000000000000000000000000000
0000000000000000000000000000000000004000000000000000000000000000
0000000000000000000000000004000000000000000000000000000000000000
000000000000000000004001000000000000000000000000000018C000000000
0000000000000000000000000000000000000000000000001000000100000000
1000001000000000000000000000800000002000000000000000000000000000
0000000000000000000000000000000000000004000080000000000180000000
0000800000000000001000000001009000000000100000000800051800000000
0000000000000000000000000000000000000000000000000000000000000000
1000000000000000008820019000000000000000000000000800009000000000
0000000000000080000000000004000140000000008020000000000000000000
0000010008000000000000000001000000000000000000000000000000000000
0000000000000000000000000004000000000000000000000000000000000000
0000000000002000000000000000000000000000000000000000000000000000
0000000000000000000001000000000000000000000000001000000000000000
0000000000000000000000000000000000000000002000000000084800000000
0000000000000000000000000000000000000200004000000000000000000000
0000010000200000100000000000800000000200000000000000000000000000
0000000000000000000000000000000000000000000000000000000040010000
0004000000000000000000000000800000000200000000000000088000000000
000000000000000000000000004400020000000000C000000000000000000000
0000000000000000000000010000000000000000000000000000008000000000
0000000000000000000200000040021000000000000000000000000000000000
0000000000000020000000000000000000000000000001000000000000000000
0000000000000000000000000300000000000220004000000000000000000000
1000000000000000000000000021008000000008000000000000084000000000
0000000000000000000000000100000000000001000000000000000000000000
1000000000000010000020008000610000000000000000000000024400000000
0000000000000000000000000000000000000000000000000000000000000000
0000000000000000000000000000000000000000000000000000040200000600
0000000000000000000004000000000000000000000000000000000000000000
0000000000000000000080008800004020000000000000000000000000000000
0000000000000000000001000000000000000000000000000000000000000000
0000000000000001000000010000000000800100004000000000040000000000
0000000000000000000000200000000000000000000000000000000000000000
0000000000000000000000000009000000000000000000000000000200000800
0100001000000000020001900000000000000000000000000000000000000000
0000000000000000000000000000004100000000100000000000080200000000
0000000000000000000000000200000000000000000000200000000000000000
0000000000000000000000000000000002100000000001000000000000000000
0000000000000040000000000000060000000000000000000000000000000000
0000000000000000000000000000000000000000000000000000000008000000
0000000000000000000000000000000000200008000000000000000000000000
0000000000000010004040000000000080004000000000000000000000000000
0000000000000000000000080000020000000000000000000000000000000000
0000000000000000000000000000000000000000000000000000000002000000
0000000000000000000000000000000000008000000000000000000000000000
0000000000000000000000008008000100000000000000000000000000000000
0000000000000000010000000000004000000000000000400000000100000000
0000000000000000002000010001800000000000000000000000000000000000
0000000000000000000000000000000000000000000000000000000000000000
0002000000000000000000000120010000000000000000000000000000040600
0000000000000000040000000004001000000000002000000000000800000000
10000000000000000008000100000000000000000000000008000A8400000000
0000000004000000040000000000000000000000000000001000000000000000
00000000000200000021C00000008121680000000000000000000C0200000000
0000000010000000000000000000000000000000000000000000000000000000
2000000000000000000000010000000000000000000000000000000000000000
0000000000000000000000000000000000000000000000000000000000000000
0000000000000000000000017020900200000000000000000000124800000000
0000000000000000000000000000000000000000000000000000000000000000
0000000000000000000000000000000000000000002000000000090000000000
0000000000000000000000400000000000000000000000000000000000000000
100000000000000001898001E000A0220000000000000000000005A200000000
0000000000000040000000000000000000000000000000000000000000000000
000000000000000001D0600130286078480000000000000000001E8600000000
0000000000000000000400000000000180000000000000000000000100000000
0000000008000000000000000000800000000000000000000000000000000000
0000300000000000010000000000014520000100004000200800040000000000
1000000000000000008000010020000040000000000000000000000000000000
0100000000000000000000000000000000000000000000000000000000000000
0000000000000000040000000008004000000000000000000000004000000400
0000000000000000000000000000000000000000000000000000000000000000
1000000000000000000000000000800000000002000000000800060200000000
0000080000000000000000000000000000000000000000000000000000080000
0000000000200000000000000000000000000000100000000000080000000600
0000000000000000000000000000000000000000000000000000000000000000
0000000400000000000000000001200000000000000000000000080000000200
0000000000000000000000000000000000000000000000000000000000000000
1000001000000000000100010000810000000000000000000000060400000000
0000000000000000000000000000000000000000400000000000000100000000
10000010008000010020200000080000000020000000000000000C0000000000
0000000000000002000000000000000000000000000000000000000000000000
0020000000000000000000000000000000000080000000000000000000000200
0000000000000000000000000000000000000800000200000000000000000000
0000000000000000000000010800000008000000000000000000020000000000
0000000000000000000000000000000000000400000000000000000000000000
1000000000000000000800001000001000000000040000000000000400000000
0000000000000000000000000000000000000000000000000000000010000000
100004200000000004C840000000000248000000000000000000077400000000
0000000000000000000000000000000000000000000000000000000000010000
0000000000000000000100000000000004000000000000000000090000040000
0000000000000000000000000000000000000000000000000000800000000000
0000000000000000000000000000000000000000000000000000080000060000
0000000000000000400000000000000000000000000020001000000000000000
00000000000000000488400000018000000000000000000000000CC200000000
0000000000000000000002000000000000000000000000000000000000000000
0000100000000000000000000000000000004000000000000000000000000000
0000000000000000000008000000000000000000000000000000000000000000
10000000000000000000000000000000040000000000000000000C1C00000000
0000000000000000000000000000000000000000000000000000000000000000
0000000000000000000000010001000000000000000000000000020000000000
0000000000000000000000000000000000000000000000040000000000200000
0000000100000000000000000000000000000000000000000000000000000000
0000000000000000000000000000000001000000000100000000000000000000
0000000000000000000000016000000000000002000000000000001000000400
0000000080000000000000000000000000000000000000000000000000000000
1000000000000000000000000000000000000000000040000000000000000000
0000000000000000000000002010042B00000000000000001000000000000000
0000000000000010000000000000800000000000000000000000000000000200
0000000000000000000000000000000010080080000200002000000000000000
0000000000000000000000010000000000000000000000000000080000000400
0000000000000000000000000000000000008000000008000000000000000000
0000000000000000000000000020000000000000000000000800000000020000
0000000000000000000020000000001200000000000000000800000000000000
0000000000000000004040006000000000000000000001000000001200000000
0000000000000000000000000040000001400290400102080000000000000000
100000000000000000C120008000001208000000000000000000088400000000
0000000000000000400000000000000000000000000000000000000000000000
10040000000000000480000170000126400000000000000008000F5C00000000
0000000000000000000000000000000000000000000000000004400000000000
1000000000000000000000000000000040000000000008000000000000000000
0000000000000000000000000000000000000040000000000000000000000000
00010000000000000410000000010050000000000000000000000C8200060200
0000000000000400400000000000000000000000000000000000000000000000
0000000000000000005020000001800020000000100000000000022000000200
0000000000000000000000080000000000000000000000000000000000000000
0000000080000000000000000000000000000000000000000000008000000000
0000000000000000000000000000000000000000000000000000000100000000
0000000000000000000140000000808000000000000040000000088800040000
0000000000000000000000000000000800082040080000000000000000000000
0000000000000000000080000000000000000000040000000000000000000000
0000000000000000000000000044000000000020000000000000000000000000
0000000100000000000000000000000000000010000000000000000000000000
0000000000000000000000000000000000000000000000000000000000000000
0000000000000000005080012000008000000000000000000000080600000000
0000000000000000000000120000000000000000000000000000000000000000
00000000000000000000000000000000000000000000000040000E8000040000
0000000000000000000010000002000000000000000000000000000000000000
0000000001400000000040000020000000400002100000000000040000000200
0000000000000000000080000002000000000002000200000000000000000000
0000000000000000000100000100000000000040000000000000000000000000
0000000000001000000000000000000000040000008000000000000000000000
0004000000000000000000000000000000000000000000000000080000000000
0000000000000000000008000000000000000000000000000000000000000000
0000000000000000000000000000000004000000004000000000000000000000
0000000000000000000001000000000000000001000000000000000000000000
0020000000000000000000000000000000000000000000000000000000000000
0000000000000000000000000000000000000002000000000000000000200000
0000000000000000000800000000000000000002000000000000008000000000
0000000000000000000400000004000280000000000000000000000000000000
0000000000000000000080008000000000000000000000000000000000000000
0000000000000000000006000000000000000000000000000000000000000000
0000000000000000000000010000000000000000000000000000000000000000
0000000000000000000000000000000000400000000000000000000100000000
0000000000000000000040000000000000000000000000000000020000000400
0000000000000000000000002000000000020000010000003000000100000000
000000000000000000000000000820A000000000800000000000000800000000
0000000000000000000200000000000000000000000010000000000000000000
0000000000000000000000000000000000000000000000400000008000000000
0000000000000000000000000000000000002000002000000000000000000000
00000000000A00000001800000000100804042000000000800000B3C00000000
0000000000000000000000000000040000080000000000000000000000000000
0000000000000000004800000000008400000000000000000000000400000000
0000000000000000000000000000000010000008000000000000000000000000
0000040000000000000000000000000000000000000000000000000000000000
0000000008000000000000000000000000000000000000000000000000000000
00010000000004000000000000000000000000000000000040000A0000000000
0000000000000000000000000000000000000000000200000000000000000000
0000000000000004000000000000000000000000000000000000000000000000
0080000000000000000000000000000000000000000000000000000000000000
0002000000000000000000000000000000000000000000000000000000000200
000000000000000001060000000000050042520010A401181000000000000000
0001000000000000000000000000002000000000000001000000000000000000
0000400000000000000000000000000000000000000000000000000000000000
0000000000000000000000000000000000000000040000004000008400040200
0000000000000000000000800000000000000000000000000000000000000000
0002000000002000000000000000000000000000000000000000000000000000
0000000000000000000000400000000000000000000000000000000000000000
10000000000000000008000124000000000000040000000000000E8000000000
0100000000000000000000000800023048000000000000000000000000000000
0000000000800000100000000041000020000000000000000000040400001E00
0000000000000000000000000000000000000000000000000000000000008000
0000000000000000000000000000000000000000000000000000000000900000
0000000010000200000000000000000000000000000000000000000000000000
0000000000000000000000000000000000000000000000000000000008000000
0000000000000000000200800000000000000000000000000000000000000000
0000042000000000000000000080000000000000000000000000000000000000
0000000000000000000008000000000000000000000000000000000000000000
0000000000000000000000000000000000000000000000000100000000000000
000000000000000000000000000000000000000C000000000000000000000000
0000000000000000004000010801000200000000100000000000050000000000
0000000000000000020000000000000000000000000020000000000000000000
0000000002000000000000010000801000100020080040000800000000000000
0000000000000000000000000000000000000000000000000000000000000000
0000000000000000000000010000000000000000000000200000000000000000
0000000000000000000000000000000000000000000000000000000000000000
0000000000000000000000000000000000000000000000000200000000040000
0000000000000000000000000000005C80000000010010800000000000000000
0000000000000000000040000000000000000000000000000000001000000000
0000000000000000000008000000000000000000000000000000000000000000
0000000000001000000000000000000000000000000000000000000000000000
0000000000000000000000000004000000000000001000000000000000000000
0000000101000000000000000000000000000000000000000000000000000000
0000000010000000000000000000000000000000000000000000000000000000
10000000000000000079000120000005480000000000000000000F9200000000
0000000000000800060000000200002000000000800020001000000000000000
0000000000000000000000000000000000000000000000000000000000000200
000000000000000000000000000440C008000000000000000000000000200000
1002000000000000040000000008410020000000000000000000000000000400
0000000000000000000000000000000010000000000000000000000000000000
0000000000000000000000004000000000000000000002000000000000000000
0000000000000000000000000000000010000000000000000000000000000000
0000000000000040000020000080000001000200100000000000040000000000
0000000000000000000000000000000000001000000000000000000000200000
0000000000000000000000000000000000040000000000000000000000000000
0000000000000000000000000000080000004080100000000000000000000000
0000000000000000000000000000402000000080000000000000010000000000
0000000000000000000000000000000000000000000000000000000000000000
0020000000000004040000000000002600000000000000000000020000000000
0000000000000000000000000000000000000002000000200000000000000000
1000000000000000008800000000801C28000000000000000000024200000000
0000000000000000000000002000000000000000004000000000000000000000
0200002000080040044000000000000000000000000000000800088000000000
0000000000000000000600000000002300000008000000000000000000000000
0000000000000000000000000000000000000000000000000000000000000000
0000000000000000000000000000000000000000000000000000000000000000
1000000000000000000000000000000000000042100000000000000000000000
0000000000000000000000000000000000000000000020900000000000000000
0000002000080000000000000000800000000000000000000000044000000000
0000000000000800000000000000000000000000000000000000000000000000
0000000000000000000000000000000000000000000000000000000000400000
0000800010000000000000100000000000000000000000000000000000000000
0000000000000000000000010800000000000004000000000000080000000000
0000000000000000000000000040000000000000000000000000000000000000
0000000000000000000000000080000000000000000000000000000000060200
0000000000000000000000000004000000000000000008000000000000000000
00000000000000000400000110090000000000000000000000000E0400000000
0008000030000200000000000000008800000000000000000000000000000000
0000000000000000000000000000000000800000000000000000000000000000
0000000000100000000000000000000000000000000000000000000000000000
0000000000002000000000000000000000000000000000000000000000000000
0000000000000000000000000000000000000000000000000000000000200000
0000000000000000000000000000000000000000000000000002000000000000
0000000000000000000000000000000000000000000000000000000000000000
0002000000000000000000000000000000000000000000000000000000000000
0000000000000000000000000000000000000000000000000000000000000000
10000000000000000400400150040044082000000000000000000BC400000000
0000000000000000000000000000020000202000080000000000000000000000
100000000000000000C80001B408208C280000000000000000001AC600000000
0000000000000000000000000000000028008000200000120000000000000000
0000000000000000000000016001008000000000000001000000040000000000
0000000000000000000000000000101000000000000000000000000100000000
0000000000000000000000000000000000000000000000000000000000000200
0000000200000000000000000000000000000000000000000000000000010000
1000000000000000008000000000000000000000000000100000008000000000
0000000000000000010000000004000000080000000000000000000000000000
1000000000000000001000011009000000000000000002000000020800000000
0000000000000000000000000000000000000000000000000000000100000000
1000000000000000000000010000000000000000000008000000000000000000
0000000000000000010000000000000000000000000000000000000100000000
0001000000000000000000000000000000000000000000000000000000000000
0000000000000000000000000000000000000000001000008000000000000000
1000000000000000807D0000000140584000000000000000000000C200000000
0000000000000000000000000010000000000000003000000000000000000000
1000000000000000000000000400000000000000040000000000144000000000
0000000000000000000004000000000000000000000000000000000000000000
0000040000000000000000000000000000000000000000000800020000000600
00000000000000000002000000000000000400000000A0000000000000000000
0000000000000000000000000080000000000000000000000000000400000000
0000000000000000000000000000000000000000224200000000000000000000
0000000000000000000800000000000000008000000000000000000802000000
0000000000000000000000000000000000000000000000000000000000010000
100000000000000000000000A000000008000000000000001800008000000000
0000000000000000000000000000060000000000020000000000000000000000
1001000040000000000000000000000000000000000001000000000000000000
0000000000000000000000000000000000000010008000004000000100080000
0000002000000000000000000000000000000000000000000000000000000000
0000000000000000000000000000000000000000000000080000000100000000
00000000000000000478C0010000E0204800000000000000080003A800000000
0000010000000000000000000000000000000400000000400000000000010000
100000000000000006C9E0013001C17C4000000000000000080006EC00000000
0000000000000000000000000000000000000400000000040000000000000000
0000000000000010000000000000000000000000000000000000000000000000
00000000000000000000000000001C0000000000000000000000000000000000
0001000000000000000000000000000000800000000000000000000000000000
0000000000000000000400000004000000000000000020040000000000000000
0000000000010000000000000001800000000042020000000000000000000200
0000000000000000000000000000000010000100000000000000000000000000
100000000000000005780001F400B1FF680000000000000200000ECC00000000
0000000000000000000000000840008000000000000080000000000000000000
000000000000000000004000000000A080000000000000000000008C00000000
0000001000000000000000140000000000000000000000000000000000000000
00000000000000000000000014008000009020000010000000000A0000000000
0000000000000000000000000000000000000000000000000000000100000000
0000000000000000004000000000004080000004002000000000000400000000
0200000000000000000000000000000000000000008000000000000000000000
0400000800400000000030000000008000000000000000000000044400001A00
0000000000000000000000000080000000040000800000000000000000000000
0000000000000000000000000000000000000000100000000000000000061800
0000000000000000020E00000010002000000004000000000800000000000000
0000000000000000000000000000200000000000000000000800048000000000
0000000000000000040400000004004080000000010000000000000000000000
00000000000000000080000020000048000000000800000000000A8000000000
0000000000000000000000000000000000000000000000000000000000000000
0400002000000000000000000000000000000000000000000000010000000000
0000008000000004040000000004001000000000000000000000000000000000
0000000000000000000100000080000000000000000000000000000000000200
0000000000000000000000000000120000000000000000000000000000000000
10000000000000000010000100000000000000000000010800000E0000000000
0000000000000000000000000000000000000000000000000000400000000000
0000000000400000000000000000000000100000000000000000000001000400
0000000000000000000000000000000010000000000800000000000000000000
0000000020000000000000000000000000000000000000000000040000000000
0000000000000000000002000000000000000000000000000000000000000000
100200100000000000F800000381A1FFC00000000000010008000C8400000600
0000000000000000000000000000000000200000000000000000000000000000
0000000000002000000000000000000000000000000000000000000000000000
0000000000000000000000000000000000002000000400080800000000000000
1000000000000000000000017000400000000000000000000000080000000000
0000000000000000000000000000000000000000000000000000000000000000
0000000000000000000000010400000000000000100000000000000000000000
0000000000000000000000000000000000000000008000000000000100000000
0040000000000000000000000001000000000000000400000000080000000000
0000000000000000000000000000000000002000002600000000000000000000
0000000000000000000000000000000000000000000000000000080000000200
0000000000000000010000000000000000000000000010000800000000000000
0000000000000000000100000000018000001000000000000000080000000000
0000000000000000000000000000020000000000000000000000000000000000
1000000000000000040000018028001908000000000000200000032800000000
0000000000000000000002000000000000000000000000000000000000000000
0000000000000000000000013000000000100000000000000000030000000000
0000000000000000000000000000000000000000000002000000000100000000
1000000000000000043800004000011520000000040101000800048000000000
0000000000000000000000000000000000000000000000000000000100000000
0000000000000000001000000000000000000200000000000000048000060000
0000000000000000000000000000000000000000000000000000000000000000
0000000001080000000000000000000000000002000000000000000000000000
0000000000000000000000020000000000000000000000000000000000000000
0002000000000000000000000000000000000000000000000000080000000000
0000000000000000000000000000000000000000008000200000000000000000
0000000000000000010000008000000000000000000080000000080000000000
0000000000000000000000000000000010000000080000000000000000000000
00000000000200000001000000008000000000000000000000000C0000000000
0000000000000080000000000000000000000000000000000000000000000000
0000000000008000002000000000000000100000000001000000000200000000
0000000000000000000002000000000000000000000000000000000000000000
1000000000000000044000011000A01140000000000400000800086000000000
0000000000000000000000000000000000014000000000000000000000000080
0000000000000000040000011002200000000000000000000000148000000000
0000400010000800410008000000000000000000000000000000000000000000
10000000000000000410000110004030000040000000000010000C0400000000
0000000010000000000000000000000000000000000000200000000000000000
10000000000000000080C00000000000000000000000020008000F0800000000
0000000000000000000000000000000000000000000000000000000000000000
0000000000000000004000013002008008000000000000000000040200000000
0000000001000400000000000000000000000000000000000000000001000000
0000000002000000000000010000000000000004000000000000000000000000
0000000000000000051400000800044300000000000000000800000800000000
0000000080002000000000008000000000000008000000000000008000000000
0000000000000000000000000000020000080100000000000000000000000000
0001000000000000000120003000404700000000000000000000051000000000
0000000000000000000000000000000000000000000000000000000000000000
0002000000000000000000000000000000000000000000000000020200000000
0000000000000000000000000000000000000000005002040000000000000000
0000000000000000000000000000000000000000000000000000040000000000
0200000000000000000000000000000000000000000000000000000000000000
0000000000000000000000000000000000800000000000000000041E00000000
0000000000000000000000000000000000000000000000002000000000000000
0000000000001000040900000020014000000000400000000000084A00000000
0000000000000000018000000004004000004000100000040000001000000000
0000000000000000800100000000000000000000000000000000010000000000
000000000000000000100000000000000000042000000000C000000000000000
0008000000000000200000000000000000000000000000000000000000000000
0000000000000000000008000000000000000000000000000000000000000000
0000000000000000000000000000000000000000000000000000000000000400
0000000000000000000000000010000000000000000000003000000000000000
10000000000000000000A001000000012000000000000000080004CA00000000
0000000000000000000000000100000000000000000000801000000000000000
1000000000002000000000000000000000000000000000000000000000000000
0000000000000000000000000000000000000000000000000000000000000000
0000000000000000000000012000000000000000000000000000000000000000
0000000000000000000000000000000000008000021000010000000000000000
0200000000400000100000000000000000000000000000000000040000000400
0000000000000000000000000000000000010000000080000000000000000000
0000000000000000000000000000000000000000000000000000050A00000600
0000000000000000000000000000000000000000001000000000000400000000
0000000000000000000000000000000000900000000000000000004000000000
0000000000000000000000000044000000000000000000000000000000000000
1000000000000000000900013000800000000000000000000000048000000000
0000000800000200000000000800101400000000000000000000000000000000
00000000000000000008C0000000400000800000000000000000004200040000
0000000000000000010000000000000000010000000100100000000000000000
0000000000000000000000000800000000000000000000000000000000060000
0000000000000000000000000010028000000000000000000000000000000000
10000000000000000000000000002020000000000000000000000C0000000000
0000000000000000000010000000000000000000000000000000000000000000
0000000400000002000000000000000000000000000000000000000000000000
0000000000000000000000000004000000000000000000000000000100000000
0000010000000000000000000000000000000000000004000000004000000000
0000000000000000000000000000040000000000000000000000000100000000
1000000000000000000000000000000000000000000000200000000000000000
0000000000000000000220000100000000000000000000400000000000000000
0000000000000000000000000000000000000000000000000000000000000000
0000000011000800000000000000000000000000000000000000000000000000
0000000000000000000000000400000000000000000000000000004000000000
0000000000000000000000000000000008000000000000000000000000000000
100000000000000000210001500020400000001000000000000008C400000000
0000000000000000000000000000000000000000000000000000000000010000
0000000000000000000000000020000080000000000000000000000000000000
0000000000000000000000800002000000000000000000000000000000000000
100000000000080040002001100000204000000000000000000005C000000000
0000000000000000000008000000000000000000000000000000000000000000
0000000000000000000000000001000000000000000000000000000080000000
0000000000000000000008000000000000000000000000000000000000000000
0000000000002000000000000000000040000000000000000000018800000000
0000000000000000000000000000000000000000000000000000000080000000
0000000000100000000000000000000000400000000000000000080000000000
0000000000008000000000000000000000000000000000000000000000000000
0000000000000000000100011000000000000000000000000000040800000000
0400000080000000000800000000000020000000000000000000000000000000
0000000000000048001800000000800000004200000004000000008000000000
0000000000000000000000280000000000000000000000000000000000000000
0000000000000000000000010000100000000000000000000000000000000000
0000000000000000000000000000000000000000000020000000000000200000
0000000000000000000000000000000000000001000000000000020000000000
0000000000000000000200000000000000008400410004100000000100000000
1000000000000000002840013000C017480000000000000008000DB200000000
0000000000000000000004000000000000000000002000000000000000000000
0000000000000000000040000000800000000000000000000000028000000000
0000000000000000000000000410000004000000000000000000000000000000
000000000000000000200000100080080000000000000200000002F000000000
0000000000000000000000000000000000000000040000000000000000000000
000000000000000000000000000000000000000000000000000002C000000000
0000000000000000000000000000400000000000010000000000000000000000
1000000000000000000080011001C192480000000000000008000FEA00000000
0000008000000000000000000000000000000000000000000000000000000000
0000000000100000001000000000000000000000000000000000000000040600
0000000000000000000000000100000000000000000000000000000000000000
0000000000000008000000000000000000000000000000000000000000000000
0000000000000000000000000000000000000000000000000000000100000000
0000000000080000000000010000000000000000000000000000000000000000
0000000000000000000000000000000010000010001500000000000000000000
00000000000000000000000100298100000000000000000000000C0000000000
0000000000000000000000000000000000000000000000060000001000000000
0002000000000000001000000008000004000100000000000000000000000000
0000000000000000000000000000000000060000000000201000000000000000
0000000000000400000000000000000000100000000000000000000000000000
0000000000000000000400000000000000000000000000001000000100000000
0000000100000800000000000000000000000000000000002000000000000000
0000000000000000000000000000000000000000000000000000000000000000
0000000000000000100000000000000000000000000000000000000000000000
0000000000000800000000000000000000000000000000000000000000000000
0000000000000010000000010000000000000000000000000000000000000000
0000000000000000000000000000000000000800000020000000000000000000
0000000000000000100000000000000000000000000000000000048000040600
0000000000000000000000000000000000010000000000000000000000000000
0000100000000000000000000008000000000000000000000000000000000000
0000000000000000000000000000000000000000000000000000000080080000
0000000000080000000000000000000000000000000000000000000000000000
0000000400000000000000000000060000000000000000000000000000000000
100000000000000001C800012C000000280000000000000000000C0400000000
0000000000000000000000000000020000000000000000001000000000000000
0000000000000000044000000020800000000000000000000000001800000000
0000000000000000000000000000000010000000000000000000000000000000
00000000000000000004000000098000800000000200000000000C0000060000
0000000000000000000000000000100000000000000010000000000000000000
0000000080240000000000000000000000000000000000000000040000100000
0000000000000000000000000004000080000000004100040000000400000000
0000000000808000002000000000000080000000000000000000000000000000
0000000000000000000000000000000000000000000000010000000000000000
0000000000000000000000000000800000000000000000000000080000000600
0000000000000000000000000000020400000000000000000000000000000000
1000000040000000004000000000000000000000000001000000080000000000
000000000000000000001000000000000000043001000000C000000000000000
00000000000000000000800000000000200000000404200140000E8000000000
0000000000000000000400000800000000000000000000000000000000000000
0000000000000000100000000000800000000000000000000000000000000200
0000000000000000000000000000000000000004001000000000000100000000
0000000000000000000000000001814000000000000000000000088002020000
0400000000000000000000000000000000000000000000000000000000010000
0000000000000800000000000000010000000000000000000000100000000000
0000000000000000000000800000000000000000000000000000000000000000
0000000000000000000000000000000000000000000000000000028000000000
0000000400000000000004000000000000000000000000000000000000000000
0000200000000000000000000020000000000000000000000000080000000000
0000000000000000004200000004043208000000000000000800000400000000
0000000000000000000080000000000000200000000000000000080400000000
0000000000000000000000000000000001000400000010000000000100000000
0004000100000000000000019000001040000000000000000800024C00000000
0000000004000000000000100002000000000000000000000000000000000000
0000000000400000000000000000000000000000000000000000000000000000
0000000000000000000000000000000000000000000000010000000000000000
0000000000000000000000000000000000000000000000000000000000000200
0000000000000000004000000000000000080102001000000000000000000000
0000000000000000000000000000000000000000000000000000000000000000
0000000000000000020020000000000000000000000000400000000000000000
0000000000000000000000000000000000000000000000000000080800000400
0000000000000000000000100000000000000000000000000000000000000000
100000000000000000308001B000C149400000000000000008000F2200000000
0000000000000000000000000000000000000204000200000000000000000000
0000000000000000000000000000000000000000000000000000000000100000
0000000000000000000000000000000000000000000000000000000000000000
000020210000000004600000000160570000000000000000080004CC00000000
0000000000000000000000000000000010000000000000000000000000000000
0004000000000000000000000000000000000000000000000000000000000000
0000000000000002000000000000040000000000000000000000000000000000
0008000000000001000000000000000000040000000000000000040200000000
00000000000000000000000000040008C0000000000000000000000000000000
0000000000000000000000000000000000000000000000004000000000000000
0000000000000000000000000000000000000000080000000000000000000000
0000000000021000000000000000000000000000000000000000000000000000
0000000000000000000000000000020000000000000000000000000000000000
0000000000800000000000000000000000000002000000000000000000000000
0000000000000000000000100000000000000000000000000000000000000000
1000000000000000014800012000000A00000000000000000000040000000000
0000000000000000000000000040000010000000000800000000000000000000
1000000000000000000800000000800000140000000800000000048003000000
0000000020000100000000000000000000000000000000000000000000000000
000000000000000000004001C000000000000000100000000000088000800000
0000000000000000000000000000000000000000000000000000000000000000
100000000000000025800000008001402800000000000000000004C200000600
0000000000000000000000004000000000000010000000001000000000000000
0000000000000000000000000000000000000000000000000000000000000000
0000000000000000008000000000000000000410404000000000000000000000
0000000001000000000000000081000000000002100000000000000000000000
0000000000000000000000000400000000000000000000000000000000008000
10000000000000000070000120200144400000000000000000000CC200000000
0000400000000000000000000000000000000000000000000000000000000000
100000000000000000100000000001480A000000010008000000045E00000000
0000000000000000000000000000000000000000000000000000000000000000
0010000000000000000000000000000000000000000000000000000000000000
0000000000000000000000000000000010000040000000000000000000000000
0000000000000000000000000000000000002000000000000000000000000000
00000000000000000004000000000000000424C02A4008000000000000000000
0000000000000000000000000020000000000000000004000000000000000000
0000000000000000000000000000000010000000000000000000000000000000
0000000000000000000000010000000000000000100000000000000000000000
0000000000000000000000000000000010010000000080000000000000000000
0000000000000000000000000000000000000080000000000000000000040000
00000000000000000000000000040000000002000020A0000000000000000000
0000000000000000000000000000000000000000000000000000000008000000
0000000000000000000000000000040000000000000000000000000000000000
0000000000000000100000000000408000000000000000000000004000000400
0000000000000000000000000040000000000000000000000000000100000000
0000000000000000000000000000000000000000000000000000000000040000
0000000000000000000000000010040000000000000000000000000000000000
0000000000000000000000000000800000000000100000010000000000000000
0000000000000000000000000000000000000800000000000000000000000000
0000002000000000002000000081000000000080000000000000062000040400
0000000000000000000000000000000000000000008000000000000001000000
10000000000000000000000000000000002000000000000000000A0A00000000
0000000000000000000000000000140010000000000000000000000000000000
0100000010000000000000000000000000000000000000000000000000000000
0000000000080000000000000000000000000000000000000000000000000000
0000000008000000000000000000800000000000000000000000060000000400
0000000000000000000000000040000000000000000000018000000000000000
0200000000002000000100004000010800000000000000000000048000000000
0000000000000000000000000000000000000000009000040000000100000000
00010000000000000000000000000000200000000000000000000A4000000000
0000000000000000008000000000020000000000000000000000000000000000
0000000000000000000000000000800000000000000000000000000000000000
00000000000000000020000000000000000000C0000000000000000000000000
0000000000000000002080000000008000040000000002000000000000000000
0000000000000000000000000200000010000000000010000000000000000000
0000000000000000000000000000000000000000000000000002000000000000
0000000000000000000000000000000000400000000010000000000000000000
0004000000000000000800002041000000000000000000000000100000000000
0000008000000000000000000000000000000000000000000000000000000000
0400000000100000000000000000000000000000000000000000080000000600
0000000000000000000000000000100000000000000000000000000000000000
0000000000000000100000000000000000000000000000000000010000000000
00000000000000000022000000000000000A0000000080008000000000000000
00020000000020000000000000000000000000000000000000000C8000000000
0000000000000000000000000000000000000000000010004000000000000000
0000000000000000100000000000000000000000000000000000000000000600
0000000000000000000000000000000000000040000000000000000000010000
0000000000000002000100000000000000000000000000000000000000000000
0000000000000000000000000000000000000000000000000000000000010000
00000000000000000001C00000010106800010800000000000000AB000000000
0000000000080008031010000000013E40000000000000000000000000000000
0000000000104000000000000000000000000000000000000000080000000000
0000000000000000000000000000000300004010080405000000000000000000
0000000002000000018000011000000000000000000000000000046000000000
0000000000000000000004000000000000000000000000000000000000000000
0000000000000000000000000000000000000800000000000000000000000000
0000000000000000000000000000004200800400200100000000000000000000
0001000000000000000000000000000000000000000000000000000000000000
0000000000000000000000000000000000000000401010000000000000000000
1000000000000000000800004000800100000000000000000000009000000000
0000000000000000000004000200000000000000000000000000000000000000
0000000000000000400000000000008000000000000000000000000600000000
0000000000000000000000000000000000000000000000000000000000000010
100000000000000000000000000000000000000000400000000002A000000000
0000000000000000000008000000000000000000000000000000000000000000
0000000000000000000000000000000000000000100000000000000000000000
0000000000000000000008000000000000000000000000000000000000000000
0000000000000000002000009000000000000000000000000000020000000000
0000000000000000000002000040000000000000000000000000000000000000
0000000008000000000000000000000000000000000000000000000002000000
0000000000000000000000000000000000000000000000000000000000000000
0000000000000400000000000000000000000000000000000000000000000000
0000000000000000000000000000000010000000000000000000000000000000
0000080000000004000000000000000000000000000000000000080000000000
0000000000000000000000000000000000040000000020000000000000000000
0000000001000004000000000000000000000000000000000000000000000000
0000000000000000000000000000000000000000000000204000000000000000
0000000008000000000000000400000000000000000000000000000000000000
0000000000000000040000000000000000040000004000300000001000000000
0008000000000000000000000000000000000000000000000000000000000000
0000000000000000000000000000000100020400000000001000000000000000
0000000000000000042800000001008000000000000000000000080000000800
0000000000000000000000000010000000080000000000008000000000000000
0000000080004000000000000008000000000000000000000000048200000000
0000000080000000060000000000100000000000000000000000000000000000
0000000000000000000000010400000000000200000000000000180000000000
0000000000000000055420000000601748000000008000000800000000000000
0000000000000004000000000000000000020000040000000000000000000000
0000000000000000000000800000000000000000000000000000000000000000
000000000000000000C180000001004C60004000000000000000097400000000
0000000000000000000000800000000000000000000000000000000000000000
0000000008000000000000000000000000000000000000000000000400000000
0000000000000000000000004C0000000000090C010000000000000000000000
0000000000000000000000010000000000000000000000000000008000000000
0000000000000000000000000000000000000000000000000000000000008000
0000000000020000101820000000000000000000000000000000080000040600
00000000000000000100000000000000000A0000000000040000000000200000
0000000000000000000000000000000000000000000000000000000000000000
0000000000000000000240000000000000000400000000900000000000000000
0000000000000000008040011000001000000000000000002800046600000000
0000000000000000000400000000000022000400400001000000000000000000
0000000000000000000000000000000000000000000000000000040000000000
0000000000000000000000000000000000000000000000000800000000000000
0000000000000000000000000000000000000000000000000000000000000000
0000000000000000000000000000000080000080000010000000000000000000
0000084000000000000000010000000000000000000000000000000000000000
0000000000000000000000000000000000000000000000000000000000000000
100000000000000000604000F0000104080000000000000008000E7200000000
0000000010000000000000000000000000000000000000000000000000004000
0004000000000000800000000000000000000000000000000000000000000000
0000000000000000000000000000000000200000000040000000000000000000
0000000000100000000000000000000000000000000000000000004000040000
0000000000000000000000000200000000000000004800200000000000000000
0000000000000000100000000080000000000000000000000000008000000000
0000000000000000000000000000000000000400040000000000000000000000
1000000000000000000800000000000020000000000001000000008800000000
0000000000000000400000000000000000000000000000001000000000002000
1000000000000000000000010000000004000000000800000000000000000000
0000000000000000000000000000000000000000000000000000000000000000
0040000000000000000000000000000000000000000000008000000000000000
0000000000000000000000000000000000400400000400801800000000000000
0000000000000000044000000001008000000000000000000000022000000000
0000000000000040000000080000000000000000800020000000000000000000
0000002000000000000000010000000000000000000000000000000000000000
0000000000000000002000000004000800000000000080000000000000000000
0000000000000000000000000000000000000040000000000000000000000000
0000000000000000000000000004000000000000000000000000000000000000
1000900000000000000000000001808400004000000000000000048000000000
0000000000000000000000000000000000400440401810000800000000000000
00000000000000000000C0000000000000000000000000000000082200000000
0000000000000000000000000000220000000000000000000000000000000000
0000000000000000000000011000000000000000000000000000020000000000
0000000000000000000000000000400000000000002000000000000000000000
0000000001000000000000000000000000000000000000000000000000000000
0000000000000000000000000000000000000000010000000000000100000000
1000000000000010000000000000000000000000000000000000000000000000
0000000000000000000000000000000000000000000100000001000000000000
0000000000000000000000000000000000000000000000000000080000000400
0000000000000000000000000000000000100000004000000000000000000000
1000000000000000000100000000000000000000000000000000000400100000
0000000000000000000000000000000000000000000000000008000000000000
000000000008080000800000000000000008000000000000200004C000000000
0000000000000000000000000208000000000000000C00000000000000000000
0000000000002000000000000000000000000000000000000000000000000000
0000000010000000000000000000000000000000000000000000000000000000
0000000000000000000000000000000000000000000000000000058000000000
0000000000000000000004000000020000000000000000000000000000000000
0000000000002000000000000000004000000000080000000000080000000000
0000000000000000000000000000004000400000001000000000000000000000
0000002000400000000000000000000000000000000000000000004000000000
0000000000000000000800000000060000000000000020000800000000000000
0000000000000000000000000000000000000000000000000000068200000000
0000000000000000000000000000004800040000000000001800000000000000
0020000000000000000900000000000060000200100000000000040000000000
0000000000000000011030000040000000000000400000000000000000000000
0000000000000000000000000020000020000000000000000000000400000400
0000000000000000000000000000040000000000000000000000000000000000
0000000000000000000000000000000000000000000000000000000000000000
000000000000000004000000080000000000080C000408000000000000000000
00000000010000000079800000000000080000420000000008000D5E00000000
0000000000000000000000000000040800000080080080000000000000000000
00000000008000000010000000000006400000000000000000000C0000000000
0000000000000000000400000040000000000404004002000000000000000000
0000008000000000000000000000000000000000000000000000000000000000
0000000000000000000000000002000000000000000000000000000000000000
0000000000008400000000000000000000000000400000000000000000000000
0000000000000000000000000000060000000000000000000000000000000000
0002000000080000000080000000000000000002000000000000000000000000
0000000000000000000000200000000000000000000000000000000000000000
0000000000000000000000012000000001000000000000000000010000000000
0000000000000000000000000000040000000000000000008000000100000000
00000000000000000080000170000100480000000000000000001E8200000000
0000000000000000008010000000020000000000000010000000000000000000
0000000000000000000000000000000000800000000000000000000000000000
0000000000000000053200000000005880000000000000000000000000010000
0000000000000000100000000000000000000000000000000000000000040000
0000000000000000000008000000000000000000000000000000000000000000
0000000000000000000000000000000000000000000000000000000000040000
0000000000000000000000000200000000020000000000001000000000000000
0000000000002000000000000080000000000000000000000000000000000000
0000000000000000000000000000000000040080006100080000000000000000
0000000000000000100000000000000000000000100000000000000000000200
0000000000000000000000000000000000000000000000000000000000000000
1000040000000000002000000000000000000000100000000000000000000000
0000000000000000000000000000000000000000000000000000000000000000
0000000000000000000000000000000000000000000000000000008000040400
0240000000000000000000000000000000000000000020000000000000000000
0000000000000000000000010000000000000000000000000000110000000000
0000000000000000000000400000000000000000000000000000000000000000
0001000000000000000000000000000000000000000000000000000000040000
0000000000000100000000000000020000000000000000000000000000000000
0000000000000000000000000008000000000000020000000000008000000000
0200000040000000000208000000000008000000000020000000000000000000
100000000000000004800001B0012003000000000000030088000C4C00000000
0000000000000000000000000000000080000000000010020000000000000000
000000010000000000000000002140B0000000000000000000000C0200000000
0000000002000000048000004014115300000000004050003000000000000000
0000000000000000000000000000000000000000000000000000001800000000
0000000000000001000000000000000000000000008000000000000000000000
1000000080000000008000017000000000000000000000000000000200000000
0000000000000000000000000000000010000000000000000000000000000000
0000000000000000000000015000000200000000004000000000008000000200
0000000000000000000000000000000000000000000000000000000100000000
10020000000000000528000000020000400001000000000008001B4400000000
0080000000000000000000000000000000000000000000000000000000000000
1000000000000000004000010000000000000200040000000000031400000000
0000000000000000000008000000000000000000000000000000000000000000
0000000000000000000000000000000000000000000800000000000000020200
0000000000000000000004000000000000000000000000000000000000000000
0000000000000000000040010001000000000000000000000000004000000000
0000000000000000000000000000000000000000000000000000000000080000
00000000000000000000000110000000000000000008000000000C0000000000
0030000000000000000000000000001000000000000000001000000000000000
100000000000000000A9C0000000810000000000000000000000044000000200
0000000000000000000000000000000000004200000004010000000000000000
1000000000000000000000000000000000000000000000000000041400000000
0000000000000000000000000000000010000000000000000000000000000000
0000000000000020000000000040000000000000000001000000048000000600
0200000000000000000000000000000000000000000000000000000000000000
00000000000000000100400000010084400000000000010000000C0000000600
0000000000000000000000000000000000000000000000000000000000000000
0000000000000000000000000000000000000000000000000000044000020600
0000000000000000000000000400000000000000000000000000000100000000
0000000000080800001000000000000000000000000000000000032000000000
0000000000000000048000000000000500000100000040000000000000000000
0000000000020000004140000000000000000000000000000000008000000000
0000000000000000000000004000004000000000800000000000000000000000
10000000000000000130A0002000A0130000000000000000000005DC00000000
0000000000000000000008000000000000000000000000000000000000000800
0000000000100000000000000000000000000000010008000000082000000000
0000000000000000000000000000000000000000000000000000000000010000
0000000000000000000000000000000000000000000000000000000000400000
0000000000000000000000000002000000040000000000000000000000000000
0000000000000000000000000000000000000000000000400000000000000000
0000000000000000040000000000021200000000000000000000000000000000
0000000000000000000100011000000000000000000000000000000000000000
0000000000000000000000000000040000000000000000000000000000000000
0000000000000000008000000000001000000000000000004000023200000600
0000000000000000000000000814000000000000000020000000000000000000
10000000000000000079E0012000A134480000000000000008000FA200000000
0000000000000000000000000000000000100000000000000000000010000000
0002000000000000000000000000008000000000000000000000000000000000
0000000000000000000000000000000000000000000000000000000100000000
0000000000080040004000000020000000000000000001000000008000000000
0000000000004000000000000000040000000000000000000000000000000000
0000000000000000000000000000A100008000000000000000000E0000000000
0000000000000000000000000000000000000000000000000000400000000000
0000000000000000000000000000000000000000000000000002080000000000
0000020000000000000000000000000000000000000000000000000000000000
0000000000000000000000000000000004000000000000000000080200400000
0000800000000000020000000000000600000000000000000800000000000000
10000000000000000039E00130030183600000000000000008000FDC00000000
0000000000000000002000000000000400200404100000040000000000000000
000000000000000000488000000000CC280000000000000000000FE200000000
0000000000000000001000000040000000000400000000000000000000000000
0000000008000000000000000000001000000000000000000000000000000000
0000000000000000000000000000000000000000002010000000000060000000
10000000000000000041E0010021606D0000000000000000000008C600000000
0080000000000000000000000040020000000000000000000000000000000000
0000000000000000000000000000000000000000000000000000000000060000
0000000000000000000000000000000010000000000000000000000000000000
0000000000000002000900000000000000000000000000000000000000000000
0000000000000000000000000004000000000000000000000000000000000000
100000000000000004A000007000000400000000000000000000088000000000
0000000000000000000200000000040000000000000800000000000000000000
100000000000000000400001FC000016000001000000020000000E0400000000
0000000000000000000000000000000000010000000000000000000100000000
0000000000080040050000000000017E48000000000000000800068400000000
0000000000000000000000000210000800000000000000000000000000000000
0000000000000000000000000020000000000000000000000000000000000000
0000000000000000000000000000000000000000000000000200000000000000
0001000000000000000000000000000000000000000000800000002200000000
0000000000000000000000000000000000000000000000000000000000000000
0080000000000000000000001000000000000000000000000000000000000000
0000000000000000000000000000000000000000000000008000000100000000
0000000000000000000000000000000000080000000000000000000000000000
0000000000000000000000000000000000000080400000100000004000000000
0080000000000000000000000000000000000000000000000000000000000000
0000000000000000400000000000000000000000000000000000000000000000
0000000000000000000000000000000000000000000000000000000000000000
0000000000000000000008000000000000000000000000000000000000000000
0000000000000000000000000000400000000000000000000000080000040000
0000000000000000000000000000000C00000000000000000000000000000000
0000000000000000800000000000000000000000000000000000000000000000
0000000000000000000000000000080000000000000000000000000100000000
0000000000000000000000001000000000000000000000000000020000020000
0200000000000100000000000240020000000000000000000000000000000000
0010000000000000000000000008000000004000000000000000000000000000
0000000000000000000000000100003800020000400010101000000000000000
0000000000001000800000000000000000000000000000000000000000000000
0000000000000000000000000000000000000000000000000000000000000000
0000000000000800000060000000000000000000080000040000000000000000
0000000000000000000000000000000000200000000000000000000000000000
0000000000000000000000000000000000000000000000010000000000100000
0000000000000000000100000000000000008000400010000000000000000000
00000000800020000040000100000000000000002000000000000D8000000000
0000000000000000000000000000000000000000000040000000000000000000
0000000000000000100000000000000000000000000000000000000000040000
0000000000000000000000000000000488000000000000000000000000010000
0000000000000000100000000000000000000000000000000000004008040200
0000000000000000000010000000000000000100000000000000000000000000
0004000000000000000000000000000000000000000000000000000000000000
0010000000000000000000000000000000000000010000000000000000000000
0000000000008000000000000000010020000000000001000000000000000000
0040000000000010000000000004060800000000000000000000000000000000
1000000000000000000000000400000000000000000000002000041000000000
0000000000000000000000000000000000000000000000000000000000000000
0000000000004000000000000000008000000000000004000000000000000000
0000000000000000000000000000000000008000000000000000000000000000
0000000000000000000160010000000880000000010000000000020200000000
0000000000000000000000000000000000000000000000000000000000000000
000000000000000004A5000150000004000000000000000800000FFA00000000
0000000000000000034000000000000020000000008000001000000000000000
1000000000000000000000000000000000000000040000004000008000000000
0800028000000000000000200000000000000000000000002000000000000000
0002000000000000000000000400000000000000000000000000100000000000
0000000000000000040600000000080080000000000000008800000000080000
0000000100000000000000000001010040000000000000000000005000000000
0000000000000000000000000000000000000000000000000000000000000080
10000000000000000060A001B0002112C800000000000000000006BC00000000
0000000000000000000000000000080000000000000000000000000100000000
000000000000000000800001200100020000000000000000000014CC00000000
0000000000000000000400000800040020000008000000000000000000000000
0000000000000000000000000000000000000002000000000000000000040000
0000000000000000000000000000000000000000000000000000000000000000
0000000000000000000000000000000000000000000000000000000000000000
0100000000000000000000000000020000000000000000000000800100000000
0000000000000000000000000000000000000000000000080000000000000000
0000000000000000000000000000000000000000000000000000000000800000
10000000010000000429E00000000138E00000000000000008000CC600000000
0000000000000000000000000000000000000000000010040000000000000000
0000000080000000000000000000000000000000000000000000008000000000
0000000000000000000000000100000000000000001000000000000000000000
0000000000000000000000000008000000000000000000000000091E00000000
0000000000000800000000000000000000000000000000000000000000000000
100000000000000000000001F8084008000000000002000000000A0800000000
0000000000000000000000000000000000000000000000000000000000000000
00000000000000000001400000000000080000000000000000000C0000000400
0000000000000000000000000000000000000400000000040000000000000000
0000000000000008000000000000000000000800000000000000008001000000
0000000000000000000200000000000000028000002000000000000100000000
0000000000010000000080000001800100000000000000000000040000000000
0000000000000000000000000000000088000000004000040000000000200000
1000000000000000018160011001001148004000000000000800081A00000000
0000000000000000000008000000000000000000000000000000000000000000
0001000000000000000000000000000000000000000008000000000000040000
0000100000000000000000000000020200000000000020000000000000000000
100000000000000000210001600001590000000000000080000006C600000000
0000000000000000000000000000000000000000000200000000000100000000
1004202000000000000000013000000000000000000000000000080000000000
0000000000000000000000100000000000000000000000000000000000000000
0000000000012000000000000000000000000002000000000000000000000000
0000000000000000000000000000000000000000000000000000000000000000
00000000020000100000000000010000000040000000000000000C0000000000
0000000000000000000000000000000000000000000000000000000014000000
0000000000000000000000000000000000000000100000000000000000000000
0000000000000000000000800000000000000000000000000000000000000000
0000008000000800000000000000000000000000000000040000000000000000
0000000000000000000000000000000000000000000000000000000000010000
1000000000000000000080000004008008000000000000000000004000000000
0000000000000000000002000000000000000000000000000000000000000000
10000000000000000060000000000030600000000000000000001ECC00000000
0000000000000000000000000000000020000000008000000001000000000000
0002000000000000000000000000000000000000000000000000000000000000
0000000000000000000000000000000000020000000300000000000000000000
1040000000000000000000011000810000000000000000000000006A00000000
0000000000000000000000000000000000000000000020000000000000000000
0000000000000000000000000000800040000000080000000000000000000000
0000000000000000000000000000000080100000008000200000000000000000
00000000000000000040A0004000000500000000000000040000008200000000
0000000000000000000000000000000000000000000000000000000000000000
0000000000000000000000000000000000000000000102000000000000000000
0000000000000000000000000004000000000000000100000000000000000000
0000000000000000044000000001800100000000000000000000044400000200
0000000000080000000000000004000000000000000040000000000000000000
0002000000000008000000000000000000000000000000000000000000000400
0000000000000000000000000004000000000000000020000001000000000000
0000002000000000000000000000001000000000000000010800088000000200
0000000000000000000000000000000000000000000000000000000000000000
1000000000000000040000001020000000000000000000000000100200000000
0000000000000000000000000000000000020000000000001000000000000000
0000000000000000000000000000000000000020000000000000000200000000
0000000000000000050400000000002820080000000000001000000000000000
100000000000000001E80001BC0000D4AC0000020000030010000FDE00000000
0000000000000000000004000000000000000000000000000000000000000000
00400000000000010200000120000000040000000040000000000C8000000000
0000000000000000000000000800000000000000000000000000000000000000
0000000002000000000000000000800000000000000000000000084800000000
0000000000000000000000000000000010000000000000000000000000000000
1000000000000000005040011000013880000000000000000000009000000000
0000000000000000000000000000000000000000000000000000000000004000
0000000000000000000000000000000000000000000000080000049800000600
0000000000000000008000000000000020010000000020004000004000000000
0000000000000000000000000000000000000000040000000000000000000000
0000000000000000000000000000000000000000000000000000000000000000
0000002000000000002100010000000000000000000000000000082000000000
0000000000000000000000000000000000000000000000000000000000000000
0000000000000000000000000001000000000000100000000000040200000000
0080000000000000000000000002100000000000000000000000000000000000
100000000000000004C88001F0014189000000000080000000000A8000000000
0000002000000200000000000000000000000000000000000000000000000000
0000000000000000000020000000000000000000000000000000000004040000
0000000000000000000008000000000000000000000000000000000000000000
0000000000000002000000000000000000000000000000000000000000000000
0000000000000000000204000000000000000000000000000000000000000000
000000000000000000000000C400400000004000000000000000000000000000
0000000000000000000000000000000000000000002000000000000000000000
0000000000010000000000000000000000000000000000000000000000000000
0000000000000000000400000000182120000000000000000000000000000000
0000000100004000000000000000000000000040100000000000000000000000
0000000000000000000008000000000000000000000000000000000000000000
0000000000004000000000000001800000000000000000000000008000000000
0000000000000000000000000000000000400008080080008000000000000000
1000000000000000000000010000000400000000000000000000092200000000
0000000000000000000000000000000000000000000000000000000000000000
0000000000000000000000002000000000000008000000000000020800000000
0000000000000000000000000000000000000000000000000000000000010000
000000000000000000808000002100004000000200000000000000D800000000
0000000000000000000000000000000D00002910030004000000000000000000
00000000000000000058800000008000480008000000000000000F8A00000000
0000000000000000000000000000000000000000000000000000000000010000
0000200000000000000000000000000000000000000000000000000000000000
0000000000000000000000000000000000000000000000000000000000000000
0000000100000080000000000080000000000002000000000000000000000400
0000000000000000000000000000000000000000000000000000000000000000
10080000000000000000000100000000000000000000000000000C8000000000
00000000000000000100000000000004C0040481400000040000000000000000
000000000800000000D900000000013D48000000000000000000022400000000
0000000000000000010400000000004808400060001184840000000000000000
0000000000100000000000000000000000000000000000000000000000000000
0000000000000000000000000000000000000000000000000000000000000000
0080000000000000000000000000000000000000000020000000000000000000
0000000000000000000000000000020000000000000000000000000000000000
0000002000000800000000000000000000000000000000000000010000000000
0000000000000000012600000054016060400000001080040000000000000000
0000000000000000000040000000000000000000000000000000000000000400
0000000000000000000004000000000000000000000000000000000000000000
0000000020000000000000004400000000000000000000000000040200000000
0000000000000000000000000000000000008000000010000000000000000000
0000000000000000000000010000000000000000100000000000012000000000
0000000000000000000000000000000000200008000000000000000000000000
0000000000000000000000000000000000000000000000000000082000000600
0000000000000000000008000000100000000000000000001000000000000000
0040000000000000000000000000000000000000000000000000020000000000
0400000000000000000000000100000080040400000020000000000000000000
100000000800000000180000B0008124400000000000000008000A1C00000000
0100000000000000000000000000000100000000000000000000000000000000
00000000000000000008000040001000400000000000000000000C4400000000
0000000000000000000008000000000000000000000000000000000000000000
10000000000000000100000000000000080000000000000000000C0000000000
0000000000000000000000000000000000000000000000000000000000000000
0000000000000000000000000000000000000000000000000000000000000001
0000000000000000000000000000000000000000000000000000000100000000
00000000000000000081A00120010000080040000000000008000A8200000000
0000400000000000000000000000000000000000000000000000000000080000
0000000002000000000000000000000002000000000001000000000000000000
0000000000000000000000000000000000000000000000000000000000000000
0000000000000004000000000000000000000000000000000000008000000000
0000300040000000000400000040100000000000000000000000000000000000
0000000000000000000000010000800002000020000000000000074000000000
0000000000000000000000000000000000400084008000100000000000000000
0000000000000000000000000000000000000000000000000000000000060000
0000000000000000000000000000000000000100000000000000000000000000
0000000000000000200000000008000000000000000000000000040000000000
0000000000000000000000000004000000010000020000000000000000000000
0000000008001000000080000000801000000000000000000000088200000000
0000000000000000000000000802000200000010000000000000000000000000
1000000000000000000000000001200000000000020000040000080000000000
0000080000000000000000000004000000000000000000000000000000000000
00000000000000000020000000000000040000000000000000000A8000000000
0000000000000000000000000004000000000000000000000000000000200000
0000000000000000000000000000000000000000000000000000008000000000
0000000000000000060000008880000000000000000000001000000000000000
0000000100000000004000000000200000000000000000000000000000000000
0000000000000000000000000100040000000000000000000000000000000000
00020000800000000000000000008000000000000000000000000C8000000000
0000000000000000000008000000000000000000000000000000000000000000
0002000000000000002000000031800000000000000000000000040600000000
0000000000000000000001000000000000000000000000000000000000000000
0000000000000000100000000000000000000000000000000000000000000000
0000000000000000000000000000000000000000000000000000000100000000
00000000000000000000000000000000000000000000010000000C8000000000
0000400028000400000000000000000000000000000000000000000000000000
0000000000800000000000000000000002088004002000084200081000000000
0000000000000000004000000040401000000240001400001800000000000000
0000000000000000000000000008000000000000100000000000090400000000
0000000000000000000000000000000000000000000000000000000000000000
0000000000000000000000000008000000000000000200000000000800040000
0000000000000200000000000000000000000000000000001000000000000000
0000000080000000000000000000000000000000000000000000000000000000
0000000000000000000000000000000010000000000000000000000000000000
0001000000820000002920000001810000000000000000000000084000000000
0000000000000000040000002300000400000020000000000000000000000000
100000000000000000000000002180A840000000800000000000068800000000
0000000000000000000000000004000420020000800000000000000100000000
1000000000000000004000010000300000000000000000000000021200000000
0000000000000000000000000000000000000000000000000000000000004000
0000200100000000000000000000000000000000000000000000000000000000
0000000000000000000000000000000000000000000000000000000100000000
0000000000000000000000000000000000000000000000000000004800000200
0100000000000000000000200000000000000000000000001000000000000000
0000000008000000000000000400000000000000000000000000040800000000
0000000000000400000008000000000000000000000000000000000000000000
0000000000000000000000000000000000004000000000000000080000040000
0000000800000000000000000000000000000000000000002000000000000000
1000040000000000000000010000000000000000008000000000000000000000
0000000000000000000000080000000000000000000000000000000000000000
10000000000000000001400114000000000000000000000000000C8000000000
0000000000000000000000000000000000000000000000000000000000000000
100000000000000004C90001D0000041002000040000000408000C7200000000
0000000000000000000000000000000000000000000000000000000000000080
000000000000000000004000D000808000000800000000000000000000000000
0200000000000000000000000000000000000000000000000000000100000000
04000000000000000000000100000080000000000000000000000C0400000000
0000000000000000000200000000000000000000200018000000000000000000
0000000000000000000000000000004000000000040000000000090000000000
0000000000100000000000008216000000000000000000000000000000000000
0000000000000000000000000000000000000000000000000000000002000000
0000000000000000000000000000000000C00000000000000000000000000000
0000000000000000000000000000000000000000000000000000080000000000
0000000000000000001000000000000840000004000000000000000000008000
0000000000400040000080000000000800000400000000000800040000000200
0000000000000000000004000000000000000000000000000000000000000000
1000000000000000000000000400000000000000000000000000000000000000
0000802022000000000000000000000000000000000000000000000000000000
0000000100210000000000000000000000000000000000000000000000000000
0000000000000000000000000004000000000000000000000000000000000000
0000800000000000100000000000000000400000000000000000000000000000
0000000000000000000000000000000000000300008000200800000000000000
0000000000000000000000000000000000000000000000000000000000000000
0000000000000000000000000014010000000402004020001000000000000000
0000000000000000043120000021C080480000020000000000000C4200000000
0000000000000000000000000000000000000000010000000000000000000000
0000000000400000000000000000000000000000000000000000000600000000
0000000000000000000000000000011040040000000000040000010000000000
0000000000000000040000010800600208000000000000000000021400000000
0500000000000000000000000014010000000000000000000000000000000000
0000000000000004000040000000800840000000000000000000000000000000
0000000000000000000000000000000000000000200000000000000000000000
0000001000802000000000000000000000000000000000000000000400000000
0000000000000000000010000000000000000000000000000000000000000000
0000000000000000000000000001000000800000000000000000088000000000
0100000020000000000000000000000400000000000000000000000000000000
1000000000000000000000010021208800000200000000000000100200000000
0000000000000000000200000000000000000000000000100000000000000000
0000000000000000000000000008000000000000000001000000000000020400
0000000000000000000000000000000000000000000000000000000000000000
0001000000000000000000000000000000000000000001000000000000000000
0000000000000000040000000004000000000000000000040000000010000000
0004000100000000000000000000000000000000000000000000000000000000
0000000000000000000008000000000000000000000000000000000000000000
0000000000000000000000000000000840000000000000000000100000000000
0000000000000000000000000000000000000000000000000000000000000000
0000000000000000000000010000000001000000000000000000001000000000
0000000000000000000000000000000000000000000000000000000000000000
0000002000000000000000000000800000000000000000000000008000000000
0000000000000000000000000004000000000000000000000000000000000000
0000000000000000100000000000000000000000000000000000000000000200
0000000000000000000A00000000080000000000000000003000000000000000
0000000000000000000000000000000000100000000000000000000000400000
0000000000000000000000000000000000000000004000000000000010000000
0000000000000000000000000000000000000000000000000000000000000000
0000000000000000000400000000080100040000000000000000000000000000
0000010000000000000000000000000000000000000000000000000000000000
0000000000000000000000000000000000000000000000000000000000000000
0000000000000008000000000000000000000000000000000000000000000000
000000000000000006D600000040005FE8000000000000001800000000000000
00040000000000000020000100000000000040000000000000000E8000000000
0000000000000000000000000000000000040028000000000000000000000000
0020000000000000000180000001000000000000000000000000000000000000
0000000000000000000000000000000000000010000000000000000000000080
0000000000000000000000000000000000000000000000000000080802000000
0000000000000000000000000000000000000000200000008000000100000000
0000000000000000000000000000000000200000000000008000090002000000
0000000000000000000000000300000020000001000000300000000000000000
0000000000002000000000000000000000000000000000000000080000000000
0000000000000000000000C00000000000000000000000000000000000000000
0000000000000000000000000000000000000000000002000000040000400000
0000000000000000000000400000000000000000000000000000000000000000
0000000000000000008980000000000000000000000000000000000000000000
0000000000000000000000000000000000000000000200000000000100000000
0000004000000000000000000000000000000000000000000000000000000000
0000000000000000000000000000000000200000000000000000000000000000
0000000000000000000000014000800000000000000000000000098400000000
0000000000000000000000000000000800000020020012000000000000000000
0000000000000000000000010000000000000000000002000000002800000000
0000000000000000000000000002000000000000000000000000000000000000
0008000000000000000000000000000000800000000000000000048000000400
0000000000000000020420000000000100000000003000000000000100000000
0000000000000000000000000008000000000000000000000000000000000000
0000000000000000000000000000000000000000000000000000000000000000
0000000000000000000000000000000000000000000000000000000000000000
0000000000000000000000000040000000000000000000008000020000000000
0000000008004000000000000000000000000000000000000000000000000000
0000000000000000008000000000000000000000000000002000000000000000
0000000000000000010000010000000000000000000000000000040400000000
0000000000000000000000000000020000000000000000000000000000000000
0000000100000000800000000001000000000000000000000000000000000000
0000000000000000000000000000000000000000000000000000000000000000
0000000001000000000000000000000000000808000000000000080000000000
0000000000000000000002000000000000000000000000000000000000000000
0000000000000000000000010000000000008000000000000000040000000000
0000000000000800000000000000000000000000000000000000000000010000
0000000000080000000000000000000000000000000000000000000000040000
0000000000000000010000000044200400000000008800001000800000000000
1000000000000010000000000000000000000000000000000000080000000600
0000000000000000000008000000000000000000000000000000000000000000
10000000000000000081200000000020000000000000000000000C0000000000
0000000000000000000000000800020000000000000000000000000000000000
1000000000000000000000002000000000100000000000000000120000000000
0000000000080000000000000000000000000000000000000000000000000000
0000000000000000000000000000000000000000000000000000000000000200
0000000000000000000000000004000000000000008000001000000000000000
0000000000000000000000000800000000200000000000000000000000000000
0000000000000000000004000000000000000000000000000000000000000000
0000000000000000000000000000000000000000000000000000000008000000
0000000000000000020000000100000000000000000800000000000000000000
10000000100000000000000180000000000080000000030000001A0000000000
0000020000000000000000000000000000000000000200000000000000000000
0000000000000000000000000000000000000000000000000000000002001000
0000000000000000000000000200000000000000000000020000000000000000
0000000000000000000000000000000000000000000000000000000000000010
0000000000000000000000000000000000000400020000000000000000000000
0000000000000000000000000000000000000000000000000000008000000400
0000800000000800040000000000000020000000000000001000000000000000
100000000000000001602001F000E1294800000000400000080007AC00000000
0000000000000000000000000000000000000000080000000000000000080000
00000000000000000000000040002000000000000000000020000E0200000000
0000000000000000000000000000000000800020004000000000000000000000
0002000000000800000000004000000000000000004000000000000000000000
0000200010000000000000020000000000000000000000000000000000000000
0000000000000000000000011000000000000010000000000000000200000000
0000000000000000000000000000000000000000000000000000000020000000
0000000000000000024000010000808000000000000000000000021200000000
0000000000000000000000100000000000000000000000000000000000000000
1000000000000000000100001000000000000000000000000000000200000000
0000000000000000000200000004000000060200000000000000020000000000
0000000000000400000000010000000004000000000000000000090000000000
0000000200000000000000000000000000000000000000000000000000000000
0000000000000000000000000000000000000000000000000000000200000000
0000000000000000000000000000000000000000411000000000000000000000
0002000000002000000000000000000000000000000000000000000000000000
0000000000000000000000000000000000000000004000000000000000000000
0000040000000000000000010000000000000000000010000000020002000000
0000000000000000000800004000000000000000000000000000000000000000
0000000000020000004000000021200401000000000000000000096800000000
0000000000000000000000000000020000000000000000000000000000000000
0000000000002000000040000000000000000000000000000000008000000000
0000000000000000000000000000000000000000000000000000000000000000
0000000000000000000000000000000000002000000000000000000040001000
0000000000000000000000000004000000000000000000000000000000000000
0000000000000000044840000000800800001000000000000000061002000000
0000000000000000000002000000000000000000000000000000000000000000
0000000000000000000000000000000000000000000000000000000000000000
0000000000000000000000020000000000000000000000000000000000000000
0000000000000000000000000000000000000010000000000000000000000000
0000000000000000000210000000000000000000000000002000000000000000
0000000000400000000000000001000000000000000000000000000000000000
0000000000000000000000000000000000000000000000000000000000000000
0000000000080000000000010000010000000000000000000000000000000000
0000000000000000000000000000000000001000000000800000000000000000
0000000000000000040140000000000928000000000000000000010A00000000
0000000000000000054120000000100400000200000210000000000000000000
0000000000000000000080000000000000000000000000000000002000000200
0000000000000000000000000000000000000000000000000000000000008000
0000000000000000000000000000000000800000000110000000000000000000
0000000000000000000000000000000100000000000000001000000100000000
00000000000000000049000100000022800001000000000000000C8400400000
0000000000000000020000002100001600000400000000000800000000000000
0010000000000000000000000000008000000000000000000000000000000000
0000000000000000000000000000000000000000000020800000000000000000
00000000000000000000000100000000000000000000000000000C8000000000
0000000000000000000008000000000000000000000000000000000000000000
0000000000000000000000000000000000004000000000000000000000000000
0000000000000000400000000000000000000000000000000000000000000000
00000000000000000001000020008002000000000000000000000A1602000000
0000000000000000000000000000020100080000000020000000000000000000
0002000000000000000000011000000000000000000000000000000000000000
0000000000000000008000000000021000400000008000000000000000000000
0000000000000000000000000000000000000000000000000000000000000400
0000000000000000000000000002000000000000000000000000000000000000
0000000000000000000000000000000000000000000000000000000000000200
0000080000000000000000000000000000000000000000000000000000000000
10000000008080000000000000000100000000000000000000000C8C00000000
0000000000000001000200000000020000000000000000000000000000000000
0000000000000000000000000000000000000000000000000000000000040000
0000000000000000000000000000100000000000000000000000000060100000
0000800000000000000040000000008000000000000000000000000400000000
0000000000000000000004020000000000000000000000000000000000000000
0000000000000000000000000000000000000000000000800000100000000000
0000000000000000000000000000060000000000000000000000000000000000
0000000000000000100000000000000000000000000000000000000000001000
0000000000000000000000000000000000000000000000000000000000000000
0000000000000000000000000000000000000000000000000000100000000000
0000000000000000000010000000000000000000000200000000000000000000
1000000000000000058940013001C15CE81000000000000010000E1400000000
0000000000000000000000020000000000000000000000000000000000000000
000000000000000001121C000022530220000005000040000800001200000000
00000000000000000000000000000063000400010000E0201000000000000000
0000000000000000009010800000020000000000908010800000001200000000
000000000000000002014200061044A804000000000000000000000000000000
0000000000000000000002000000000000000000000000000000000000000000
0000000000000000000000000800000000000800000000008000000000000000
000000000000000000027A0000085F171010009C00438001C800007A00000000
0000000000000000078040001608001000000000000000000000000000000000
000000000000000000001200000000003080080000000C000000000000000000
0000000000000000060000810005008C00000000000020001000000A00000000
0000000000000000009112000002627710020001D00032001000003A00000000
0000000000000000020000000000005240000000002020300000000000000000
000000000000000000014800001019381080004C0021000D4800007600000000
0000000000000000040620000000000800000100818800200000002800000000
0000000000000000000008000000010050000400088020400000000000000000
0000000000000000020802010000069800000000800020000000000800000000
0000000000000000041200800020085A40002200888020000000002000000000
0000000000000000001000000000002000010000080200004800000400000000
0000000000000000000004800000180090080002000000002000000800000000
0000000000000000020006000080008008000000000000000000000000000000
00000000000000000003028000000C0010000000008000080000000000000000
0000000000000000000000000000000000000000000000000000000000000000
0000000000000000008202000000090C9800480026001C000000001400000000
000000000000000003420D018020209D00020000800020000800000400000000
00000000000000000010488000001B0410002000008000200000000000000000
0000000000000000044000001044001000000004000020000000000000000000
000000000000000000010800000001002A000810000000000000000000000000
0000000000000000040000000000200020208310804000500000001200000000
000000000000000000800C000000000010000000002000000000000200000000
00000000000000000020020040A0008000000000000000000000000000000000
0000000000000000004205000048094800001000000000000200006000000000
0000000000000000000000000004000000002910002000000000001000000000
0000000000000000000001000000000010038800060001800000005000000000
000000000000000003040200104000C200000000000300000000000000000000
0000000000000000007005000000000148020000020000000800001000000000
0000000000000000000000000000000000000000000000000000000000000000
0000000000000000000006000020100080000000000080000000000000000000
000000000000000003822000400182C500020000800000000800000000000000
00000000000000000060038000000821038000300010001D0000007A00000000
000000000000000003800600000140CB00000040000000040000000000000000
0000000000000000001201000220101A020002C0003400190000004800000000
000000000000000005000000000C61FF00000000000000000800000000000000
00000000000000000001010000000000C0000000F00002008000000000000000
000000000000000006C0C001800022AF00410018420000208800000200000000
0000000000000000001000000000030000000000000000000000004000000000
00000000000000000051A0000000024000404214000402008000000000000000
0000000000000000000002000800000082000000000004000000000800000000
0000000000000000054040000010010D00000000200000800000004400000000
000000000000000000121C800000184030000000802030000000005E00000000
000000000000000006400001001400CC00800020801000040800002000000000
0000000000000000001200000210100402000008008000110000000200000000
1000000000000000000000000000000000000000000000000000000000000000
0000000000000000005207000008421430000008000000010800002600000000
00000000000000000300000012A8009100100000000000003000000000000000
00000000000000000400068000201000B4008000000010000000001200000000
0000000000000000062000000200008000000100000000200000000000000000
00000000000000000402118000000D0000000C10000000000000000200000000
0000000000000000040300000210622308000000800020001800000600000000
0000000000000000000008000000000000000000000000000000000000000080
0000000000000000040080000000002200002000000840000800000000000000
0000000000000000044085000004120020000008000000000000006E00000000
0000000000000000004420000000004200404100000000108000000000000000
0000000000000000008210004110013010000300008000000000000000000000
00000000000000000000C0000000401408008010800000300000000000000000
00000000000000000002040000201421100000A0000000280000004000000000
0000000000000000010000000000000200030000400010004000000000000000
0000000000000000000304000000000200700080008200000000000000000000
0000000000000000000000000000000004000000000000000000000000000000
0000000000000000000004000000000000000400010000400200000000000000
0000000000000000024000000000008808000000000000001800000400000000
00000000000000000094030000009010205E00260010A0042000006A00000000
000000000000000006B36B8003B00BFF10000008800020000800007E00000000
0000000000000000000218000000DD0010040029900068000000003C00000000
000000000000000006240000018006B700000000800000000000000000000000
0000000000000000040000000002080080000008000000800000001000000000
0000000000000000000000000000000000005010000A00800000000000000000
0000000000000000002000800000021010000010008100010000000000000000
0000000000000000020140000000808100000000000000000000000800000000
00000000000000000412090000000920E0009004040011004000000000000000
0000000000000000000000000000601408822080000000000000000600000000
0000000000000000000001800000080010000004000000004000000000000000
0000000000000000040080000000000024000880002400800000000000000000
000000000000000000BE02800001000BE0000088000000000800003600000000
1000000000000000000400000000000000000000000000001000000000000000
0000000000000000000004000000000000000000000000000200000400000000
000000000000000000A000000400005020404000000300014000002000000000
0000000000000000000021000002440302500000000400010000006240000000
1000000000000000000000000000000000000000000000000000000000000000
000000000000000004130100000A014900018000801012080000007000000000
0000000000000000008000000000021100802000020000008000002000000000
0000000000000000000000000000000000000000000000000000000040000000
0000000000000000000002004140048200000000000000000800000000000000
0000000000000000003010800120080000000040000000000000004000000000
1000000000000000000000000000000008000000000000000000000000000000
0000000000000000000000000000000000000000000000000000000040000000
0000000000000000000000000000000000000000000000000000000000000000
0000000000000000000200000000010021000000000000000000000000000000
00000000000000000720200020080ABC00020000000000001000006000000000
0000000000000000001218000000810050024008B0005E000000003C00000000
0000000000000000000460000010800000008000200200100000000000000000
000000000000000000028400000000003000020040805C001800001200000000
0000000000000000020041000000108000000020000800000000000000000000
0000000000000000000000000000104001000000000000000200004000000000
0000000000000000040440004000029000000400000000000000000000000000
0000000000000000002082000000020EB0024000006002180000004000000000
0000000000000000028100000000004300000000200000400000000000000000
00000000000000000082468001000F2800000000000000000000001800000000
000000000000000006202600800022F200020100800020000000000000000000
0000000000000000004001000018102023800060002A00000000000C00000000
0000000000000000040080000000200620000000082040001000000000000000
000000000000000000000400000818000000000C004200018000000000000000
0000000000000000060000000400000C00000000000000001000000000000000
000000000000000000A00A80000040001000000800C000010000001000000000
0000000000000000040040000000002584000000004000000000000000000000
0000000000000000003008800000084000000200D0001C000000000C00000000
000000000000000004000000000C400800210084000000200000000000000000
000000000000000000801200000081001A000000100000800000006000000000
0000000000001000000000000000000000000000000000000000000000000000
000000000000000000110580000A685B00000100004410110000001600000000
0000000000000000020046010060000E00000010800420000800000000000000
0000000000000000005002800030810100010000008002000000000000000000
0000000000000000000000000000000000000000000000000000040000000000
0000000000000000000000000000000121020042005000000000004000000000
1000000000000000000000000000000000000000000000000000000000000000
0000000000000000000000000000100001080040004000140800000800000000
0000000000000000000000000000000000000000000000000000000000000000
0000000000000000043034800006513800040001000000011800000200000000
0000000000000000020560000000200800000000000040001000000000000000
0000000000000000000000000000000000001000000000000200000000000000
0000000000000000018240001001040100000000000000000000000800000000
0000000000000000001008000000015008000080000000000000000A00000000
000000000000000006204000000C009C08000000000040000000000000000000
0000000000000000001014000002574810440001000050001800004000000000
000000000000000002020200004804A000000000000000000000000000000000
0000000000000000001090000000140010820801100040001000000200000000
00000000000000000002200000100014020001D0A0600C020000001000000000
0000000000000000008008000000000000800000004010000000000000000000
0000000000000000060000004048808000000000000000001000000000000000
0000000000000000000801800040010010000000000000000000004800000000
00000000000000000000C0000001802000040000000000004000000000000000
0000000000000000001003000000900020180020001000000000005000000000
0000000000000000063A0980408900C600000000000000000000002E00000000
00000000000000000012080000080E200000010000C000600800004000000000
0000000000000000020000000020004C00000002000000001000001000000000
00000000000000000400008000229000E000001C000400008000000000000000
0000000000000000000000000000000000000000000000000000008000000000
0000000000000000009100000002802000C00031000C00090000001000000000
1000000000000000000000000000000000000000000000000000000000000000
0000000000000000000000010800500000020001000000000800000200000000
0000000000000000060800000180009500000000000000001000000000000000
0000000000000000000183000010250010000004100100004000000000000000
00000000000000000710A000000008BF00000000000820000800000000000000
0000000000000000000011000000021030060000C00014000000000000000000
0000000000000000030000000000000200000080030000800000000000000000
0000000000000000003010800000000000000420000000280000000000000000
00000000000000000600E4000000000301000040801020000000002000000000
00000000000000000002100000008400000200001C0000000000000200000000
0000000000000000020000010440002300000000000000000000000000000000
0000000000000000000000000000000000000000000000000200000000000000
1000000000000000000000000000000000000000000000000000000000000000
000000000000000000810600000A696200500004000500004800003640000000
0000000000000000040440000100207F68000000000400000800000000000000
0000000000000000009004000000100000000000000000000200002000000000
000000000000000003210E81A00001E500020000000020001000000000000000
00000000000000000001008000081801A0000000008400000000000400000000
0000000000000000000400000004000400400000002120000000000000000000
0000000000000000001300000000000441018800440000000000004200000000
0000000000000000060080010008008200000002000000000000000000000000
0000000000000000019007000000100400900080002000000000000000000000
0000000000000000000000000000000000000010001020001000000000000000
0000000000000000008400000000180012000088D00108040000004000000000
0100000000000000000000000000000000000000000000000000000000000000
0000000000000000000000000002100002900000002000086000000000000000
0000000000000000004000000004228000000010000000102000000000000000
000000000000000000145300000014301000000000000B000800003200000000
0000000000000000000000000400000C00000000000000000000000000000000
0000000000000000000005000000500802040000000400010000001000000000
0000000000000000000000000840048000000000000000000000000000000000
0000000000000000000004800000180030100000000200000000004000000000
0000000000000000040060000190401802200000000204008000000600000000
00000000000000000442010001021730D0000008000010000800003800000000
000000000000000000094400020100D100000000000000000000000000000000
0000000000000000000011010708000000030004800020000000004E00000000
0000000000000000000000000000000000000000000000000000000000000000
0000000000000000000000000000000000000000000000000000000044000000
0000000000000000000000000000000000000000000000000000020000000000
000000000000000000100800000101048002408090602E180000004200000000
000000000000000001000000000000A801020040002000020000002000000000
000000000000000000001100000A100070000004004210006000002400000000
000000000000000003100C01800040B800000000000000000000000000000000
0000000000000000000000000000800030010000400002000000000000000000
000000000000000002480001008000DC00000000000000000000004200000000
0000000000000000001009000000410230180000000488004000002800000000
0000000000000000010000000000000000000008002000003000000000000000
0000000000000000006101000000500440000000800002000800006A00000000
0000000000000000020801801000004500020000080000000000000000000000
00000000000000000001100000006040900410006000C1001800002600000000
000000000000000002824000004140D000000400000000000000002800000000
0000000000000000005805800000480800001000800000000000005C00000000
000000000000000000004080000C00BD00020000806000201800000800000000
000000000000000000CA01000000894740001000001000000800005E00000000
0000000000000000030120000400609800040000800000000000000000000000
0000000000000000005099002D00100010020008404014000000006400000000
000000000000000001C00000040102A400000000000800020000000000000000
0000000000000000002A00000000000000000000000000000200000000000000
000000000000000006003000010800F400000000000000000000000000000000
0000000000000000004218000002130010000008800010010000000000000000
00000000000000000000F2000000400204010000826421000800000800000000
0000000000000000000001000000000010000000000000000000000080000000
000000000000000000480000000102C020000000000000000000000000000000
0000000000000000000018000008230010000028000300000000005000000000
0000000000000000064020000188009000000000000000000000000000000000
0000000000000000000000002400000040000210008020010000002000000000
000000000000000006006001000880B200000000000060000800000000000000
0000000000000000009000008A40000000000000008000000000002000000000
0000000000000000000000000000000000000000000000000000000000000000
000000000000000004161C000002D22000000008000010001000001000000000
0000000000000000000000000000008200000004200000600000000000000000
0000000000000000000002010800180000000400012000200000000000000000
0000000000000000040000000000000800401000080000100000000400000000
0000000000000000004004000008100000000408000220180800006400000000
000000000000000002004380008010F568000000800020000800002000000000
00000000000000000018020000020700280000000000100C0000004C00000000
000000000000000002000000040000E010840020000800001000000000000000
0000000000000000001410800022900002220081400004000000000000000000
000000000000000003006080908020BE00000000000000000800001000000000
000000000000000000110000000A0D001014000D000100000000001000000000
000000000000000001E000000000000841000000400000020800000800000000
00000000000000000036180000028F0DA0020000A0000E010000003800000000
0000000000000000000400000006200008000080000000200000000000000000
0000000000000000000000000008100001000004000000002000004000000000
0000000000000000020040002048008A00008000000000000000004200000000
00000000000000000010180000221D2410000008010004300000003800000000
0000000000000000000000000000000006000003000020000000000000000000
00000000000000000020048000005C0018000800004000001000000000000000
0000000000000000000880000001000001000024080B00000000000000000000
0000000000000000000008800000410000020200000000080000004C00000000
000000000000000002002200018201E900000000000020000000000000000000
00000000000000000010020122000000E0000010004002010000000000000000
00000000000000000400E200004000090E0020000000A0000000000800000000
0000000000000000000044000032400000100000000400010000000000000000
000000000000000007C440000002C2CD00000000000100000800000800000000
000000000000000000812C8000027F1A10040000008000001800007800000000
000000000000000003A080001000024100000000000000020000004000000000
000000000000000000010A00AA182F74500000C0003000000800006200000000
0000000000000000040000000011605000200021000800000000000C00000000
000000000000000000000C8000000500D4000000040010000000000000000000
000000000000000000000000000000600C102000002100300000000000000000
0000000000000000001010000000200000800600003000080000004000000000
0000000000000000000000000001001000000010002000208000000800000000
000000000000000004B041000012110000000008000000010000000000000000
0000000000000000040000010040209008008000202000000000000000000000
000000000000000000000480002200000002031808C000000000000000000000
0000000000000000004080000800020C00008000000000020000004000000000
0000000000000000000001011202100008800000004000010000002000000000
0000000000000000000000000680000000010000000010008000000000000000
0000000000000000003012000112000000020880900004000000006000000000
000000000000000001C000000000405300004000A32004100000002000000000
00000000000000000000080000021F22B0010008704012000000001000000000
0000000000000000020148008604008000400000000200001800000200000000
0000000000000000002A10800004060900000400002000300000003600000000
000000000000000002002000800028B108000100004000000000000000000000
0000000000000000009105000000484540000010100004000000004800000000
1000000000000000000000000000000000000000000000000000000000000000
0000000000000000014203800002084122800200000000190000006200000000
0000000000000000000000000000000000000000000000000000040000000000
000000000000000004040000000C105230020009004040100000000400000000
0000000000000000014020001000004480018000000000000000000000000000
0000000000000000001000000010080802200098102004090000000000000000
0000000000000000000460000011A60920000000200024400800000000000000
0000000000000000000000000000000000000000000000000000000004000000
0000000000000000000000004500000100000006000180004000000400000000
00000000000000000010628000003E1710000000004000010800002210000000
0000000000000000042000000000004E80000000000000020800000000000000
00000000000000000010088000000A3010020000802004000000005000000000
0000000000000000000040000000205000000100202000800000000000000000
0000000000000000005001019612400300000200008000000000004200000000
0000000000000000000040000000004A00208090000008000000000000000000
000000000000000000010200000B0000D0001000000201000000007000000000
00000000000000000048000000102E2B00000000000040001800000000000000
0000000000000000004004000000100148000000000000000000004000000000
00000000000000000200C8000104309000000000202010000800000800000000
0000000000000000004141000008100040140002000081002800002400000000
000000000000000006002C00200800DC00000000800000400800001000000000
0000000000000000000000000000000000000000000200800000000040000000
0000000000000000040000000000000000200000080120000000000000000000
0000000000000000000000008800000000000000020000000000004000000000
000000000000000002848200000442BA00000000000020000800000000000000
00000000000000000001810000081000100A0001004080009000000000000000
0000000000000000000040000000001A01C10000400000044800001200000000
000000000000000000220E8000001A7A30000400002000080000003C00000000
000000000000000006200000E00000C400100004000100080000002A00000000
0000000000000000000004000000800000000000000000000000000000000080
000000000000000003800400032400CB00100000002000000000000000000000
0000000000000000001010000002084002020298902004180000005C00000000
0000000000000000000000000000000000000000000000000000020000000000
0000000000000000010000000000040010000C00000000000000000000000000
000000000000000004062000001840486E000000000000080800000000000000
000000000000000000A00100001817001010000E000700016000000000000000
000000000000000002005080C00860F300020000000020000000006200000000
000000000000000002008100000201001000000040060A004000000800000000
0000000000000000040020000000024300400080080000200800002000000000
0000000000000000000000000020802018000000000008000000004000000000
1000000000000000000000000000000000000000000000000000000000000000
0000000000000000000000000000000000000000100002000000000080000000
000000000000000000020000000000000000C000000100000000000000000000
00000000000000000002020000004B0012001800004000000800006600000000
0000000000000000046420000000000002002000000801200000000000000000
0000000000000000008003000008300201000080016000500000001000000000
000000000000000006C142000020009500420000802600008800004000000000
0000000000000000000000000000000000000000000000000000000040000000
00000000000000000200000005C8829800000000000000000800000000000000
0000000000000000050202000000400040001000012000880000000000000000
0000000000000000030004000080808000000000000000000000000000000000
00000000000000000093020000026940E00000C40031000C4800007E00000000
0000000000000000000000000000000006080000080000000800000000000000
0000000000000000005115800008011040000108000400000000003000000000
0000000000000000000000000000000000000000000000000000010000000000
0000000000000000000000000000000000000000000000000000000000000080
000000000000000006009080001002B300000000000020001800000000000000
0000000000000000002202000000000000000000058000500000004000000000
0000000000000000000000000000004000000000000000800000000000000000
0000000000000000004602800026180C20000200000000000000004C00000000
0000000000000000000020000000000000000030220000000000000000000000
0000000000000000009042000022186540020000000000000800004400000000
0000000000000000000000008000000000000800000000400000000000000000
00000000000000000410C001A900182008000000800000000000004200000000
0000000000000000004010000000008020000100000800020000000000000000
0000000000000000000010800000100010000020008000081000004400000000
0000000000000000000000000000000000000000000000000000000000000000
0000000000000000005009000000000010000000000000000200000000000000
0000000000000000021846800020002200000000000000000800000000000000
0000000000000000000101000012000030000000900100010000000000000000
0000000000000000000000000000000000000000000000000000040000000000
0000000000000000000800010800030010000800800004000000000000000000
00000000000000000732400000F4005B00000084000020000800000200000000
0000000000000000000508000018310A100000004030000CC800001A00000000
0000000000000000020004007001008000000000000002000000000000000000
0000000000000000000800013200400000200028000000080000000000000000
0000000000000000000800000044000800000000000000000000000E00000000
0000000000000000000000000000000000000000000000000000000004000000
0000000000000000040100000000000000804060000000000000000000000000
00000000000000000010300000001800A0024014900000100000003000000000
0000000000000000000000000000000000000000000100C00000000000000000
0000000000000000010704800002910110040001000000000000003000000000
000000000000000002102001A004101900004001000060000800002400000000
0000000000000000000203000000100042001000040001000000000800000000
0000000000000000060440800250008000000000000000000000000000000000
000000000000000004329880000412253000050801C000010800005E00000000
0000000000000000004400000000004000000000400420008000002200000000
000000000000000000000801C000030010000000000000000000000000000000
000000000000000002000400008043F400000000800000000000004000000000
00000000000000000005380000087161101C0004200190016000000000000000
0000000000000000000000000100003800000880A00000200800000800000000
000000000000000004435D000000570290220008B8003E000000003E00000000
0000000000000000054000000000007004000100000000008800000600000000
0000000000000000010000800000000000000000050000010000000000000000
000000000000000002040001A04441AF10000000800000000800002000000000
000000000000000000120201A811000000001000000000800000000000000000
000000000000000006800080C005008400000000800000000800000400000000
0000000000000000000010000000000010000000000000010000000004000000
0000000000000000020000000020008000000000000800008000000000000000
0000000000000000001004000000100020000620018002000800000000000000
0000000000000000000000000000000000000000000000000000000000000000
000000000000000004017A0001021F4930800000D0011C044800004E00000000
0000000000000000020060010000008100000060800000040000000000000000
000000000000000000920A000001210240001800000201000000007400000000
0000000000000000000000000000000000000000000000000000000000000000
00000000000000000032080000040A207800900036001C000000004000000000
00000000000000000000E0000000001000000000000040001000000000000000
0000000000000000008A8A000008150050000000000000080000005000000000
0000000000000000032000000004000100000000000820000000000000000000
0000000000000000001014000000102020000000000000040000004800000080
0000000000000000020E0000000041B800000000000000000000000000000000
000000000000000000D806000008000301000000100020000800002E00000000
0000000000000000000000000000000100604180200000800000000000000000
00000000000000000010088000000F441002000000B000080000001000000000
00000000000000000007B0000001206120000000000000000000000400000000
0000000000000000001800012A000008200000B8000000000000001000000000
0000000000000000040040000004000100084184000400000000000200000000
0000000000000000002006800000020050020400000000000000006400000000
000000000000000002001001002B029A00000000800000000000000000000000
0000000000000002000000000002000000000000140000000000000000000000
1000000000000000000000000000000000000000000000000000000000000000
0000000000000000003002800000004400000400001000480000000000000000
0000000000000000000060000018008020000000000040000000000000000000
000000000000000000101500002054000000030010C004000000001800000000
0000000000000000000000000000020000004C00000000000000000200000000
00000000000000000010010000000200A0000010100410010000000000000000
000000000000000001000800010006C200000000000000001800000000000000
0000000000000000000008000000080010001000440006004000000000000000
0000000000000000000000000000000000000000000000000000000000000000
0000000000000000011022800020080200000040802000180000001800000000
00000000000000000040A0000000003120000410218008000000000000000000
00000000000000000000030000083800023000CE000200008800002000000000
0000000000000000000020000000205008014004402000000000000000000000
000000000000000000A00E80000013101010001C500018000800003800000000
0000000000000000000000000000028000000000000000000000000000000000
0000000000000000001004000000080000000000000000000000000000000000
0000000000000000000000000000000000000000000000000000040000000000
0000000000000000001300000000100950100009200200010000002200000000
000000000000000006414201000C03AF00020000800040001800001800000000
000000000000000000020280000030001002000010010C004000005000000000
0000000000000000000000000000000000000000000000008000000000000000
0000000000000000000001000000000000000000000000000000000040000000
0000000000000800000000000000000000000000000000000000000000000000
00000000000000000060020000011001A0041009000000000000000800000000
0000000000000000000400000000000000000000000000001800000000000000
00000000000000000010148000061C1000000018000000013000004800000000
0000000000000000040560000050407728001000000000001800000800000000
0000000000000000000109000000210810980000000580012000000000000000
0000000000000000000060000000024800408000210204000000004000000000
0000000000000000000318000000231150000004000110004000007C00000000
0000000000000000000000000100000000008000000000000000000000000000
00000000000000000010100000008C0000010200FC003A000000000200000000
00000000000000000608040010280A9700000000800000000800001400000000
0000000000000000000000000000000000000000000000000200000000000000
0000000000000000030010018040000110100000000200000800001400000000
0000000000000000006009800022992D20000004000000818000007A00000000
0000000000000000022260000004008800000400000040000800000400000000
0000000000000000001008000000412280680000000000002800000000000000
0000000000000000014060000034007320008000000800000800000200000000
00000000000000000000040000008008000002800010000C0800004A00000000
000000000000000000002000040802C000020000008000200000000000000000
0000000000000000008206000000004000000000000000000200000000000000
0000000000000000040960000000003A28010000080000000800000000000000
0000000000000000001102800018002080300000008000000800000000000000
0000000000000000020002000400088F00040001000020003800000000000000
00000000000000000404088000400F0030000300004000000000000600000000
0000000000000000000400002000000400000000200018000000000000000000
0000000000000000000000000000000000000000000000000200000000000000
0000000000000000000080000400000000004008000100208000000000000000
000000000000000000020A002000080010000000000000800000000000000000
0000000000000000010000000001000100000000000800008000000000000000
0000000000000000000001000000000010000000000000000000002480000000
0000000000000000020020000040000000000040000020000000000000000000
0000000000000000002001000008000000000000000200010000004000000000
0000000000000000020002004008008700000000000000001000001000000000
0000000000000000000000800000000010000000000004000000000000000000
0000000000000000000000000000000000000000000021002000000000000000
0000000000000000000003000000082003000008102000080000000200000000
0000000000000000020000010080008000400000080400000000000200000000
0000000000000000000000800002000020000410000202018000003800000000
000000000000000007010000800000A400000000010000000000000000000000
0000000000000000000000800000080010000008100000000000000004000000
0000000000000000062020000480008400000000000000002000000000000000
00000000000000000002010000020C0041000200000000080800002000000000
1000000000000000000000000000000000000000000000000000000000000000
00000000000000000093110000062C6EE0000008104222010000007C00000000
0000000000000000000020000000204000000000000010001800001000000000
00000000000000000001000000010020B1009000601022000000001000000000
00000000000000000600000001A0008008000000000020000000000000000000
00000000000000000404030000301111C0000008000200004000004400000000
000000000000000002F030800F1008FE00020000800040000000003000000000
0000000000000000000000000000010020100010001000100000000000000000
0000000000000000000000000001000004000100000800000000000000000000
0000000000000000008007000000001001000600000000000000000000000000
000000000000000007C0E4010040009200000000800000008800000400000000
0000000000000000002002800024180402000800020000800000004000000000
0000000000000000000000000000023800000080008000C00000000800000000
0000000000000000000000000000000000000000000000000000000000000080
10000000000000000006E0000020200040000000000000000000000000000000
000000000000000000000101A200000000000000000000000000000000000000
0000000000000000020000004000008800000000000800000000000000000000
0000000000000000054001000100030020004008100020000000002400000000
000000000000000006000000418806F800000000800000000000005800000000
000000000000000000029C0000008F0CB0066000B00060000000000000000000
0000000000000000000000000000000000000000000000000000000000000000
0000000000000000001001800000010090009000040008000000000000000000
0000000000000000040000000000004C40030900000000880000000800000000
0000000000000000041304800062402000100300000200080000002600000000
000000000000000002A00080800000C200000000000060000000004600000000
000000000000000004511300001A2369F0020000F0000E004800003C00000000
1000000000000000000000000000000000000000000000000000000000000000
000000000000000004402500001A080502100008001200148000006E00000000
00000000000000000020000000002058070001800000040A0000002600000000
0000000000000000000000000002002C80000005800200008000000000000000
00000000000000000640400004CC409A00000000000000000000002000000000
000000000000000004F2820001000477E8004800020003800000000600000000
0000000000000000046440000006001508004008000204009800000000000000
000000000000000000400D000002D35F30060009D00010001800004C00000000
000000000000000002146200000802F908000200000000000800000200000000
0000000000000000000014000000000000000200020020800000000000000000
0000000000000000000000001000008000108000200000004000000200000000
000000000000000000D00900000A17F43050001800070001E800001800000000
0000000000000000000000000000000000000000000000000000000000000000
0000000000000000008900000008300C00140001001080081000002C00000000
0000000000000000000020000000205700000110000800021800000000000000
0000000000000000000004000000100000000000800000000200000800000000
0000000000000000020000000001008000000000000800020000000000000000
0000000000000000005208000000010000000098003210080000000000000000
0000000000000000070204000000289C00020000000040000800000400000000
0000000000000000004000000000100000001000000000000000001000000000
00000000000000000596A0000050001208008000000014000800003200000000
00000000000000000462C58000045B4710000400010030000800002E00000000
0000000000000000000000000000000000600001000800000000000000000000
0000000000000000000004800020100400080000000000000000002400000000
0000000000000000000000000000000000000000000000000000000000000000
00000000000000000092040000004045C0100006009000002000006400000000
0000000000000000020040004000088020006000000004000000000000000000
000000000000000000C00900000001488000100C040310004000000400000000
0000000000000000020000000000008010000000020020800800000800000000
000000000000000001028480000010241000010040803C000000005200000000
0000000000000000030000008380038500000000000000008000000000000000
000000000000000000D180000010222411100000003000080800006200000000
0000000000000000000000000000200008002080000004020000000000000000
0000000000000000001102000000801090800000000000004000002E00000000
0000000000000000020000004000008000600000000100008000000000000000
00000000000000000401048000000C106050001800000001C000000C00000000
0000000000000000070040000000009908002000002000000000000000000000
0000000000000000001300800004026830000018100010000000003600000000
0000000000000000030000000400201800000000800020000800000000000000
0000000000000000041000800000033810018000008020000000002000000000
0000000000000000000000000004001006014000000830000000000000000000
0000000000000000000001019C00800400000002004080001000000400000000
0000000000000000000000000000000000000000000000000000000000000000
00000000000000000000C1000030100100580006000080012000001600000000
000000000000000003402400209022DA00000000000000000000004000000000
00000000000000000413F100000E367B1000001C004410018800002600000000
0000000000000000020000000200008004000000000000000000000000000000
00000000000000000080008000201C24C0000001800020000000003400000000
0000000000000000040000000084204D00000100001800000800000000000000
0000000000000000000008009000010012000000008000000000000000000000
0000000000000000000420000000000000000000800808000800000000000000
0000000000000000000000800000080010000000000000080000006000000080
0000000000000000000000000000000000008000100000000000080000000000
000000000000000000000B000010020010000000100000000000000010000000
00000000000000000007B0000008001E20100080000100000800000400000000
0000000000000000000001800000000010000000100000000000000000000000
0000000000000800000000000000000000000000000000000000000000000000
0000000000000000002200000000010000000400008000208000000200000000
000000000000000006026280870443FE00000000800020008800001600000000
0000000000000000011001000000100040000000000000000000004000000000
0000000000000000000000000000000000000400000000000000008000000000
0000000000000000000012800000110012000000102010000000000000000000
0000000000000000070025000280079000000000000000080000000000000000
0000000000000000000002004000080000000000100002000000004000000000
0000000000000000000000000000000000000000000000000000000000000000
000000000000000000831100001A9024000E001E8006C001A000006600000000
000000000000000002000001001400B900040000800000003800000800000000
0000000000000000000001000000000040000088001000014800004000000000
0000000000000000020060010000038300000000000060000000002400000000
0000000000000000000211000000050010180002400200003000000000000000
0000000000000000020023800281008600000000000020000000000000000000
0000000000000000004010000000000000000000000004001000000080000000
000000000000000003014180028040EB00020000800020000800000E00000000
000000000000000004A113800032300900100018004600018800003E00000000
0000000000000000000000000000000000000000000000000000000000000000
000000000000000000020180000208000A000800024000980800007800000000
000000000000000002004080019262A900020000800020000000002800000000
0000000000000000001004000020C81100000600000000000000006A00000000
00000000000000000200040080C000B000000000000000000800000000000000
0000000000000000007188000016337DF0030018404020000800003E00000000
00000000000000000623C001018060D800020100000000000800000800000000
0000000000000000000005000000080000080000000000000000000000000000
0000000000000000000000000000000004000094000000800000000000000000
00000000000000000002900000010910D0029000200036000800000E00000000
000000000000000000046800000A000248010000000004200000000000000000
0000000000000000000200000102100010000080000000080000000000000000
0000000000000000020000000000000000000028000000020000000000000000
0000000000000000000014000022340150000002000000000000002400000000
0000000000000000000000000100008000000000000000000000000000000000
0000000000000000000003000000100000010000101000000000000400000000
0000000000000000060000000000008000000000000001040000000000000000
00000000000000000096020000008801000000800070001C0000004200000000
0000000000000000000000000000000000000000000000000000020000000000
0000000000000000000002000000000000000000000000000000000000000000
0000000000000000000000000000000000000000000000000000000000000000
0000000000000000002017800020500200300008400000010000000000000000
0000000000000000000000000000000000000000000000000000020000000000
00000000000000000046010000401D2C0004000080C030000000006E00000000
0000000000000000020000000000004200000000800000002000000000000000
0000000000000000007201000002000810000408000010000000003000000000
0000000000000000000080001400000220100000000100208800000000000000
000000000000000000C40100006208000200039000A020190000004800000000
0000000000000000020800000080000200000040000000000000000200000000
0000000000000000001803000800010002000800000010000000000000000000
0000000000000000006640000000003500008000000804000000000A00000000
0000000000000000004000800042000000000000000000000200000800000000
0000000000000000040000000400028001000040000800000000002000000000
0000000000080000010000000000000000002400080020C00000000200000000
0000000000000000020000000000009200000000000000000800000000000000
000000000000000000100400000210000000000C000000000000000040000000
00000000000000000206200000002DA100000080000000000000000000000000
0000000000000000001002800000000000000000004000080000004000000000
0000000000000000000060000100007820880000000000000000000000000000
00000000000000000400000000020C0000000000000001800000000810000000
0000000000000000000000000000000000000000000000000000000000000000
0000000000000000009002800000081480000000008000010000003800000000
0000000000000000000000000000000000000000000000000000000000000000
000000000000000000210580000C081050040000000100004000000000000000
0000000000000000000000000011000100000000000004410000000000000000
0000000000000000001010000000000013900008100004890000005000000000
000000000000000007400000000060BD08000000804000100000004200000000
0000000000000000004000000000180000020009C00300000000000000000000
0000000000000000000000000000000000000000000000000000000000000000
00000000000000000010018000300400E0000000000002008000003000000000
0000000000000000000000008000008000000000000200C00000000000000000
0000000000000000000001000000804010000600010000400000006000000000
0000000000000000020000000080000000002000000000400000000000000000
00000000000000000483820000000E0010000400014000001000002400000000
00000000000000000001A8000024600B01002040000800000000000000000000
0000000000000000008012000002000012000008904006000800001400000000
000000000000000002044800009022DF08000000000020200800000000000000
000000000000000000D0010000111800E0000008000000000000004000000000
0000000000000000020000000000008000000000000000000000000000000000
0000000000000000000041000002580400480040000000040800003600000000
0000000000000000000000000000000000000000000000000000000000000000
0000000000000000000001000008500000200000002000188000005000000000
0000000000000000030000000000004A00000040020020000000000000000000
000000000000000000000C8000208C0000500000000000010000000000000000
0000000000000000000082000101200500000000000000000000000000000000
000000000000000004C0010000120C0800020001000002000000006600000000
000000000000000000002000002040A606000000000024200000000000000000
00000000000000000000800000010000C0000800020001810000000000000000
0000000000000000030020010008000000020000800000000000000000000000
0000000000000000001080000008200008080004800080000000000800000000
000000000000000006500000200006D900000001800040000800004800000000
000000000000000000001A000000030050011000400019001000000000000000
0000000000000000010000000000000120000100300000040000000000000000
0000000000000000000000000000100000000000040000008000000000000000
000000000000000003804001000002A00010C400000000000800000000000000
0000000000000000001001000000040090008008304018010000000000000000
1000000000000000000000000000000000000000000000000000000000000000
0000000000000000000201000000000002000488002000080000000000000000
000000000000000002602000000000D000000000000000000800000000000000
0000000000000000000108000000011018000000000210814000000000000000
0000000000000000000000000000000000000000000000000000000000000000
0000000000000000009010800120000200000001015000181000004800000000
0000000000000000020020000005000000000008200000080800004000000000
0000000000000000000002000002080000000000000400008000004800000000
0000000000000000000000000000000000408000200010800000000000000000
0000000000000000000000800020110020000020008000100000000000000000
0000000000000040000000000000000000000000000000000000000000000000
0000000000000000011502000002004110000000100000000000005800000000
1000000000000000000000000000000000000000000000000000000000000000
0000000000000000001004800000100010000000014000080000000400000000
0000000000000000028000000400008200014000000024000000000000000000
0000000000000000000004000000000000000000000000000200004000000000
00000000000000000300040030C000C800000000800000000000000000000000
00000000000000000080080000201301100003C801D000086800000A00000000
0000000000000000000040000180000000000008400000000000000000000000
0400000000000000008000000000400010000000100000000800004000000000
0000000000000000000140000100A06700008000000820000800000000000000
00000000000000000000190000041000B001C008F0001E000000004000000000
1000000000000000000000000000000000000000000000000000000000000000
0000000000000000042005000000480480000408000000800000005200000000
0000000000000000000800000000001004000000000108000000000000000000
0000000000000000001810000000000080000000020000000000000400000000
0000000000000000000400000000000000000000000000000000000000000000
000000000000000004430C00002A91590000020800C000000000001E00000000
0000000000000000020100000040208D00000000800000000000000000000000
000000000000000000700800001009282300004C007200198000005000000000
0000000000000000000400000000000000000400000001000000001000000000
000000000000000000020080000008003001E000000000000800000800000000
0000000000000000020800000200008000000000000000000000000000000000
00000000000000000415480000029F5230020040000000040000006E00000000
0000000000000000020100000180009000020000000000000000000000000000
0000000000000000001009000002121010000000000200050000005800000000
0000000000000000002000000000200020000010002000201000000000000000
00000000000000000082030000110000E2001080040000010000005200000000
000000000000000001E1A0000001200E00A00080004800020800003800000000
0000000000000000000214800020002110000388004000000000004000000000
00000000000000000780020020F00FEF00000000000000000800004E00000000
0000000000000000040318000000310812000080000310014000002800000000
000000000000000006000800400018EE00000100000000001000000000000000
0000000000000000000000000008420090080004000000082000000400000000
00000000000000000200000100A0008000100000000000000000000000000000
000000000000000000908C000020513500060081C00010000000002600000000
0000000000000000000400000040000002010000220000000000000000000000
0000000000000000008086000020982000100201100000000000000200000000
0000000000000000000000000004200906402090000000000000000000000000
000000000000000000480B000000800001000000000004080000000200000000
0000000000000000000460000000004000000000000820000000000800000000
00000000000000000491040000125000205A0000C00160004000001200000000
0000000000000000000460000000007E81000000000008800000001600000000
0000000000000000000000000000000000000000000000000200000000000000
0000000000000000040000000000603200000180002884020000000000000000
0000000000000000000000000000000010000200040000000000000000000000
0000000000000000000000000000000000000000000000000000008000000000
0000000000000000000004800002024400000001004010000000000200000000
0000000000000000040400000001005208000000000001000800000000000000
00000000000000000012080000000400C000C000300010110000002800000000
000000000000000000400000000001610040401B602024300000000000000000
0000000000000000001004800032800900E0019800A000090000004E00000000
000000000000000000430000000000510320000000000400C000000000000000
0000000000000000048B8100001A100203000048008000090800000C00000000
000000000000000006024680028042F000000000000000000800000000000000
00000000000000000040018000081002C0000080900200000000000000000000
0000000000000000000000000000000000000000000000000000000000000000
000000000000000000500B0000120D1723000088002418010000002C00000000
0000000000000000024040800001049400100040800000000800001C00000000
0000000000000000000002800000180020100000011000488000000000000000
0000000000000000020000805008408000000000000000000000000000000000
0400000000000000000000000000000000200000002000000000000000000000
0000000000000000030400000000000001000030001000020800001000000000
0000000000000000000200000000000008000200000000000000002000000000
000000000000000002004000040222E700000000080000000800000C00000000
0000000000000000041010000100104202000010102000100000000000000000
00000000000000000000C0000000008100000200012001E00000000000000000
0000000000000000000000000000100001400004000080000000005800000000
0000000000000000030000000029429000000000000000000800000000000000
0000000000000000018206008002092000020600100000080000007C00000000
0000000000000000000020000000000000084141000800000800000000000000
00000000000000000032000000021063A0000400004001C00800004400000000
0000000000000000020000000001008100000200808020000000000000000000
000000000000000000200180000008000000001C000200018000002000000000
0000000000000000028020000400008800060000000060200000005000000000
0000000000000000000030000000040000200002000300024000000800000000
00000000000000000080C4000480000000000000000000008000000000000000
0000000000000000000018000000010000000000000204040000000000000000
0000000000000000040000000000200000000000000000001800000000000000
00000000000000000000000000021000200400B9804004090000005400000000
0000000000000000042000000000064000002000502200000000000000000000
00000000000000000080000000000500201800400021000C4000004200000000
000000000000000000004000001C604E00010010006026308000002000000000
0000000000000000000010000006183110440009000000031000000200000000
0000000000000000000000000000000000000001100104000000000000000000
00000000000000000014070000001D0010000010000000000000004800000000
0000000000000000000400000000000000000000000000000000000000000000
0000000000000000000000000000040410000400070000800000000400000000
00000000000000000200420000012EC800000000000000000800000000000000
0000000000000000005002000010010000000000000000000200006000000000
0000000000000000034020000400206200000000000820020000000400000000
0000000000000000000000000000000010000000000200000000000010000000
0000000000000000020020000004000000000000000060000800000000000000
000000000000000000134680000A38502078000A004480010000003800000000
0000000000000000000000000000003200000400802020301800002000000000
000000000000000004539100000837601200008C00730018C000003E00000000
000000000000000002006800800080A400020010200400010800000800000000
0000000000000000000004000000000000000000000000000200000000000000
1000000000000000000000000000000000000000000000000000000000000000
000000000000000000401100000026016010D00010000E000000000000000000
0000000000000000000400000000000001002020000000004000000000000000
0000000000000000000010002800080000000000000001000000000000000000
000000000000000003808400119003B910120000800020000800006E00000000
0000000000000000001088000005890410015800360027800000007C00000000
000000000000000004000000C022348D00000008000200000000000A00000000
000000000000000000023A8000020A0110800200010000400000004200000000
0000000000000000025080002000002100010000000020000000000000000000
0000000000000000041004800020000240040000100000000000004200000000
0000000000000000000000000000000000000000000000000000000000000000
00000000000000000080000020000800A8000000010000000000000400000000
0000000000000000001020000000402000000000000800000000000000000000
000000000000000000401C00004A7D1010000000000000000800003400000000
00000000000000000740600030000D9A00004000800020004800005200000000
00000000000000000010058000121C0500040000000000000800000400000000
1000000000000000000000000000000000000000000000000000000000000000
00000000000000400010C8000002080000180012000500008000000000000000
0000000000000000000000000000000000000000000000000000010000000000
00000000000000000012020000001254D0000008004008000000002000000000
0000000000000000044840000000200848000000800020000800000000000000
0000000000000000006004000000000040001800120000000000004000000000
0000000000000000000000000000000500010380000004000000000400000000
000000000000000000040000000108004040000C00028001A000002400000000
0000000000000000000000000000000000000000000000000000000000000000
00000000000000000481A60000183F7F1028000E000798006800001400000000
0000000000000000068668002018A2EF20000000800000200800001000000000
000000000000000000800D000020900008200000000000000000001000000000
000000000000000000011000402004E600100000000000000800001000000000
0000000000000000001010800002004020140004000440000800001400000000
0000000000000000050000000000624900000080080004208000004200000000
0000000000000000000000011200000000000001800000001000000000000000
0000000000000000000000000000005000004000000000804000000000000000
000000000000000000010200000020005300800000000A000000000000000000
00000000000000000642000003280EE010020000800000001000000000000000
0000000000000000000000000000000010000000000000050000006000000000
000000000000000002004000000000C600000000000000C00000000000000000
00000000000000000012100000001900B002000420000C004000000400000000
00000000000000000709C181000811E300020000800000000800005000000000
0000000000000000000202000010121050800108008000000000004000000000
0000000000000000040840000000000BC1000000802020200000001200000000
0000000000000000001605800000011810040000000010000800003000000000
0000000000000000000400000000000000000000000004000000000000000000
0000000000000000008085000022D80040800200000020000800003000000000
0000000000000000020040000008000000000080000040001000000000000000
000000000000000004C207000010401340000200004000080800004200000000
0000000000000000000040000020000500008008200008000000000000000000
000000000000000000401100000885041036000A000010005000000800000000
0000000000000000026000010000021800000060000220018000001000000000
0000000000000000011000000000100010000004011000404000000000000000
0000000000000000000000000000000001008000000000020000000000000000
0000000000000000000001000000400003500000000400080000000000000000
0000000000000000064640000010804100020000204000200800000000000000
0000000000000000000200000000000010000000000000000000000000000000
0000000000000000044000000004004020408118002200008000002200000000
00000000000000000010060000020C0000020000800000000000001800000000
000000000000000002010100001822D800000400620008000000000000000000
000000000000000000020500000010200000010000C000120000005000000000
0000000000000000000C00000000000000050000000040300000000000000000
0000000000000000000000000000000000000000000000000000000000000080
0000000000000000020004000400005600000000080004000000000000000000
00000000000000000095C0000008F5161034000810038000F000001E00000000
0000000000000000070107000C0022D800000000000060000000000C00000000
0000000000000000008000800020000010000000008008000000000000000000
000000000000000002450000040800C900100000800020001800000000000000
0000000000000000000002000000180000600818002000010000000000000000
000000000000000002006000000010CB00000000000060303000000800000000
0000000000000000000010000000090004000000000000000000003000000000
000000000000000007020600100143EF00000000000020000000002400000000
00000000000000000083B80001183B0030000084004300014000001000000000
0000000000000000000000000000000000000000000000000000000000000000
0000000000000000000008012000890010000000003000080000005000000000
0000000000000000020000008004000800002000000000000000000000000000
00000000000000000000880000000008B0006000288016000000001200000000
000000000000000002040000005880AB0C000000802000000000000000000000
0000000000000000000100012A02100050000000000000000000000000000000
0000000000000000006000000004200809404500000000000000000200000000
00000000000000000400B00000083F01B001000450003A000800003C00000000
000000000000000006058880000CB5FF00020200800020780800000800000000
00000000000000000000380000005F0010060401810040000000000400000000
0000000000000000000000000840003001000004000000000000000000000000
00000000000000000040A90000021E111000001C104010010800003400000000
0000000000000000020020000000008000000090000400004800000200000000
000000000000000000030A0000181304B2000088004200000000005200000000
00000000000000000600040004001C8B00600008800200018000006E00000000
0000000000000000000180000000000010180002800090102000002400000000
0000000000000000020000000000008000000000000000002800000400000000
0000000000000000005005800000040010000400110004800000000000000000
0000000000000000004000000180061C28004000800004204800000000000000
0000000000000000000410000000901800800010000D00021000000400000000
0000000000000000020000000010608300000000080000100800000400000000
0000000000000000000008000000010080001008048000010000000000000000
000000000000000006000000000042C900020000002020002800000000000000
000000000000000000848B000000DB4410040020000810001000002800000000
000000000000000006007A80C00005DE00020000800020000800000400000000
000000000000000004D203000010110AE0000008008000000000001E00000000
0000000000000000000000000000000004010000200040103000000000000000
0000000000000000004004000000000000000C00000000040000000000000000
00000000000000000080000000000008000000100C0000028000004000000000
00000000000000000450010000118704E0020008E40010010000001400000000
0000000000000000010400000000000000000000040000020000004000000000
0000000000000000041888000002210238020000100018000000004400000000
0000000000000000000000000000002000000000030000008000000200000000
0000000000000000000800800000000010000000002000080000000000000080
0000000000000000002080001050008C00000000000020000000006000000000
0000000000000000001002800240002400000090104000000000000000000000
0000000000000000000000000000000000000200000000000000010000000000
000000000000000000120080002A1107F0020008000420000000001200000000
000000000000000002002001801060D000000100000002200800000000000000
0000000000000000002602000002140000300018000600018000002000000000
00000000000000000450600000050053A0000000000000000000000000000000
0000000000000000007205000004583200040400010000100000001000000000
0000000000000000020440000021804000200000802400000000000000000000
0000000000000000000000800000000581000040009000080000000C00000000
0000000000000000000000000000000000000000000000000000000000000000
00000000000000000070110000070202C003D808C60037800000004600000000
0000000000000000020020001040048008002000000000400000000000000000
0000000000000000000106000000000010100040101100040000000800000000
0000000000000000000000000000000000000000000000000000000000000000
0000000000000000051004000000000000100000112002000000000000000000
0000000000000000020040000001008000000020000000000000000000000000
0000000000000000000004000020010000100046000300004000002000000000
0000000000000000000000000000000800000000000000000000008000000000
0000000000000000001202000100125490028001500016000000001000000000
00000000000000000008000001A1004100080000000020000000000000000000
000000000000000004820A0000005E0010060001500018000800007400000000
0000000000000000000460000004000408100800002000000000000000000000
000000000000000000900200000889040000001C000200054000004000000000
0000000000000000022000810000808000100000000000000000000800000000
000000000000800000F008000000030000011000080017800000001800000000
0000000000000000020000000400028000000400000020200000000000000000
0000000000000000011039000000170110000000B0000E000000000000000000
000000000000000002000000000000A000000800000000000000000000000000
000000000000000001920480000A186920320018004620008000002400000000
0000000000000000000000000000000000000000000000000000010000000000
0000000000000000000002000001080001000000000000010000004000000000
0000000000000000000000000000000000000000000000000000000000000000
00000000000000000034080000000C0000000008000200000000000000000000
0000000000000000040000000000207808202090002000088800000A00000000
00000000000000000030008000620D23F000018000C000000800003E00000000
0000000000000000000000000010000E00090002000080002000000C00000000
0000000000000000053618800012853800020010C00000000800007A00000000
0000000000000000000000000000000000000000000000000000048000000000
00000000000000000000000108020100D0820000000000080000000000000000
00000000000000000404400040180AE900000000000000000800000000000000
0000000000000000000000000800000010000001000000000000000000000000
000000000000000002000600000300C100000000010000000000004200000000
00000000000000000410900000021E0040000000140204010000003800000000
0000000000000000032040000001008000000000000000000000000000000000
0000000000000000040132000100030010000000000004000800005000000000
0000000000000000040FC0000009005508000000000000001800000400000000
00000000000000000422148000028F4110020000000000000000000800000000
000000000000000002F000808062009210000000000000000800000C00000000
0000000000000000008080004800100062000000000002000800000000000000
0000000000000000008400000440000100000000000000001000004000000000
0000000000000000000001001400100000400000104080002000004A00000000
000000000000000006064300016E02A600000000800000000000000000000000
000000000000000000000000000204001000C00030003E080000004000000000
0000000000000000070004000040009500000000802000000000003000000000
0000000000000000000128000040000010400100008000002000000800000000
0000000000000000000000000000000000000000000000000000000000000000
00000000000000000401380000083B59F010C00C30064C010800001600000000
000000000000000002080200400800A000022000000000000000000000000000
00000000000000000482368000300F6710000000000010000000003E00000000
0000000000000000000000000000201208401100400000000000000400000000
0000000000000000000002000002880120000000002000090000000000000000
0000000000000000032001803408028200000000000820000800000000000000
000000000000000000C005800000414C00210000C00000000000003600000000
000000000000000003302400100C0AAB00020000800000000800006E00000000
0000000000000000000904000000104019000000C00000001000002400000000
0000000000000000000000000000000800000000000000000000000000000000
0000000000000000040090000000401080040000000002000000001000000000
00000000000000000000000000000002008024A0000000000000000000000000
000000000000000001D1270000021D1610040000100184001800001000000000
00000000000000000000000000002076204401000000C0800800000400000000
000000000000000005F244000004587E00000008000000000000007600000000
0000000000000000000000000000000000000000000000000000000000000000
00000000000000000031048000005045C0100000008000000000000400000000
00000000000000000000200000A8001908000000800000000000000000000000
000000000000000004433900000A3B211078001E00079001E000002400000000
0000000000000000070120000000269E00020000000000400800000000000000
0000000000000000005015000042580800400000000400000000004400000000
0000000000000000018000010000008000000000080001000000000000000000
00000000000000000000190000029B0000000000088004000800000000000000
1000000000000000000800000000000100000000000000000000000000000000
00000000000000000030480000041C00D0004018100016000000001200000000
000000000000000002000800C00000A400020000800000000000000000000000
0000000000000000000000000000000000000000000000000200000000000000
0000000000000000000400000010000009002020000000000000000000000000
0000000000000000051004800008510400000008800000002000000000000000
0000000000000000060140000010005B4A000100000010200000003600000000
0000000000000000009112000000A82EA10000800020060C0000005400000000
0000000000000000022008010008008300000080800020020800000800000000
0000000000000000040208000002100A80074020800000000000000400000000
1000000000000000000000000000000000000000000000000000000000000000
0000000000000000000000000000000000000000000000000000000000000000
0000000000000000030027000440208000000000000000000000000000000000
0000000000000000007005800004101000000000000000000A00000000000000
00000000000000000000200000022082200080C4400100000000000000000000
0000000000000000051215000022812A40000000C00060010000004C00000000
0000000000000000047400000000407E08400000000060008000000800000000
00000000000000000041130000102C0190108000400012000800000000000000
0000000000000000000000000000004900000020001020804000000000000000
000000000000000000800C000000010000080020000000010000000000000000
0000080000000000000000000000000000000000000000000000000000000000
0000000000000000001201000002CC040040003D004040000000003000000000
000000000000000002044100200000D200000000000000007800000400000000
00000000000000000002048000001008800000C0000000080000004000000000
000000000000000006800480C00005C910020000000020000000007400000000
0000000000000000001002010802000008001800000001800000000000000000
000000000000000002014400204081A100024000000000000800000000000000
000000000000000004C2040000100800100210007C000B000000000000000000
0000000000000000020000000140000000000000000100000800000800000000
00000000000000000000180000011F0052001008040007000800000000000000
000000000000000002406400401002A100000000800000000000002000000000
000000000000000000D004000000080500500090000401810000004400000000
0000000000000000000001000840009A00000000000000008000001400000000
000000000000000001F014000104007930000000C08010000000006E00000000
0000000000000000060400001014008040000030000004000000000400000000
0000000000000000000020000000100012800088000000080000000000000000
0000000000000000000440000000020000000000042200008000000000000000
0000000000000000008207000000080000101000040000010000003400000000
00000000000000000000D200010CE00000000000000000000000000000000000
000000000000000004208C000008077030000400000010000800000C00000000
0000000000000000000100000008000208800028400000000000000800000000
000000000000000004120A0000000900D0009000040010000000006400000000
000000000000000002008080020040A200000001000020002000000000000000
00000000000000000040010000010340E0000000B00000000000001400000000
000000000000000006A04E81000440CB10200010800620000800005600000000
000000000000000000041000000870001054000810008000A000003800000000
0000000000000000000000000010004100010001020000001000000000000000
0000000000000000040102000000011FF030000400070000C000003E00000000
0000000000000000022040000028008408006000000000000800000000000000
00000000000000000012100000010000F003D80076003E800000007000000000
0000000000000000034004010240008800000000000000000800000000000000
00000000000000000001058000000000021001000010000C0000004000000000
0000000000000000020000000000008410800020000820040800004800000000
0000000000000000040492000102840830020000000030080000006C00000000
0000000000000000020800001000008000010000000000000800000000000000
0000000000000000000000000000000000000000000000000200000000000000
0000000000000000020000001080408000002000002001000000000000000000
000000000000000000010800000840001008000A000010002000000400000000
000000000000000004046000001440630800C00831A024200000003000000000
000000000000000000001080002000207000C000108062001000000A00000000
000000000000000000006000000000436C002380000000200800000C00000000
000000000000000000011100000A0000107C000C000398017800000000000000
0000000000000000038044000481028C00020000000028000800000000000000
00000000000000000091120000182D00300000580036000D8800007400000000
00000000000000000001800000000000000000080A2200000000002000000000
00000000000000000500120000200E20F0030000F0801F000000000000000000
0000000000000000000000000000000000008000200000201000002800000000
0000000000000000008001002A00080040000280804000000000004000000000
00000000000000000401E0000030209500000000000800000000000000000000
000000000000000004101000000A0C1A60440007000440001800007200000000
0000000000000000054400000004002000008080002000000800000600000000
0000000000000000000202000100020080000000000100084800000000000000
0000000000000000061A01008480008A00000000040000000000000200000000
0000000000000000000204000000010000000800038400000000003000000000
0000000000000000020040000A00008400000800000000000000000000000000
0000000000000000000000000002100050040004002000000000000000000000
000000000000000003400000100000C080020000220008800800000600000000
00000000000000000080810000001102D0030000904002000000002000000000
0000000000000000020000008004400200000000080000008000000400000000
00000000000000000010990000021A0050024080100022000000005000000000
000000000000000002840000400000A300000000000000004000000000000000
000000000000000000C004001008010400100208001000010000000000000000
0000000000000000000420000000000028008000080800000000000000000000
0000000000000000000004000000000000000000000000000000000000000080
0000000000000000020448002008008000000000000020000000000000000000
0000000000000000000000000000801000000023001040000000002000000000
0000000000000000000020000004002880000000800408000000001800000000
000000000000000000110500000010000010000800000000C000000800000000
0000000000000000070801000001C2BF00000000000000000800001800000000
0000000000000000041204000068002840000200800000000000002800000000
0000000000000000024041818000888E00020000000020001000000000000000
0000000000000000000112808222801620000000800004090800004200000000
0000000000000000020020000000000020804220110000400000000800000000
00000000000000000000000000000000000000000000000000000000C0000000
1000000000000000000000000000000000000000000000000000000000000000
000000000000000000100A0001020B0000000800400010000000002400000000
0000000000000000020000000580000000040000800020002000000000000000
0000000000000000000002000000040000020000081020000000000000000000
0000000000000000040758000010407BE8000100000000200800002800000000
000000000000000000980000003000020100004000D000100000000200000000
000000000000000000006000200802EB08000002800080000800000400000000
000000000000000004B202000020832930000400810024080000005000000000
0000000000000000060060004000009400200000800220000000002000000000
0000000000000000001004000000180000000000000000000000000000000000
0000000000000000020000000001048000000000000000400000000000000000
0000000000000000005000000000002000000000008000000000002800000000
1000000000000000000000000000204000000000000000000000000000000000
000000000000000000D40100001A812F20000048405230158800003600000000
0000000000000000000400000000000002000000400000000800000000000000
0000000000000000001101000010114010000040004000010800000800000000
00000000000000000000000000040000A8400000200004000000000000000000
000000000000000000140900000091402800080010000C000000000C00000000
0000000000000000024209001080004C00000000800000008000000400000000
00000000000000000490020000628D210000034000B0003C0000002C00000000
0000100004000000000000000000000000000000000000000000000000000000
000000000000000000101A0000728146B0032000800026000000003C00000000
00000000000000000601C0000080208000000800200000000000002000000000
000000000000000000000C0008004C0010000001500000000800002400000000
000000000000000004C0A0000814209700000000800020000800000000000000
000000000000000000101C0000020B00D0006000700016000000000400000000
0000000000000000020000000000008000000000000000000000000000000000
000000000000000000000000002411101010000000000000A000000000000000
000000000000000002040200018002D400000100000000001800000000000000
00000000000000000000020000004005A0001C00078001C80000000600000000
0000000000000000028020000000408040000020000900000000000000000000
0000000000000000044489000000110150038000E0401E000800007E00000000
00000000000000000401E000019082FE20000000000000000000000000000000
0000000000000000000000000000000000000000000000008000000040000000
000000000000000006646001840000D900200000000220028800000C00000000
000000000000000000C2020000001800E002020898C002000000000800000000
000000000000000002040000400082D600000000800000000800000000000000
000000000000000004964000003AD03E403A001A80004000A800003600000000
0000000000000000000000000000000000000000000000000000020000000000
0000000000000000001A11000110002A20000000020000840000000000000000
0000000000000000040000000004004000010A00000004000000001000000000
0000000000000000000004800000000040030200C08010080000003000000000
0000000000000000004000004010001300000000002100800800000000000000
0000000000000000000114000000090402300088000000008000000000000000
0000000000000000000800000180002400000002000000000000000000000000
00000000000000000090030000005F401010000C004C00014800005A00000000
0000000000000000060000000000000424600180000410010000000000000000
0000000000000000000004000002400000000000000000000200000000000000
0000000000000000000000000000000000004221008000400000000000000000
000000000000000004A000800004082808020100000000000000000200000000
0000000000000000020004008000C4DF00000000800000000000000000000000
0000000000000000000020000000080010000000000400000000004000000000
0000000000000000000200000001400404000000002000000000000000000000
0000000000000000009504800030601A20120018000600008000006C00000000
000000000000000002261200001020D400000004000000004000000000000000
0000000000000000000000000000000000000000000000000000000000000000
000000000000000005C41000000C004A20040080004000000800001E00000000
00000000000000000012000000008144B0004011100046001000001000000000
0000000000000000030000808000708000000000000000000000000000000000
0000000000000000008050000120100000400009008000000000000000000000
000000000000000003220100040002A100040000000060000000000200000000
00000000000000000132008000620E4020000200130020000000003600000000
0000000000000000000400000000200000604000008504000000000000000000
00000000000000000000020000010000D8000000F40002000000002000000000
000000000000000002084000008000A400200000080200000000000000000000
0000000000000000001200000002000000000D00018000800000000200000000
00000000000000000000F0000124206600000000000040001800000000000000
0000000000000000009210016800000088000000900006000000001000000000
0000000000000000000000000000000000201000802100000000000000000000
0000000000000000010001800000000082000880074000800000006000000000
000000000000000003000800B00C02BF00020000800020000000000200000000
0000000000000000000001000008080002000090000200080000004800000000
000000000000000002020680400815D010020000000000000000007000000000
00000000000000000400280000008F00120000800020100D0000001000000000
0000000000000000020040000000008000000000000040402000000000000000
00000000000000000042210000001A00301C000E004108009000002000000000
000000000000000002000400408045C400000000800420000000002000000000
0000000000000000049104000026B01440000000000080000000006400000000
0000000000000040000000000000000000000000000000000000000000000000
00000000000000000000108000011F0010020000080000080000000000000000
0000000000000000060020008001008000020000000000000000000600000000
000000000000000000400C000000411100800428000000200000000000000000
000000000000000002002000000000A010022000800003000000000C00000000
00000000000000000082130000120C01230200C0002214080800000800000000
00000000000000000001E0000000004A00210000000000600000000200000000
0000000000000000009006800000401930000000800000000000006400000000
0000000000000000050060000000600020204400200000008000000400000000
00000000000000000041110000000C0002001800040001080000000000000000
000000000000000006002F0004700A9000020000000020000000000400000000
000000000000000004000400000008000088002C000000060000000000000000
000000000000000002001280800880C200000000000000000000000000000000
0000000000000000000004000000100000400020002010000000000000000000
0000000000000000020000804080008210020000800000000000000000000000
0000000000000000000008000000600050080000040100000000000400000000
000000000000000006434880040038E420004000000040001800005200000000
00000000000000000492020000020B1F90020000800400004800005C00000000
000000000000000003100000900000C400000000000000000000000400000000
00000000000000000010900000000400B0004800760004000000002000000000
000000000000000002000000108400A600000000080000000000000000000000
00000000000000000432808000001824E0000000068001800800004800000000
0000000000000000000000000000000000000000000000000000040000000000
000000000000000000020001A80404000000020000C000000800005000000000
0000000000000000000872000080001000000000000800000000000000000000
0000000000000000002000000000000040000000000000000200005600000000
0000000000000000040040000018200404000000000400108800000400000000
0000000000000000000010008000000010000000001000000000000000000000
000000000000000002010000008000A408000000000000200000000000000000
000000000000000000F0048000100C4100000000008000000000005A00000000
00000000000000000060000002B000C000000000000000000000000000000000
000000000000000000000A0002000000C2020000C08000000000005800000000
00000000000000000250E2000100018200010100000000100000000000000000
00000000000000000440120000104C2880200008004000000800003400000000
0000000000000000000000000000000000000000000000000000000000000000
000000000000000001030A800000215030000000800020000800004400000080
0000000000000000000000000004E00C02008000002020001000000000000000
0000000000000000009006000000010010002000000000000000004000000080
0000000000000000020000000000C08000002000000000000000000000000000
00000000000000000000020000000000C000C0087012100C0000000000000000
0200000000000000000000000000000000000000000000000000000000000000
0000000000000000055085000000580000000400020000000000001C00000000
0000000000000000030020000000004420010010000000020000000400000000
0000000000000000005008000002110000000300508018000000000000000000
1000000000000000000000000000000000000000000000000000000000000000
0000000000000000000000000000000000000000000000000000000000000000
0000000000000000038026000264428C00000000000000001000000200000000
0000000000000000000101800000030080000040000000000000001000000000
000000000000000002800000000800E208422000080000000000000400000000
000000000000000004940B00001A91557001C008D0042E000800007400000000
0000000000000000036020000280009B00000000800000000000000000000000
0000000000000000000000000000000000000000000000000000000000000080
00000000000000000000A0000801000900000020000000000000000000000000
0000000000000000052400000002800000826408180004010000000200000000
0000000000000000040000000000002400002041040000000000004000000000
0000000000000000000003800020000000600018000020010000002800000000
000000000000000003046000310004AB00010000000000100000000000000000
000000000000000000240C000024D11810000018100050001000003600000000
000000000000000003004401000404BA0000D000120000000800001400000000
00000000000000000008D00001020C5000000098002000080800002000000000
0000000000000000000000000000000002418600200000400000000000000000
0000000000000000010080000002500000000120000000010000001000000000
0000000000000000000120000018405000000000000000000000000000000000
00000000000000000008008000000800200000000C0010000000000000000000
00000000000000000721268080062BFF00020000800020000000005200000000
000000000000000004820000AA010108C0000080000000000000003000000000
0000000000000000000000000000000000000000000000000000000000000000
00000000000000000410000106010000C0000000040000000000004000000000
000000000000000003640000000002DC110000408010200E0000004C00000000
000000000000000000331080000001201002000090042E000800002600000000
0000000000000000010000000000000020000001002000000000000400000000
00000000000000000402D40000005D1850400001000000001800005A00000000
000000000000000002044000120080A800000000000000200800002800000000
000000000000000004820880002B091F400002980062001C0800005E00000000
1000000000000000000000000000000000000000000000000000000000000000
0000000000000000001008002800100010800000000000000000001800000000
0000000000000000000000000100008008002000000000000000000000000000
000000000000000000060C800000FF561060001A000000010000000E00000000
0000000000000000020002004000A28200000000000000000800000000000000
0000000000000000008030000000181210000000000000200000000200000000
00000000000000000222C000000000D100060001800C40000000000000000000
0000000000000000000100800000000000000000000200000000000000000000
0000000000000000076140001080029A10004000000020000800005000000000
0000000000000000000008000000000000000080002000080000004000000000
000000000000000003864000200040EA00000000000000000800004800000000
0000000000000000000000000800010002000000000000000000000000000000
0000000000000000040000000000004200000000000400000800000000000000
0000000000000000001002800000030110000400102002080000002200000000
0000000000000000020000001040009700000000802000000000000000000000
0000000000000000000000000000000000100000000000000000000040000000
000000000000000000042000000000120820840C000000000000006400000000
0000000000000000040308000000010050000000041010040000000400000000
00000000000000000601C401001017F910000100000020000000006E00000000
00000000000000000005010000002330100E0003400020001000000000000000
1000000000000000000000000000000000000000000000000000000000000000
00000000000000000000020000200200A0000200408000000000000000000000
0000000000000000040080000000000900000200004004008000000800000000
0000000000000000000008000000005100000300000000008000006000000000
0000000000000000000000000000000000000000000000000000000000000000
000000000000000004020500002242000100010000D000300800004000000000
00000000000000000401A0000024202523000004002820000800001000000000
0000000000000000042004000000100000180000010000000000002400000000
0000000000000000040000000000004000008000402120000000000600000000
00000000000000000000008000003C0010200009100010000000000000000000
000000000000000002404080400002BB000800000000C0001000000600000000
000000000000000000000400000081015000E000000048000000001000000000
0000000000000000000800000080002040000000800020400000000000000000
0000000000000000001080000000110030480022000040000000000000000000
000000000000000002003000400130F500000000000020000000000400000000
0000000000000000001000800204032040012400018000000000000000000000
0000000000000000000000000000A43C08008100000000000800000000000000
00000000000000000002100000000000C0004001800006001000004800000000
0000000000000000030000000788004000000000000000000800000000000000
00000000000000000090120000021006201400229030240E0000003C00000000
1000000000000000000000000000000000000000000000000000000000000000
0000000000000000000000000000000000000000000000000000000000000000
000000000000000000000880001C605500000100000040000800000000000000
000000000000000000400700000818020030000C000200008000000040000000
00000000000000000003C300000C607C08000000000000100800000400000000
0000000000000000002200800000406048000000000002000000002000000000
0000000000000000000000000000000000000000000000000000000000000000
00000000000000000100148000205068E0040001100000001000000800000000
1000000000000000000000000000200100000000000000000000000000000000
0000000000000000040104000020021010880000000000000000003000000000
0000000000000000020000004002000200220040002000000000000000000000
000000000000000000100C000000333B10000000004800000800007E00000000
0000000000000000018040000404001C00000080000800000000001000000000
000000000000000000C81100000808040000000C100210004000007C00000000
0000000000000000020800000000008004000000800000000000000000000000
000000000000000000001000000A6243105000AC000500011000001A00000000
0000000000000000020A08000010A01800000000000000000000000000000000
0000000000000000001100800000484880000180004000000800004000000000
00000000000000000405A8000010606120000000000000001800000000000000
0000000000000000000100000000012090040003100080002800000200000000
0000000000000000020000000000028400000000000000001000000000000000
0000000000000000000101000000400410A0000C000C00020000001000000000
0000000000000000000020000000000840018880202000000800000000000000
0000000000000000001001000000080001000048005410100000000000000000
0000000000000000002020008000000C00040000000208000800000000000000
00000000000000000002108000000C0000000000140002000000000000000000
0000000000000000044520000000005008200010080002200000000000000000
000000000000000004D143000008B06701000008000600008000007800000000
0000000000000000010020000000005F00600000200000088000002400000000
0000000000000000000006000000000050000000008002001000002400000000
0000000000000000000000000004001000604800000200000000000000000000
00000000000000000000080000010102F0015800B4000E800000001000000000
00000000000000000200000004042A4400020000200020000800001800000000
000000000000000000120000003000400000031000F400240000000200000000
0000000000000000000000000000000000000000000000000000000000000000
0000000000000000000000800000000000000000000000080200000000000000
0000000000000000000020000000000000208000000008000000000000000000
000000000000000004901200001281714001C000B0001E000000003200000000
0000000000000000022000000000020800000040020000400000000800000000
0000000000000000000000000020040000002000000000000000000000000000
000000000000000002004000C008009000200000000020000000000000000000
0000000000000000000004000000000000001000000000000200000000000000
00000000000000000440C0000004004C2000C440000000000000002000000000
0000000000000000002002800000080080020800068020000000002800000000
000000000000000006102000044800FE00020000000000000800000200000000
0000000000000000005101000009040008000800040020000000004400000000
0000000000000000024042806080C19B00100004800300004000003000000000
0000000000000000000000000000000000000000000000000200000000000000
00000000000000000400A0000000405820604018004000119800000000000000
0000000000000000010008000000000050000000000000600000000000000000
0000000000000000034000000014002100001800000020000800000400000000
0000000000000000001080000002100740002000008002001000000400000000
0000000000000000000000000000000000000000000000000000000000000000
0000000000000000001180000000040010040002000510010000000000000000
0000000000000000000000000004200820030000000000600000000A00000000
000000000000000004131A000000D02F50000000000002001800005E00000000
0000000000000000028000000001208800000600010000008000000400000000
000000000000000000000C800000610010100000000100005000000000000000
0000000000000000000000000000000000000000000000000000040000000000
0000000000000000001180000010200002000018000100000000002400000000
0010000000000000000000000000000000000000000000000000000000000000
0000000000000000000004000000000000000000000000000000000000000000
0000000000000000062000000000008000000180000000020000000200000000
0000000000000000040092000000586A08040000100045801000003800000000
000000000000000001A420000404828500000000000000081000000000000000
0000000000000000000101000000204010000008000200004000000000000000
1000000000000000000000000000000000000000000000000000020000000000
00000000000000000000188001000108C0012000D0801C000000000600000000
0000000000000000000000000080000000018000000018000000000000000000
000000000000000004000D8000000C003004000810C010010000001800000000
0000000000000000004000000000000000000000000000002000000000000000
000000000000000000820A0000080104A0020018C00414018000000200000000
0000000000000000020008003608088B00000000802020000800000000000000
0000000000000000002001000000100100000008800220000000005C00000000
0000000000000000000000000004400020400210002000008000000000000000
00000000000000000100848000629B4010000200404050001000000E00000000
0000000000000004000000000000000000000000000000000000000000000000
00000000000000000040100000000204F0031000500007000000004600000000
0000000000000000020034005000408000000000000000000000000000000000
0000000000000000043211000002A60E5002C00050003C000000004800000000
000000000000000006224A80030080B000000000800000080000007200000000
000000000000000000620180004E1D3D0000000800011000C000005C00000000
00000000000000000200200080300C8000200000000200010800005000000000
0000000000000000000010000001000058020800500004000000000000000000
0000000000000000000000004000002A00810020000820000000000000000000
00000000000000000001820000005000101C0085006300003000001000000000
000000000000000006460000400800FF10420000800020000800001800000000
0000000000000000001112000018141750040000100080013000000600000000
000000000000000004006000000002090841C040020000000800000200000000
00000000000000000008D80000000C1038020400802000080800000200000000
00000000000000000060000000000642E8004000488004600800000400000000
0000000000000000000100000001004000000300008002000000004000000000
0000000000000000020604000210004200000100000000001000002800000000
00000000000000000032080000002136E0001A00068001800000003E00000000
0000000000000000000000000000000000000000000000000000000000000000
0000000000000000000020000000180010000000003000084000000000000000
000000000000000006024A800004606900000000000000001800000000000000
0000000000000000000002010C00006820014000000002000000001000000000
000000000000000006600000206028BF10010000000020000000002600000000
0000000000000000040200800001014280001000040010800000002000000000
0000000000000000002080000000205FC8000010002021200800002E00000000
000000000000000000000400A800000002000000008000000000004000000000
0000000000000000000400000000000101000000000000800000004000000000
0000000000000000000005000000100000000000000000000200004000000000
0000000000000000000000000010000002000000481800000000000000000000
000000000000000000C30300001001300100008400030009C000000000000000
0000000000000000020004004000008000000000000000000000000000000000
0000000000000000000400000022000002000008004010000000004000000000
0000000000000000020800000080008000000000000000000800000000000000
000000000000000004C0020000200979A0000000004000000000000E00000000
0000000000000000040060000000027D00000201000040001800000400000000
0000000000000000000A010000080808600000C8002000000000005800000000
000000000000000002F00080818003A900020000000000000000000800000000
0000000000000000000828000002061130020090000010000000000A00000000
0000000000000000020000000968004A00000000000000000000000000000000
0000000000000000000008000021020008000000100000000000000000000000
000000000000000003485401100104A000020000100000000000000600000000
0000000000000000000000800000000000000000000000000000000000000080
000000000000000002C040000000028000006400010004000000000000000000
00000000000000000001220000082E1010020040001030000000002400000000
0000000000000000008014005000008000000004800100000000000800000000
0000000000000000000202000000010010980000000100000000000200000000
0000000000000000000000000000008000000000000000000800000000000000
0000000000000000001094800000106E60000420100000101000001000000000
0000000000000000000000000000000000000800620000400000002000000000
0000000000000000044101000002402830180006000000000000005000000000
0000000000000000000000000000000000000000000000000000000000000000
000000000000000000010A000000010010000000000080044000007800000000
000000000000000006C04001808880F100000008000420208800000400000000
00000000000000000001060000002230B0000008000210000000002C00000000
000000000000000002004900600000A000000000000000000000000000000000
0000000000000000001010000000910850000000100020080800004000000000
00000000000000000000A0000004000109200000081100000800000200000000
0000000000000000000A020002088000200000008000000C0000000000000000
0000000000000000000400001014020508000000080020200000000000000000
0000000000000000000202000002000840008010A00016000000003000000000
0000000000000000020000000004000000400000000400800000000000000000
0000000000000000000001800008200291000040001200048000002000000000
000000000000000003000000028C008100000000000000000000000000000000
000000000000000000000C800000000000001000000000000000000000000000
0000000000000000028000000000008000004100020000000000000000000000
00000000000000000000000000084020034000EC001C800B8000000000000000
0000000000000000000000001080208000002000000000000800000000000000
0000000000000000004005000001000840000000000200000000004000000000
1000000000000000000000000000000000000000000000000000000000000000
0000000000000000000000000011081630001000000010000000001600000000
1000000000000000000000000000204A00000000000000000800000000000000
0000000000000000053412000002116740040000000010000000003000000000
0000000000000000034040000460004200000000000300000000004200000000
0000000000000000000000000003010018008000000000001000000800000000
1000000000000000000000000000000500000000000000001000000000000000
00000000000000000050010000000430E0000000102200110000001000000000
0000000000000000030000004000008000200000000000008000000000000000
0000000000000000006E04800000585A00000000000000000A00007200000000
00000000000000000798080000A802B500000000000000000000000200000000
0000000000000000001010000000040110048000300011000000000000000000
00000000000000000000E0000010003E00008000280000020000002000000000
000000000000000000001080010010002000030000C000480000002000000000
0000000001000000000000000000000000000000000000000000000000000000
0000000000000000001000000000104000000000008000000000004000000080
0000000000000000000000000000000000000000000000000000020000000000
0000000000000000000006800000000002000200800000000000004200000000
000000000000000007702600103C08FF00021000000000000800006A00000000
0000000000000000000000800000000004000000004001000000000000000000
0000000000000000000000000000002000000000000000000000000000000000
0000000000000000005601800020921DA0000008000018010800005200000000
0000000000000000020120000000000408000000000040000000000000000000
0000000000000000000000000100000020000408008000000000000000000000
0000000000000000000000000000000000000000000000000000010000000000
000000000000000000000200000000018000004A000000000000000000000000
0000000000000000020040000400008000000400000000000000000800000000
0000000000000000000005000000000001000000000000000000004000000000
00000000000000000204C2000000028608002000000000000000001800000000
00000000000000000090180000000100001000040028000E4000007000000000
0000000000000000066480000404202100000000002000009800000000000000
0000000000000000000004000000000010000080000000102000000000000000
0000000000000000000000000000000000000000000000000000000000000000
0000000000000000008004800000101450000000400000000000006400000000
000000000000000002200001002002C100000000000080000000000000000000
00000000000000000000000000000800031800020010000D8000000000000000
0000000000000000000000000000000000000000000000000000040000000000
00000000000000000008050000021000020000B9002000180000004400000000
0000000000000000040060000000000200000000000000000000000000000000
00000000000000000493060000024321101C0006000088006000001A00000000
00000000000000000212008040080C8400020000000000020000000000000000
0000000000000000003004800001000040020000800000000000004600000000
0000000000000000040400000000001C00C00140000000000000001200000000
00000000000000000200008000000D0210000018000008080000001800000000
0000000000000000000000000004000400008090002000800000001200000000
0000000000000000040003000000081020000040001010000000003000000000
000000000000000006034381041000BE00020000800020000000003000000000
0000000000000000000000010000080040000000001010004000004000000000
0000000000000000000000000000000000000000000000000000000000000000
00000000000000000041390000010F5250020098104000010800006400000000
0000000000000000040201000000607A08000000000000000800000000000000
00000000000000000070500000081C00E0024018900604018000005000000000
0000000000000000010040000012005000008040200000020000001000000000
0000000000000000000000000000400000080004002000100000000000000000
0000000000000000000000000000000000000000000000000000000100000000
0000000000000000048040000002410080810080002000080000003200000000
000000000000000000000000000000008C000018203000000000001000000000
00000000000000000093268000224F0490000000000000000000002C00000000
0000000000000000000010010011000000400000000000000800000000000000
0000000000000000004202000000014008000600028000C00000004000000000
000000000000000001000000000004A000000000000000002000004000000000
00000000000000000032120000028736F003C000F0000E000000001000000000
0000000000000000001020000000007500260003000040001800000000000000
00000000000000000003D40000000C4350000100000000001000006400000000
000000000000000007E4C000001C17F700020000800000000800005200000000
0000000000000000040410000000050050800000A0000A000000001000000000
000000000000000006808001009002A600020020800420008000000800000000
0000000000000000008602000000317010000008004000004000002200000000
000000000000000000080000000802A000220010000000000000000800000000
000000000000000004F20100001A1C5701120088002600098000005E00000000
0000000000000000010000000010000000002002000000000000000000000000
00000000000000000000020000080800C0100008001200050000004C00000000
0000000000000000000168000000205808000100200000000800000000000000
000000000000000000C0450000145C6610040100000000000000006A00000000
0000000000000000040A40000010400800004000000000080000000000000000
0000000000000000000000000000400210100000000900000000000000000000
000000000000000003004400A00802D700000000000020000800000800000000
00000000000000000490020000061853F0028000800008001000006E00000000
0000000000000000000400000008000008401080000000000000000000000000
0000000000000000002112000008000280300008104222018000002200000000
00000000000000000680040040000C8010000000000020000000004200000000
0000000000000000000002000100000000000800020108800000000000000000
0000000000000000020020010400029300024400000020000800000800000000
000000000000000000AA02000000000849000800800020040000000C00000000
0000000000000000000000000000000000000000000000000000000000000000
0000000000000000010014800000010310040000108028001000003A00000000
000000000000000002000000000000A000000080800000020800000000000000
000000000000000000016D80002C086010080004400090002800001E00000000
0000000000000000020000014000048800000000000020000000004000000000
0000000000000000001010800002010480000200000000000000000000000000
0000000000000000020050000080008800220000000000000000004000000000
0000000000000000003009000000800050014000900012000000000800000000
00000000000000000600040000C000A400100000000000040000000000000000
0000000000000000000080000000110020020008010000300000004000000000
00000000000000000000400040000A8000000000000000400000000000000000
0000000000000000000000000000000000000000000000000200000000000000
0000000000000000020020008000008100010004200000008000002000000000
0000000000000000006108000000911AE0028004000300010000003000000000
0000000000000000000080000000402900400110006300106800000000000000
000000000000000000080A000001800040000000800002080000004400000000
0000000000000000064BD280000D02A700000000000000000800002400000000
000000000000000001C001000002980208000040800020080000006C00000000
0000000000000000020400000012002800000000000002000000000000000000
0000000000000000000000000000100080000000240012000000000000000000
0000000000000000030000000000008200040000001020000000000000000000
00000000000000000001110000004C2010000000004040000000000000000000
000000000000000003000400010460C000000000000020000000000000000000
0000000000000000000205000022406240000000001000000200005000000000
0000000000000000020020000008008600000000000060000000000000000000
00000000000000000008020000000A022900080012201C800000003C00000000
0000000800000000000000000000000000000000000000000000000000000000
000000000000000000C405000000400840000000000000000000000000000000
0000000000000000000040000000000004000000000000201000000000000000
000000000000000000000D00000001000000001C000500000000000000000000
0000000000000000010040000000000000810010000000000000000800000000
000000000000000000400100000854000830009C000600008000004600000000
0000000000000000000000010001008000000000000100000800000000000000
000000000000000000100300000A10402B8000DC003610140000001C00000000
0000000000000000028000000000203804026000080000880000001400000000
0000000000000000000004000000000000000000000000000200000000000000
00000000000000000220010004A0008200000000000020000000001000000000
000000000000000000808A000000080010000000100005000000004800000000
000000000000000002404101C01008BF00120000000220010800000800000000
000000000000000004808100000C1055C00004040002000C0000006E00000000
00000000000000000680060120000AA400000000000840000000000800000000
000000000000000000000C00000400081058000C00018001C000001000000000
000000000000000007050001001486D900000000000000000800000000000000
0000000000000000005001000000180000100000000000008000003040000000
0000000000000000000000000000000000000000000000000000000000000000
00000000000000000080988000000C0018000400020000480000004800000000
0000000000000000020140010000008400000000000000400000000000000000
0000000000000000001002000002080000180006000018004000007C00000000
0000000000000000010420001014008000000000000000040800000000000000
0000000000000000000000000000000010000000100000000000000000000000
000000000000000002000000C000E08000020000002000000000000000000000
0000000000000000001008800000000000000000000000200000001400000000
000000000000000002284D0000000AFF00000000000000000800000800000000
0000000000000000000004000000000000000000000000000200000000000000
0000000000000000040628000016007C00000000000000001800000000000000
0000000000000000040101000010010000580000900110006000001000000000
000000000000000002801000504000A100000000800000000000004200000000
000000000000000000215480000A186230380004004000015800001400000000
000000000000000002E2E000018021FB00000000000000000800000600000000
0000000000000000004010000018100000000028000000000800000800000000
0000000000000000020048002000608000002000080024000000000000000000
00000000000000000422100000030E5FC0039000F00029000800003E00000000
0000000000000000020000000000004C08028020010000000000000000000000
0000000000000000001218800002030018000000800020000000004000000000
0000000000000000040000000000000128002000000008000000000000000000
0000000000000000003000000003000048020000004000200000004000000000
1000000000000000000000000010000000000000000000000000000000000000
0000000000000000000000018000080021080000000000000000000000000000
000000000000000002000000040140A000000000000000000000000000000000
0000000000000000017004000000485A40000000020011000000006A00000000
000000000000000006434100041010BF00030000400030200800007E00000000
0000000000000000000000000000000000000000002000000000000000000000
0000000000000000040000000800202200000001000000100000000400000000
00000000000000000000000020000000000000110000200000000B0900000000
0000000000000000000000010000000000000000000000000000000200000000
0000000000008000000000000000000000000000004000000000000000000000
0000000000000000000000000010000000000000000000000000000010000000
00000000000000000012000000000014008300180000000000000A0100000000
0000000000000000040000000040002000000000000000000000000002000000
000000000000000002EA0000F890042408000000004000000800000000000000
0000000000000000000000000000000000000000000000000000000000000080
0000000002000000000000000000000000000000000000000000000000000000
0000000000000000000120000015001000000000000000000000000000000000
0000000000000000000910000000001008000000008000000000000000000000
0000000000000000000000000010000000000000000000000000000004000000
1000000000000000000800000000000000000000000000000000000000000000
0000000000000000000060000102001400001000000000000800000000000000
00000000000000000000800000000000C80000000008400000000E0100000000
0000000000000000000000000000000000000000000002000000000000000000
000000000000000001000000400000100800000000000000000002C000000000
0000000000000000000000000000000000000040410000000000000000000000
0000000000000000000800000000000040000000004000000000048100000000
0000000000000000000002000000000000000000000000000000000000000000
0000000000000000000000000000000000000000000000000000000000000000
0000000000000000000000000140200000000000400008000800000000000000
0000000000000000038A10000208040608000000000000000800000000000000
0000000000000000000020000010000000000000000220004000000200000000
0000000000000000000800000010000010000000000000000000001100000000
0000000000000000000000000000000000000040000400000000000000000000
0000000000000000000000001000020000000000004000000000068100000000
0000000000000000000000000000600000000000000010000000002240000000
0000000000000000000000000000000000400000000000000000000000000000
0000000000000000000021000800000000000000000000000000000000000000
0001000000000000000000000000000000000000000000000000000000000000
00000000000000000070000000000336C820001620200C100000007000000000
0000000000000000011A00000008006100000401000040000000078100000000
0000000000000000040010000010006800800082100010000800000600000000
0000000000000000058200000400000522446000000000000000000000000000
0000000000000000044000000000000000000000000000000000000002000000
0000000000000000000010000000000000000000000000000000000000000000
0000000000000000000000000000000800000000000000000000000002000000
0000000000000000040000000008004800000000000020000000088100000000
0000000000000000000000000000000000000000000000000000000000000000
0000000000000000000100000004020000400000008000001000000000000000
0000000000000000000040000010000000000840000004400000000000000000
0000000000000000040A100000001035608080000001000000000E9700000000
0000000000000000000000000001000000200000000020020000000200000000
0000000000000000006000000000000AC24E60000000000000000D0000000000
0000000000000000000000000000000000000000000000000000000040000000
000000000000000005FE00000000407DE27080100000000A08000FFF00000000
0100000000000000000000000000000000000000000000000000000000000000
0000000000000000005000000000045C00008001000000000000008100000000
0000000000000000000008000000000000000000000000000000000000000000
0000000000000000000000000000000000000000000000000000000000000000
0000000000000000000000000000000000020000002010000000000000800000
0000000000000000000000000000008000000000000000000000000000000000
0000000000000000000000000000000000000000000000100000000000000000
000000000000000005CA0000000000012B004080000008019000000000000000
0000000000080000000000000000000000000000000000000000000000000000
0000000000000000010800000000482000022002001000084000098500000000
0000000000000000000000000000800000000000000000000000000000000000
0000000000000000001000000000000000000001000880000000093100000000
0000000000000000000000010000000000000000000000000000000000000000
000000000000000000880000500000000800000010004000000002C100000000
0000000000000000040020000000024A00020040000008000000000800000000
0000000000000000000000000020000000800000000000000000088000000000
0000000000000000000000000000000000000000000100000000000000000000
0000000000001000000000000000000000000000000000000000000000000000
0000000000000000000000000000000000000000000000000000000000000080
0000000000000000010880000008014022400800000000080000000000000000
0000000000000000000000000000000400000400000000000000000200000000
0000000000000000002000000180010008000000000000008000000000000000
0000000000000000000000000000000000000000000000000000000000000000
0000000000000000021200001000000400801000004200100000048100000000
0000000000000000041000000000000000600000100000000000000000000000
00000000000000000008000000000084000000004042002000000C0100000000
0000000000000000000000000010000800200062400002080000004200000000
0000000000000000000080000000002080040000000000000000028300000000
1000000000000000000100000001001000000000000000000000000000000000
000000000000000004900000000000A188044000000000000000080100000000
0000000000000000000000000100000000000000080004000000000200000000
000000000000000003FE00001418010408400082000004000000000000000000
0000000000000000009020000000002B01004082B00080000800002200000000
000000000000000000080000B080020002400000000000000000000000000000
0000000000000000000000000001A00240101001000008100000002200000000
0000000000000000009E1000000C184348808C000000040008000FAF00000000
0000000000000000000000010000000000000000000000000000000000000000
0000000000000000004600001000008000000000000000080000010100000000
0000000000000000000000000100000000000010000000006000000000000000
0000000000000000000100000000000002800000000000000000042100000000
0000000000000000000002000000000000000200000000060000000000000000
0000000000008000000000000200000000000000000000000000000000000000
0000000000000000000000000000000000000000100000020000000000000000
000000000000000004160000000000D0A0854004000000000800050000000000
0000000000000000000000000000000000000000000400000000000000000000
00000000000000000010000000000806000882000400000000000C0500000000
0000000000000000000000000000000000000000000000000008000000000000
0000000000000000000000000080000000400004008000000800000000000000
0000000000000000000002000040000000000000000000000000000000000000
0000000000000000002000006000000000000000000000000000030100000000
0000000000000000000002000000000000000000000000000000000000000000
0000000000000000054840000008000408408800000000000000000000000000
0000000000000000000000000000000000000000000000000000000080000000
0000000000000000002100000000007A000000800000200188000E0700000000
0000000000000000000000000000000000000000000C00000000000000000000
00000000000000000004000000001000408000000000000280000B0100400000
0000000000000000000000000000000000000000000000000000000000000080
0000000000000000005E10008000005008400000008000000000000000000000
000000000000000004000000001000110000108C012000000000004800000000
0000000000000000000000000000000000004400000202100000062100000000
0000000000000000000040008001C07228000100000000000000000A00000000
0000000000000000000020000000008000000000000000000000000100000000
0000000000000000040000000000000000000000000000000000000080000000
0000000000000004000000000000000000000000000000000000000000000000
0000000000000000000000000000020000080000302000100000000000000000
00000000000000000506000000004936080000000000022008000FC900000000
0400000000000000000000000001000100000000000000000000000000000000
0000000000000000010CD0000008000000404000000000000800000000000000
0000000000000000054020000000600000000000000000000000000000000000
0000000000000000042EC000000000440002000004020000100006C100000000
0000000000000000000000000000000000000000000000000000000000000000
0000000000000000001610000008010000504180008000001000000000000000
000000000000000004702000000CE07F40000000000008000000000800000000
000000000000000004FA100000005043C882C8000000000000000F9100000000
0000000000000000000000000000000000000000000000000008000000000000
0000000040000000000000000000000000000000000000000000000000000000
0000000000000000000000000040600000000000000014005000000000000000
0000000000000000000400000000000000008000008040000000060100000000
0000000000000000000000000000000000000000000000000000000000000000
0002000040000000000000000000008000000000000000000000000000000000
0000000000000000000300000018007A00010004400080002000001A00000000
0000000000000000004A000000001402000000000800400000000F8100000000
00000000000000000400200000000040008000000A0003000000010800000000
0000000000000000020100000000000008000002000000000000000000000000
0000000000000000040800000001C00400000020020000020000001200000000
0000000000000000039090001008065F00000000004000000800000000000000
0100000000000000000000000000000000000000000000000000000000000000
00000000000000000414200000000050400000000001000800000E0100000000
0000000000000000000000000000210500201000000000000000000000000000
0000000000000000008C00000008008002406000000000000000000000000000
0000000000000000000000000100801000000020000000000000000000000000
0000000000000000008200000020000802000000000000000000050900000000
0000000000000000000000000000000000000000000000000000000090000000
000000000000000002C100001000000000000000010000000000000000000000
0000000000000000000000000000000000000000000000000000000010000000
00000000000000000000000080000000000040000000000000000C8300000000
0000000000000000000000000000001000000000080000800000000000000000
000000000000000004402000002010468862C0000000020408000D4D00000000
0000000000000000000000800001000000000000000000000000000000000000
0000000000000000001E00000200000000400000000000000000000000010000
0004000000000000000000000000000000000000000000000000000000000000
00000000000000000200000040000000080000000000000000000A0100000000
0000000000000000000000000000000000000000000010000000000000200000
000000000000000001FE0000002D004B480002000000000018000FED00000000
0000000000000000000000000000202400000200002000000000000000000000
000000000000000004EA0000000802A103480000000000000800000000000000
0000000000000000000000000000200000000000000020000000000C00000000
0000000004000000000000000000000000000000000000000000000000000000
0000000000000000001000000000000120000400000000884000000000000000
0000000000000000011C00000088000000000000000000018000080900000000
0000000000000000000000000000000000000000000000000000100000000000
000000000000000000EC000010030872000000000000000100000FCD00000000
0000000000000000000000000000000000000000000000000000000000000000
0000000000000000002600000000005908000000008108001000000000000000
000000000000000005002000001000000000401240008C180000001000000000
0000000000000000010000000020000008000000004200000000010100000000
0000000000000000000000010000000000000000000000000000000000000000
000000000000000000EE00001020005D0000000000001100080007DF00000000
0000000000000000000000000000000000000000010000000000000000000000
0000000000000000000000004000000000000000000040000000000000000000
0000000000000000000000000000000000000000000020000000000000000000
000000000000000000E800000080002808000004000100000000004600000000
0000000000000000000000000000000000000000000000000000000000080000
0000000000000000000000000000000000000000000000000000000100000000
0000000000800000000000000000000000000000000000000000000000800000
0000000000000000005C000010000010100000000000000000000C1000000000
0000000000000000000000000000000000000000100000000200000000000000
0002000000000000000000000000000000000000000000000000000000000000
0000000000000000000000000000000000020000300008004000000000000000
0000000000000000001E0000000000C00A006000000000000000000000000000
0000000000000000000000000000000000000020010000000000000000000000
0000000000000000059200000000004040860000003840000000079F00000000
0000000000000000000000010000000000000000000000000000000000000000
000000000000000004CC00000002082008C6C41C0000020008000FE300000000
0000000000000000000000000000002000040000010008008000000000000000
000000000000000000B0000000000000080080000000400000000F0100000000
0000000000000000000000000000000040000000000020000000000000000000
0000000000000000020ED000100804000000400400C000000000000000000000
0000000000000000000060000000005060000050000020010000000000000000
0000000000000000010400000008800040000000080000008000021000000000
0000000000000000000000000000800000000000000000000000000000000000
0000000000000000020800000000D000000000800000020000000EA900000000
0000000000000000017000000000013E48042300004000101000000000000000
0000000000000000001800000000000000400000000000000000000000010000
0000000000000000000000000000000004000000000000000000000000000000
0000000000000000000000000000000000000000000000000000000000002000
0000000000000000000000800000000000000000000000000000000000000000
0000000000000000000000000020000000002000000000000000000100000000
0000000000000000000008000000000000000000000000000000000000000000
00000000000000000008300000001000800044000000000100000F8900000000
0000000000000000000000000100000201000040000000000000000000000000
0000000000000000023000004000100408000000000000000000085300000000
0000000000000000000000000100000000000000010000000000000000000000
000000000000000004EAD0000000005B0800800000000000180007A900000000
0000000000000000100000000000000000000000000000000000000000000000
0000000000000000001000000200641840000000000000000000098900000000
0000000000000000000000000040000000010000000000000000000000000000
0000000000000000000000000000000000000000000000018000000000000000
0000000000000000000000010000000000000000000000000000000000000000
0000000000000000004010008020000000008000000000000000030000000000
0000000000000000000000010000000000000000000000000000000000000000
0000000000000000000810001000000020000000000000000000000000000000
0000000000000000004000000100010000002000000000004000000000000000
0000000000000000016A0000000200E34000000000000008000003E900000000
0000000000000000000000010000000000000000000000000000000000000000
000000000000000000468000000C0022000000000002020010000B2300000000
0000000000000000000000000000000000000000000000000000000080000000
0000000000000000003A40000000008303004002006000000000000000000000
0000000000000000000000010000000000000000000000000000000000000000
0000000000000000000000000020000000000000000000010000088100000000
0000000000000000000000000000C00000000000000000000000002000000000
0000000000000000000000000880000000000000000000000000000000000000
0000000000000000000000000000010000000000120000000000000000800000
0000000000000000000000001000000248010000000001000000000000000000
0000000000000000000000000001A00000200000000080000000000000000000
0000000000000000020000000000000000000000000200010000000000000000
0000000000000000000000000000000020000000000004000000000080000000
00000000000000000168000000040061000000000008000000000A4D00000000
0000000000000000000000000004A00000000440400000000800001C00000000
00000000000000000132000000000822600600100040000000000E3100000000
0000000000000000000000000000000000000000000000000000000000080000
0000000000000000006C0000600006000800000000C000000000000000000000
0000000000000000000000000000000000200022200800000000003800000000
0000000000000000000000000000000004020000000000000000000800000000
0000000000000000000000000000004200000000000000000000040000800000
0000000000000000000000000000000000000000000000000000000000000000
0000000000000000000001000000000200000000000002100000000400000000
0000000000000000000010000008000000000000000000000000080100000000
0000000000000080000000010000000000020000000000000000000000000000
00000000000000000042000001880004400000000000100000000A9900000000
0000000000000000000020000040000100000004012000004000000C00000000
000000000000000000EE1000000000014000000000000004180002F900000000
0000000000000000000000000000000A00001080140800000000001400000000
000000000000000000008000000C4000000000000008000800000D3900000000
0000000000800000000000000000000000000000000000000000000000000000
0000000000000000000000008000000000000000000000000000000000000000
000000000000000004E200000000207E40002000000000002000000200000000
0000000000000000000000004000000000000000000000000000200000000000
0000000000000000000004000000000000000000000000000000000000000000
0000000000000000000080000000000000000000000000000000000000000000
0000000000000000000000000000000000000000000000000000000000000000
000000000000000000F400007020002A085000000000000800000BB900000000
0000000000000000000000000000000000000000000000000000000002000000
000000000000000000720000000030400040800200000100000008CB00000000
0080000000000000000000000000000000000000000000000000000000000000
0000000000000000007400000009D02000000000000000200000098100000000
000000000000000000082000010140000000000000010C000000000000000000
0000000000000000000000000080000000000000000000000000010100000000
1000000000000000000000000000000040000000000000000000000000000000
0000000000000000004C2000000000B82A008000000000000000030100000000
0000000000800000000000000000000000000000000000000000000000000000
0000000000008000010500000208000809000084100000000800000000000000
0000000000000000000000000007000000200000000000000000000000000000
00000000000000000008000000000000000640000002000100000E8100000000
0000000000100000000000000000800000000000000000000000000000000000
0000000000000000000200007000000000000000000040000800018100000000
0080000000000000000000000000800000000000000000000000000000000000
0000000000000000000000000000000009004024000000218000010000000000
0000000000000000000000000010800000100000000008100000000000000000
00000000000000000008000000000846208600200000000000000E0000000000
0000000000000000000000000000000000000000000000000000000400000000
0000000000000000000010000080000000000000000000000000000000000000
0000000000000000040000000006003080000000000000100000000400000000
0000000000000000000880000000008000804000002000000000065900000000
0000000000000000000000000000000000000004082010000000000000000000
0000000000000000008000000000000000040000001000000000018000000000
0000000000000000000008000000000000000000000000000000000000000000
0000000000000000040800000008010001008400000000000000000000400000
0000000000000000000000010000000000000000000000000000000000000000
000000000000000000080000000000004004000008000000000004A100000000
0000000000000000000000000000000000000000000000000000100000000000
00000000000000000028000010000018080000010008000200000BE100000000
0000000000000000000000000000000000000000000080000000000000000000
00000000000000000100000020000020000000000000000000000A1100000000
0000000000000000045080000011817A82100090040000000000042200000000
0000000000000000001F00006000004400000000800001080000080000000000
0000000000000000000000000000000000000000000000000000000080000000
0000000000000000000010000000000000000000000000000000000100000000
0000000000000000000000800000000000000000000000000000000000000000
0000000000000000018000004000000010000000000001000000040100000000
000000000000000000000000004000000000000A100000800000000000000000
0000000000000000000200000008000009400000000000000000000000000000
0000000000000000000000000000200000000000000000000000000000000000
0000000000000000000000000000040010000000000800000000080100000000
00000000000000000040000000006100C0000000000000000000000000000000
0000000000000000000000000000000000000000000000000000000000002000
0000000000000000000000000014A10440000000004000000800000010000000
0000000000000000010000000000000020400000000000000000000000010000
00000000000000000400A0000301000B80000000000000001000000000000000
0000000000000000000610000000080000000004000100000000050100000000
00000000000000000430A0000006000200101010120100000000000000000000
0000000000000000000000000000000002000000000000000000000000000000
0000000000000000000001000000000000000000000000000000000000000000
0000000000000000006200000000401800000000000002048800090100000000
0000000000000000000000000010000000000000000000000000000000000000
0000000000000000000000000020000001808800000000000000000000000000
0000000000000000000000000000000000000000000000000000000000000000
0000000000000000010C00000080001008000004000100000000000000000000
0000000000000000000000000000000000000000000000000000000000000000
0000000000000000000000000400000000002000000000000000000000000000
0000000000000000000000000000000000000000000000000000000080000000
0000000000000000000E00000988009E08000000000000000000000000000000
000000000000000000000000000000000000001020000C400000000000000000
0000000000000000037A000000003406400000000002220000000BED00000000
0000000000000000000000010001000000000000000000000000000000000000
000000000000000005FE00000028457F480000000000400398000FBF00000000
0000000000000000000000000000000000000000000000000000000002000000
0000000000000000005E8000000C00A5010C2002000000000000000000000000
0000000000000000000000010000000000000000000000000000000400000000
0000000000000000010E1000000001080900000C008000000000000000000000
0000000000000000000000000004004900000000200008100000000A00000000
0000000000000000000000000000000000408000000000000000020100000000
0000000000000000040180000101000040000000000000000000000200000000
0000000000000000010100000080002008000000000010000800071100000000
0000000000000000000020008000600000000000000000000800002000000000
0000000000000000001A10000008000000500000008000000000000000000000
00000000000000000000000000000000000000000A0002000000000200000000
0000000000000000000000000008008000000008000000000000000000000000
0000000000000000000000000010000000000000000000000000000080000000
0000000000000000015210000000018109000000000000000000000000000000
0000000000000000000000000000000000000000000000000000000010000000
0000000000004000000000000000000000000000000000000000000000000000
0000000000000000000020000000000000000000020000080000000000000000
0000000000000000000000000000000000008008001000000000000000000000
0000000000000000000000000000000400000000000000000000000000000080
0000000000000000000000000000000000000000000000000000000000000000
0000000000000000000000010000010000000000000000000000003600000000
000000000000000003EE8000000807B728000006000000000800000000000000
0000000000000000040080000101105A00000000000000000000000000000000
0000000000000000000A00001400013108000002008001000000000000000000
0000000000000000000000010000000000000000000000000000000000000000
0000000000000000056A00000080064728000000000000000800000000002000
0000000000000000000040010004000000100020010000000000000000000000
0000000000000000043400000000000008023400004000000000024100000000
1000000000000000000100000001000000000000000000000000000000000000
0000000000000000042E90000008000100406000003000000000000000000000
0000000000000000000000000000800000000000000000004000000000000000
0000000000000000000400000020000000408000040000000000000000000000
00000000000000000000000000000128000200000100200008000000C2000000
0000000000000000000200008000000000000000002000000000000000000000
0000000000000000000000010000000000000000000000000000000000000000
0020000000000000000000000000000000000000000000000000000000000000
000000000000000000400000000199424000C000200000080000002600000000
0000000000000000000000000000000004000000001000400000030100000000
0000000000000000000000000004040000000000000000000000000000800000
0000000000000000000000000000000000000000000000000000000001000000
0000040000000000000000000000000000000000000000000000000000000000
0000000000000000067E000000000175E18DCC24001000000000000000000000
0000000000000000000000000000000000000000000000000000000000000000
0000000000000000002000008000020000000002040000000000000000000000
0000000000000000000000000040000004000000020000000000000000000000
0000000000000000002A8000002C0250088000000000000010000B8100000000
0000000000000000000000000000000000000000000000000000000010000000
0000000000000000000800000000008008000000000000000000000100000000
0000000000000000008000000040010200000200002100400000000000000000
0000000000000000010C00000000008200400004000000000000000000000000
0000000000000000000000080000000000000000000000000000000000000000
0000000000000000000000000080000000000000000000000000020000000000
0000000000000000000000000000000000000000000000000000000000000000
00000000000000000152000000020000000001000000010008000C9700000000
0000000000000000000000800000000000000000000000000000000000000000
0000000000000000002400000080001008000000000000000000018100000000
0000000000000000000000000000000000020000000000000000000000000000
00000000000000000008000000001000002004000000004000000C2100000000
0000000000000000040000000010800960000000040100000800002200000000
0000000000000000000000000000008000800808000000000000052100000000
0000000000000000040000000001812320000200020000000000000200000000
1000000000000000005AC000000801A50800400000C000000000000000000000
0000000000000000000000000800020004000480400000000000004200000000
0000000000000000000000000000000000000000100040000000010000000000
0000000000000000000000000000000000000000040000002000002000200000
0000000000000000003CC0000000040000018400000000000000000000000000
0000000000000000000000800000000000000000000000000000000000000000
00000000000000000010000001000002000000000000000000000E8100000000
0000000000000000000000000004000000000000000000000000002000000000
000000000000000004840000020000020A00010008004000000003E000000000
0000000000000000000000000001000000000000000000000000000000000000
000000000000000004000000000010000040C000000040000000040100000000
0000000000000000000000000000000000000000000200000000000000000000
000000000000000005FE00000003085EC08000000000000110000F9D00000000
000000000000000000A0000000000010A0200102000000000800000000000000
00000000000000000040000040000000000000000004000000000F8100000000
00000000000000000000000000000000000000000000000000000000A8000000
0000000000000000001880000000008101884000000000000000000000000000
0000000000000000002260000100000940000000000080004000000000000000
0000000000000000000000000000000100810000000000000000040100000000
0000000000000000000002000000000000000000000000060000000000000000
0000000000000000002000000008006408010008000000003000084400000000
0000000000000000000000000000000000000000000000000000000000800000
000000000000000004A60000000800302A446000001000000800000000000000
0000000000000000000000000000001040100000000008800800000000000000
0000000000000000000200000008030008000000008000001000000000000000
0000000000000000000000000000004700000000000000000800000040000000
0000000000000000000000000000000000008000000000000000018100000000
0000000000000000000000000000000000000000000000000004000000000000
0000000000000000000110000000000240000000000000000000082000000000
0000000000000000000020008804002840000000020000000000000C00000000
000000000000000001FAF0000000103D480000004001000180000EB900000000
0200000000000000000000000000000000000000000000000000000000000000
0000000000000000014A00001000000000000080000000000000020100000000
0000000000000000000000000000000000000000000000000000000000000000
0000000000000000023800000000041C00000000000000040000072100000000
0000000000000000002000000040002A00000000000000000800000200000000
00000000000000000424000000000088480080080000000000000AC500000000
0000000000000000000000010000000000000000000000000000000000000000
000000000000000000A0C000000000018000800C0000000000000B8700000000
0000000000000000000000000000200000100400100000100000000200000000
00000000000000000008C0000000000000128000001000010000018100000000
0000000000000000000000000001000000000000010000800000000000000000
0000000000000000000200000000010000400000000200010000028100000000
0000000000000000000000000000000000000020020000060000000200000000
0000000000000000000E40000000003140804000004200103000064300000000
0000000000000000000000000000800000000000010800000000000040000000
0002000000000000002000000000008000000000000000000000000000000000
000000000000000000C120000001007BE0002000000001100000000400000000
0000000000001000000000000000000000000000000000000000000000000000
00000000000000000405A0000000006F00200000016002001800003400000000
0000000000000000001A000000000000020040000030000500000E0000000000
0000000000000000000000010000010000000000000000000000000000000000
0000000000000000001200000200000000000000000000080000018100000000
0000000000000000000008000000000000200080000000000000000000000000
0000000000000000049E1000F000000008000000000000000000000000000000
0000000000000000000000000000000000000000000000000000000000000000
0000000000000000049600001000000000400000000300008000000000000000
0000000000000000000000000010C00000000000000001000000004800000000
0000000000000000010A000000020801000000000000000000000FAD00000000
00000000000000000000000000000000000A0000008220000000000000000000
0000000000000000000000000000000000104000001000000000080000000000
0000000000000000000000000010000000000000000000000000000004000000
00000000000000000094800000000010000388080040020000000DC100000000
0000000000000000000002000000000000000000000000000000000000000000
0000000000000000000000000000008000000000000000000000000000010000
0000000000000000010000000000000000000000000000000000000010000000
0000000000000000004800000080000000000000000010000000040100000000
0000000000020000000000000000000000000000000000000000000000000000
00000000000000000008000000020880000040060000000000000E8100000000
0080000000000000000000000000800000000000000000000000000000000000
0000000000000000000000000008000000010000000000000000080000000000
0000000000000000000020000010027F00000000002000801800004400000000
0000000000000000003400004000001A400000010000000000000D5B00000000
0000000000000000000000000000000000000004000080000000000000000000
0000000000000000001600000628004000000000000000000000029100000000
00000000000000000401A0000007C00000200000022080000000000C00000000
0000000000000000045C00000000002403000000004000008000000000000000
0000000000000000000000010000000000000000000000000000000000000000
0000000000000000002600007000000B000000003000010000000B8900000000
0000000000000000000000000000000000000000214180000000000000000000
000000000000000000B010001000002000002000100000000800000000000000
0000000000000000000000000010000000000000000000000000000010000000
00000000000000000130100000000040608008000000000800000E1100000000
0000000000800000000000000000000000000000000000000000000000000000
0000000000000000004200000480000100000000000000001000000000000000
000000000000000001A300000000005800020010000088010000007A00000000
0000000000000000005C80000008042808004004104000000000000000000000
0000000000000000009040000000A01010200000204001000000000200000000
00000000000000000080000000000002000040000000420400000F8100000000
0000000000000000000000000000040000000000000000000000000000800000
0000000000000000000000000000000000000000080000000000029000000000
0000000000000000000000000014000400001200000000000000000000000000
0000000000000000002450000000000000000000000000000000050100000000
0000000000000000000410000050005900020001000000010800000000000000
0000000000000000000C80008000008002006000000000000000000000000000
0000000000000000000000000001000000000000000000000000000000000000
0000000000000000008C0000000000E320000010000000000000089500000000
0000200000000000000000000000000000000000000000000000000000000000
0000000000000000051000001A0000A000000000000000000000000000000000
0000000000000000000000000010800000000000000000000000000000000000
00000000000000000040000010001000080000040020000010000A0000000000
0000000000000000045400000040001820000000020000000000001000000000
0000000000000000000210000000100000810008000000020000008100000000
0000000000000000000000000004002000200001000000000000000000000000
000000000000000000CC0000000000810002C4084000000000000D8100000000
0000000000000000000000010000000000000000000400000000000000000000
0000000040000000000000000000000000000000000000000000000000000000
000000000000000000400000000420734804038428010004080000A000000000
0000000000000000040810008000000000400000000000000800000000000000
0000000000000000000020000044000800810002200010050000000000000000
0000000000000000000000000008000002400000000000000000080100000000
0000000000000000006180000000210C88000004000000000000000200000000
0000000000000000000000000000000010800000000800000000000000000000
0000000000000000000000000000000000000000000000000000000040000000
0000000000000000000000000000000000008800000000000000000100000000
0000000000000000000000000000000208000000000000000000000010000000
0000000000000000000000004000000000000000000000000000000000000000
0000000000000000400000000000200000000000000000000000000000000000
000000000000000000160000800800800800000000C000000000000000000000
0000000000000000000000000000000000000000000000000000100000000000
0000000000000000008800000000000000000C010000000000000A2100000000
0000000000000000000000000000000000000000000000040000000000000000
0000000000000000000200008000000000402000008000000000000000000000
0000000000000000000000000000000000000000000000000000000000000000
0000000040000000000C00001000000000004000004000000000000000000000
0000000000000000000000000000000000000000400000000000000000001800
0000000000000000000000000020000040008000000000080000000100000000
0000000000000000000000000000000000000000000000000000000080000000
0000000000000000002800002188000008400000000000000000000000000000
0000000000000000040060003100801700000000000000000000005800000000
0000000000000000016A00000000100000000200000040000000058100000000
0000000000000000000100000000000040000000000000000000000000000000
0000000000000000042ED0000000002509004004004000000800000000000000
0000000000000000000002000000000000000000000000000000000000000000
0000000000000000020000000000000000000000000020000000028000000000
0000000000000000000004000000000000000000000000000000000000000000
0000000000000000023C0000000806D100040000004000000000000000000000
0000000000000000100000000000000000000000000000000000000000000000
0000000000000000033280000008019D004C4002000000000800000000000000
0000000000000000002180000046003600040000020000000800000000000000
0000000000000000006AC0000000000000004000000000000000044500000000
0000000000000000000000010000000000000000000000000000000000000000
000000000000000000040000000000020841800000800000400000A800000000
00000000000000000000000000000000000000000000000000000000C0000000
0000000000000000040000000000008200008000000000000000002100000000
0000000000000000000008000000000000000000000000000000000000000000
0000000000000000000800000008000002400000108000000000000000010000
0000000000000000000000000012000004000000010000440800000000000000
0000000000000000011E0000000010602821800000200008000007D100000000
0000000000000000000000000044001000000000020080000000000000000000
0000000100000000000000000000000000000000000200010000000000000000
0000800000000000000000000000000000000000000000000000000000000000
0000000000000000000800002000000000000400200000000000062100000000
0000000000000000000000010000000000000000000000100000000000000000
0000000000000000004A00000020000000000000001001000000010100000000
0000000000000000000005000000000000000000000020000000000000000000
0000000000000000013E00001980000008046002000000000000000000000000
1000000000000000000000000000000000000000000000000000000000000000
00000000000000000000000000000000000000000000000000000C0000000000
0000000000020000000000000000000000000000000000000000000000000000
0000000000000000004E0000000000556A406006008000000800000000000000
0000000000000000000000000000000000000000100000000000000010000000
0000000000002000009E1000000000772840400400C000000800000000000000
0000000000000000000000000000004000000000001004020000000000000000
0000000000000000001C800000000000020000880000000000000D0000000000
0000000000000000000000000000200000000000000020000000000000000000
00000000000000000002C00000000001080080000000000000000C8000000000
0000000000000000000008000000000000000000000000000000000000000000
000000000000000004D4000002080001400000000000000000000FDF00000000
0000000000000000000000000001000000000000010000400000000000000000
0000000000000000000000001208000800000000000000000000000000000000
0000000000000000000000000000000000000000000020000000000000000000
000000000000000001EE000000000036C08000000008401000000AED00000000
0000000000000000000000000001000000000000000000000000000000000000
0000000000000000009A10000000003BA0800000000002000800078500000000
0000000000000000000000000000000000000040000000000000000094000000
0000000000000000000800000180000000000000000000080000050000000000
0000000000000000000020000000012000000000000000000000100000000000
00000000000000000200800000000000000000000000001000000C0000000000
0000000000800000000000000000000000000000000000000000000000800000
0000000000000000000000000000000000400000000000000000000000000000
0000000000000000000000000000000000000000000000000000000000000000
0000000000000000000800000000000000000000000000000000000102000000
0000000000000000000000000001000004001040000000800000000000000000
000000000000000000143000000000090A002000000000000000088100000000
0000000000000000000002000000000000200000000000000000000000000000
0000010000000000000000000000008000000000000000000000000000000000
0000000000000000000000000000010000000000000000000000100000000000
0000000000000000046A0000500000324800000000A001000800000000000000
0000000000000000004020000010202240000000001080000800000000000000
0000000000000000013610000000002008004000008000000000000000000000
0000000000000000000000000000000000000000000000000000000000800000
0000000000000000000800000080000000000000000000000000000000000000
0000000000000000000000000001000000000020000000000000000000000000
0000000000000000000000000000000000000001000000000000000500000000
0000000000000000000000000000000000000010000000000000000018000000
0000000000000400000000000000000000000000000000000000000000000000
0000000000040000000000000000000000000000000000100000000000000000
00000000000000000018000000021010080000000000002000000FA100000000
0000000000000000000004000000000000000000000000000000000000000000
00000000000000000072000002280142000000800400200000000B3500000000
0000000000000000000000000050000002140001000000100000000000000000
0000000000000010000000000000000000000000000000000000000000000000
0000000000000000000000010000000000000000000000000000000000000000
00000000000000000000000000081000200000080030018800000E8900000000
0040000000000000000000000000000000000000000000000000000000000000
0000000000000000008000000008000880400000002000000000088900000000
0000000000000000000000010000000000000000000000000000000000000000
0000000000000000040710001200000028002000100000000000000000000000
0000000000000000000000000040000000000000000080000000000000000000
0000000000040000000000000000000000000000000000000000000000000000
0000000000000000000000010040000000000000000000000000000000000000
0000000000000000019A00000020007D48830000000000022000073B00000000
0000000000000000000000010040000000000000000000000000000000000000
0000000000000000020200001000000020000002000000000000000000000000
0000000000000000000040000000202001000000100004042800000000000000
000000000000000005FCC00000000252284000000040002418000F8500000000
0000000000000000000000000000000000000000000000000000000000000000
0000000040000000000000000008000000000000008000000000000000000000
000000000000000005EC60000000047B40310010200000190800005200000000
00000000000000000081000000000001000101000000000000000C0100000000
0000000000000000042020000840805B20001280000000080000002400000000
000000000000000000000000000000960800000000200004000006F100000000
0000000000000000000000000000000000000000000000000000000010000000
0000000000000000019E10000080026108000000004000000000000000000000
0000000000000000000000800000000000000000000000000000000000000000
0000000000000080000810000000000000000000000000000000000000000000
0000000000000000000008000000000000000000000000000000000000000000
0000000000008000000000000000000008000000000000000000000000000000
0000000000000000000020000000000480023002000008000000000000000000
0000000000000000000000000020100400808000000000080000020000000000
00000000000000000000000000040002A0000000000000000000000000000000
0000000000000000002B5000000005230A00200400C000000000000000000000
0000000000000000050020000011413A08004000082001180800002400000000
0000000000000000000010000000000000004000000100000000060100000000
0000000000000000000000000000000000000000000000000000000000000080
00000000000000000216C0001408021208046000004000000800000000000000
0000000000000000000000010000000000000000000000000000000000000000
0000000080080000001210000000003203042000008000000000000000000000
0000000000000000000000000100802000400086000000000800001400000000
0000000000000000000800002000000000000000000000000000000000000000
0000080000000000000000000000000000000000000000000000000000000000
00000000000000000000000010000000808080000000000000000A0100000000
0000000000000000000000010000000000000000000000000000000000000000
000000000000000000100000000000000000000000080002000004E100000000
0000000000000000000000000000000000000000000000000000000010000000
0000000000000000028000005000000000000000000000000000040000000000
0000000004000000000000000000000000000000000000000000000000000000
00000000000000000196000000080000824020020000000000000B8D00000000
0000000000000000000002000000000000000000000000000000000000000000
00000000000000000100100000001002008000000200000000000B4100000000
0000000000000000000000000001000000000000000000000000000000000000
0000000000000000011C0000000208246988C02A4004000000000A8900000000
0000000000000000000000000000000000000000010000000000000080000000
0000000000000000008100000000000000000000008000000000000000000000
0000000000000000000001000000000000000000000800000000000000000000
000000000000000001A2B0000000000000006000208000001000068100000000
0000000000000000000000010000000000000000000000000000000000000000
000000000000000000281000000000200800008000C100001000000000000000
0000000000000000000000000004007100810000080000108800000200000000
0000000000000000002A80000008000000100100000000000000000100000000
0000000000000000000000000000000000000000000000000000000000800000
0000000000000000049C000000080800000800000008400208000FF100000000
0000000000000000000000000000000000000000000000000008000000000000
0000000000000000000800000020000000008000000000000000010000000000
0200000000000000000000000000000000000000000000000000000000000000
00000000000000000088000000011819000000000000400000000B0100000000
0000000000000000000000000000000000000000000000000000000040000000
0000000000000000068000000000000480024000000022008000080400000000
0000000000000000000000000000000680000006040180400000002200000000
0000000000000000000000000000100002000000001000040000030100000000
0000000000000000000000000000C02200200004002008000000000000000000
0000000000000000001000000020000000000000000000000000080200000000
0000000000000000000000000000000000000000000000000000000044000000
0000000000000000000000000000000000800000000000000000000000400000
0000000000000000000003000000000000000000000000000000000000000000
0000000000000000000000000080000000000000000000000000000000000000
0000000000000000000000000000000000200000000080000000000000000000
0000000000000000000010000180000002400004000000000000000000000000
0000000000000000000000010000000000000000000000000000000000000000
00000000000000000001000000001000000000000000620000000A9100000000
0000000000400000000000000000000000000000000000000000000000000000
0000000000000000000000000080000000010000000000000000000000000000
0000000000000000000004000000000000200000000000000000000000000000
0000000000000000001A10000000000020008044000000000000000000000000
000000000000000004002000000000002000000011000C020000000000000000
000000000000800004BA00008000003600400000000000000000000000000000
0000000000000000000008000000000000000000000000000000002000000000
0000000000000000000000008000000000000000000000000000000000000000
0000000000100040000000000000000000000000000000000000000000000000
0000000000000000024A00000008000020444002100000000000000000000000
0000000000000000000000010000000000000000000000000000000000000000
0000000000000000008200000008000000824008000000000000020000000000
0000000000000000002000000004220000000000400000000000004000000000
0000000000000000040C00000000810001000420004600108000098100000000
0000000000000000000000000000001300000000000004002000000000000000
0000000000000000000000000000000000000000000000000000010000000000
0000000000000000000020000000000000020000000500004000000000000000
00000000000000000004000000080080004000100000000000000A3100000000
0000000000000000057000000050615700010010000080080800000400000000
0000000000001000000800000000000001000000004000000000000000000000
0000000000000000040020000000221140010080002000100000000600000000
0000000000000000013E0000B000005100400000100000000800000000000000
0000000000000000000000000000000000000000000000000000000010000000
0000000000000000200000000008000000000000000000000000000000000000
0000000000000000000000000000000000100000400008000000000000000000
0000000000000000000000000000000000008000000000000000000000000000
0000000000000000000000000000000000000081000080000000000000000000
000000000000000005CC0000100000374880000020010000080003FF00000000
0000000000000000000000010000000000020000000000000000000000000000
0000000000000000004000001020000020004000000010000000058100000000
0000000000000000040000000000061800002440110400084000004000000000
0000000000000000001000004000000000000000000000000000000000000000
0200000000000000000000000000000000000000000000000000000000000000
0000000000000000000000000080000040000004000110000000059100000000
0000000000000000000020000010800100020000000010000000000000000000
0022000000000000002200000080008000000000000000000000000000000000
0000000000000000050000000000011A21000200000180007000000400000000
0000000000000000000800000080000000000000000000000000038100000000
0000000000000000000000000000000000000000000000000000000000800000
0000000000000000000010000000000000000000000004001000088100000000
000000000000000004800000000021024020000001000000000000A600000000
00000000000000000002C0000000000000800000000000040000070400000000
0000000000000000000001000000000000000000000000000000000200000000
0000000000000000002E000000884000000000000000000000000D2500000000
0200000000000000000000000000000000000000000000000000000000000000
0000000002000000020800000008000000402010000000000000000000000000
0000000000000000000020000000000000000000000080000000000200080000
0000000000001000010800000000000000000000000000000000000000000000
0000000000000000000020010000000000000000000000000000000000000000
00000000000000000048F0000008002008004000000000001000068100000000
0000000000000000000000000010000000000000000000000000000000000000
00000000000000000002000000000300000000000000400010000B0300000000
0000000000000000010000000001000060000000000000000000000200000000
0000000000000000002A000002000004000000000400000000000B5500000000
000000000000000001C200000100011100000030000104020800000000000000
0000000000008000000000000000000000000000000000000000000000000000
000000000000000000C040000801004400000000000004000000006600000000
0000000000000000000000000000080000000408000000000000000100000000
0000000000400000000000000000000000000000000000000000000000000000
0000000000000000000880000000000010000000800000000000000000000000
0000000000000000000020000100010000000000000000002000000000000000
0000000000040000000000000000000000000000000000000000000000000000
000000000000000004A000000000607B01001000000000000000000400000000
000000000000000000000000C000000000000000000000000000000000000000
0000000000000000000001000000000000000000000020000000000000000000
0000000000000000000800002080004508400000000000000000000000000000
0000000000000000000000000000000000000000000000000000000080000000
0000000000000000200800000000000002000000000000000000000000000000
0000000000000000000000000040000361200104000008000000000400000000
0000000000000000000000000000100100608400005002000000084B00000000
0000000000000000000000000001000000000000000000000000000000000000
000000000000000000060000100000620C4040000180010200000E4900000000
0000000000000000000000010040000000000000000000000000000000000000
0000000000000000000000000000000000000000000000000000000000010000
0000000000000000000000000044000000001000000012084000000000000000
0000000000000000000000004000008000000000000000000000000100000000
0000000000000000000000000000200000000000000000000000000040000000
0000000000000000048E000000080040000000000010000100000A8100000000
0000000000000000000000000001603000000104000002000800000200000000
0000000000000000002000000000000081800008200000000000000000400000
0000000000000000004100001C008033E8000000000000000800000200000000
0000000000000000000000000000080000080000040000000000010000000000
0000000000000000000000000000000080000000000000000000000000800000
0000000000000000000000004000000000000000000000000000000000000000
0000000000000000000000000000000000000000000000000008000000000000
0000000000000000000000000000000000000000000000000000000000002800
0000000000000000000004000000000000000020000000000000000000000000
00000000000000000058000070000000080080000000000000000AC100000000
0000000000000000006000000010201C00000000000000002000000600000000
000000000000000004460000000340A008800808000000000000050800000000
0000000000000000000000000000000000000000000000000000000000000000
0000000000000000039EC000400807F108084004000000000000000000000000
0000000000000000010000000000005700208090002020000800000000000000
0000000040000000040000008000000000000002008000000000000000000000
0000000000000000000008000000000000000000000000000000000000000000
0000000000000000000880001000004000808000008000000000038100000000
0000000000000000006940000016004F00000000020000000800000000000000
0000000000000000000480000000100000010000000040000000002100000000
0000000000000000000000000000000000000000000000000008000000000000
0000000000000000022800001000018002000000008000000000000000000000
0000000000000000000001000000000000000000000000000000000000000000
000000000000000001C0C000000800090080040000A0000200000F9100000000
0000000000000000000000000000000400020000800000200000000000000000
0000000000000000046E00001000005D2800000000000200300006B100000000
0000000000000000800000000000800000000000000000000000000000000000
0000000000000000000000000000000000000800000000000000000000000000
0000000000000000040000000000204020000002040081000000000000000000
0000000000000000018000000208000008000180000000000000080100000000
0000080000000000000000000000000000000000000000000000000000000000
0000000000000000010200000180000000004000000000000000000000000000
0000000000000000000000000100000040000000000000204000000200000000
0000000001000000000000000000000000000000000000000000000000000000
0000000000000000000020000004000040020000000080002000000000000000
0000000000000000024E00000000008008002000000000000000000100000000
0000000000000000058000000004007080000001002088000800002200000000
0000000000008004000000001000000000000000000000000000000000000000
0000000000000000000008000000080000000000000000000000000000000000
000000000000000002580000C000004000000000008000000000000000000000
0000000000000000000000000000800800000200000000000000000000000000
0000000000000000000200008000001C08000000000000000000000100000000
00000000000000000120000000002000400000000C2008000000000200000000
000000000000000000220000000000C001000000000200200000080100000000
0000000000000000002000000010C11600200080000000000000000000000000
0000000000008000000000000000000000000000000000000000000000000000
0000000000000000000100000000000000000010000000500000000000000000
000000000000000003F20000000A802CC88640200040020048000F9300000000
0000000000000000000000000000000000000000000000000000000080000000
0000000000000000020010000000000000000000000000000000000000000000
0000000000000000000000010000000000000000000000000000000000000000
0000000000000000047E40000080000600002000000000000000000000000000
0000000000000000000000000000000000000000000000000000100000000000
000000000000000002000000D000000000000000000000000000000000000000
0000000000000000000001000000000000000000000000000000000000000000
00000000000000000492000010000411000000200000020000000A9900000000
0000000000000000040000000000620A00000000002000000000000000000000
0000000000000000010000000000100004004000005000080000094000000000
0000000000000000008000000005E125C0000000046080121000010E00000000
0000000000000000007A8000080000400000001000C000000800068000000000
0000000000000000000008000000000000000000000000000000000000000000
0000000000000000000000008000000000000000000000000000020100000000
0000000000000000000000000000000000000010000000000000000010000000
0000000000000000003AD0000008000C08000000000000000000000000000000
0000000001000000000000000001000000000000000000000000000000000000
000000000000000001020000000000820A006004004000000000000000000000
000000000000000000000000000002451008000621000C500000002200000000
00000000000000000444C00000000808288000100000000000000F8100000000
0000000000000000000180000001000000000000000000000000000000000000
0000000000000000003000001000000000000001040000000000000100000000
0000000000000000000000000000000000000000000000000000000010000000
0000000000000000000C00000008000400000000000000001000000000000000
0000000000000000040120000001011640000400006080000000000400000000
0000000000000000009E0000000208BF208FC8080000000000000FC900000000
0000000000000000000000000000200000000000000000404000000000000000
0000000000000000000210000000000000004000004000000000000000000000
0000000000000000000000000000000000000000000000800000000000000000
0000000000000000007E0000100000054808C0000000000000000AE100000000
0000000000000000000000000000000000000000000000000000000000000000
000000000000000000280000000C000800502002000000000000000000000000
1000000000000000000000000000000000000000000000000000000000000000
0000000000000080000400000000004000000000000000000000000000000000
0000000000000000000000000000000000000000000000000000000000000000
0000000000000000003890000000000002C00000008000000000000000000000
0000000000000002000000000001800000000000000000000000000000000000
0000000000000000000000000000000000000000000000000000000000400000
0000000000000000000000000800200000200000000000000000000000000000
00000000000000000000000000001000000000080080000C10000F0100000000
0000000000000000000000000001000000200000000080002000000000000000
0000000000000000040000000000100000000404000000041000078100000000
0040000000000000000000000000000000000000000000000008000000000000
0000000000000000000000000000000002140400000000018000000000000000
0000000000000000000020000000200000041010100000020000001000000000
0000000000000000034010005200000200000000000000000000000000000000
0000000000000000000002000000000000000000000000000000000000000000
0000000000000000000000000208000000084000001000000000000000000000
0000000000000000000000000000000000000000000000000000000000000000
000000000000000000EE00000000042C48020000000040081000037F00000000
0000000000000000000000000000000000000000000000000000000000000000
0000000000000000006E80000000040100100080000000001000008000000000
0000000000000000000000000005C00000200040020000000000000000000000
0000000000000000006A10001000005D080C4000000000000800000000000000
0000000000000000000000000000000000000000000000000000000000000000
0000000000000000000000000000000000000000000000000000000000400000
0000000000000000000000000000000000200502002000000000000000000000
00000000000000000002C0000000000000840000002000000800010100000000
0000000000100000000000000000000000000000000000000000000000000000
0000000000000000000200000008000000000000000100080000010100000000
0000000000000000014000000000201A00020000000000000000000000000000
00000000000000000218000050000000000000000000000000000E9100000000
0000000000000000000000000000071600000000000050000000080000200000
0000000000000000002200001000000040000000000020000000080100000000
0000000000000000058000000001002800000000000020000000000000000000
0000000000000000000000000020000000000080080000010000040100000000
0000400000000000000000000000000000000000000000000000000000000000
0000000000000000000000000020000800004000001000020000054100000000
0000000000000000000000000800010000800000010000000000000000000000
000000000000000000001000000000002840C00400C000080000000000000000
0000000000000000000000000000000000000000000000000000000000000080
0000000000000000000E0000000010100000C0000000004C0000054300000000
0000000000000000000002000000000000000000000000000000000000000000
0000000000000000000000004000000500000000000000000000080300000000
0000000000000000000000000040E06001000300000000002000000000000000
00000000000000000032C0000000000400000000000040000800068300000000
0000000000000000000000000000000000000000000000000000000000800000
000000000000000000B2000000081044000001010008000000000E0700000000
0000000000000000000008000000000000000000000080000000000000000000
00000000000000000010000000013800808004200000820000000C0500000000
0000000000000000800000000000000000000000000000000000000000000000
00000000000000000108000000000080000040000000000000000F0100000000
0000000000000000000000000050000000000000000000000000000200000000
0000000000000000002000002000000200000000000820000800088100000000
0000010000020000000000000000000000000000000000000000000000000000
00000000000000000100000000080080000080000000000000000A0200000000
0000000000000000000000000000000000000000000000000000000000000000
0000000000004000000000000000000008000000000000000000000000000000
0000000000000000000000010000000000000000000000000000000000000000
00000000000000000000000000000009400000000000000200000E0100000000
0000000000000000000000000000000000000000000000000008000000000000
000000000000000000DE0000000005170800000400C000000000000000000000
00000000000000000490200000002078E8200000102000001800001E00000000
0000000000000000000000000000100010000000000840000000088100000000
0000000000000000000000000000000000000000000000002000000080000000
0000000000000000048AE00000088073600004000000800408000B7500000000
00000000000000000400000000002402A140000210000C000800000C00000000
0000000000000000008210000000000023840000001000000000000000000000
000000000000000005C100000001802720000000000000080800000000000000
0000000000000000017C00000008081C080000020000020010000B4B00000000
0000000000000000000000000000000000000000000000800000000002000000
00200000000000000040D0000000008000004000000000000000000000000000
0000000000000000000000000010000000000000000000000000000046000000
0000000000000000000000000000000000000000000000480000000000000000
0000001000000000000000000000000000000000000000000000000000000000
000000000000000002000000E008000208000000000000000000000000000000
0000000000000000000000000000000000000000000000000000000000000000
0000000000000000000A00001004000008080100000008010800000000000000
0000000000000000000000000000000000000000000000000000000010800000
0002000000000000000000040000000000000000008000000000000000000000
0100000000000000000000000000000000000000000000000000000000000000
0000000000000000000000000000100010000004000100000000084100000000
00000000000000000580200000044049E0000200010082000800001600000000
0000000000000000000800004000000000000000000000000000000000000000
0000000000000000000000000000000000000000000008000000000000000080
0000000000000000052A100004000073400000002000000008000BDB00000000
0000000000000000000000010000000000000000000000000000000000000000
0000000000000000000000000000008000000000000000000000000000000000
0000000000000000000001000000000000000000000000000000000000000000
0000000000000000017EC000000000A728406000000000000800000000000000
0000000000000000040020000000200000010400000000000000000400000000
00000000000000000004C0000000008000000000004200008000000000000000
0000000000000000000001000000000000000000000000020000000000000000
0000000000000000000000000000000000000000000000000000000000000000
0000000000000000000000000000000000000000000000000000000000000000
0000000000000000000810000000100000080000000000000000000000000000
0000000000000000000000000000000000000000000000000000000000000000
0000000000000000000000000002000000102000000000400000000000000000
0000000000000000045320008020000200000000000000000000007C00000000
0000000000000000000E200000003028020000000010000000000E8100000000
0000000000000000000000000000000000000000000000000000000080000000
0000000000000000000000000000000000000000000000000000000000400000
0000000000000000000000000004200100040000100000005000000000000000
000000000000000000D800002000006D08000001000000000800054900000000
0000000000000000040028000054004000002000022000000000000000000000
000000000000000001A800000000180D080000800002000010000C8100000000
0000000000000000000040000010400000200000000000100000000000000000
00000000000000000012100000001800008000000000000000000B8300000000
0000000000000000000020000040000000000000400000000000000000000000
00000000000000000482800000001041000000000000000150000FA100000000
0000000000000000005000000000002501000010400008000000000000000000
0000000000000000053E2000000000D100008000000004001800027B00000000
0000000000000000000100000001000004000200000008800000000000000000
00000000000000000208000000000040488400000000401000000F8100000000
0000000000000000000000000000000000000000000000000000000000000000
0000000000000000000000000000000000000000000000000000000000000000
0000000000000000004000000000000000000000002000100200000000000000
0000000000000000014400004000000001004000000000000000000000000000
0000000000000000000000000000000000000000000000000000000000000000
0000000000000000000010000200000000400000000000000000000000000000
0000200000000000000000000000000000000000000000000000000000000000
0000000000002000000800000200008000000000000000000000000000000000
0000000000000000000000000000000000000000000000000000000000000000
0000000000000000000000001000000000000000200060000000088000000000
0000000000000000000000010000000000000000000000000000000000000000
000000000000000000182000000000148083100000000000C000043F00000000
0000000000000000000000800100000000020000000000000000000000000000
0000100000000000000000005000000000000000000004000000000000000000
0000000000000001000000000000000000000000000000000000000000000000
00000000000000000000000000004000021100000400200300000E0100000000
0000000000000000000000000040000000000000000004000000000E00000000
000000000000000000020000000000000040C00000900000000000C100000000
0000000000000000000000000000000000000000000000000000000000000200
000000000000000000000000000C0000000000900000000000000A0000000000
0000000000000000000000010000000400000000000000000800000000000000
0000000000000000000010000000000000000000000000000000000000000000
0000000000000000000000010000000000000000000000000000000000000000
0000000000000000008800004010040800080000000000000000000000000000
0000000000000000000000000000000000000000000000000000000000000000
0000000010000000000400000000000000080000000000000000000000000000
0000000000000000000000000000000000200040000000000000000000000000
0000000000000000000000004080000000000000000000000000010000000000
0000000000000000000000010000000000000000000000000000000000000000
0000000000000000000000000028000000010000000000000000020800000000
0000000000000000000000000000000000000000000000000000000002000000
0000000000002000000010000000000000400000000000000000000000000000
0000000000000000000000000000000000000000000000000000000080000000
0000000000000000000000020000000000002000000000000000000000000000
0000000000000000000000010000000000000000000000000000004800000000
0000000000000000000B00000000008008000000008000000000000000000000
0000000000000000000000000004800000001000011000000000000000000000
0000000000000000000800000002008000000000000000000000000000000000
0000000000000000000000000011200000020000000000004000004000000000
0000000000000000000800000000008000000000000000000000000000000000
0000000000000000000000800000000000000000000000000000000000000000
0000000000000000000000000000000000000000000000400000000000000000
0000000000000000000000000000400000000000000210000000000040000000
0000000000000000008000000002000000004000000000000000080100000000
0000000000000000048000000000000000000000000000004000000000000000
0002000000000000000C0000000000A008000004000000000000000000000000
0000000000000000000000000000000000000000000000000000000080000000
0000000000000000000000000000440800000000000000000800010000000000
0000000000000000000000000000000000000000000000000000000080000000
00000000000000000438E000000C4014480220000000020048000FEB00000000
0000000000000000000000000000000000000000000000000000000000000080
0000000000000000000000000000000004800400004000000000000000000000
0100400000480000000000000000000000000000000000000000000000000000
000000000000000005480000000800000000000000000200100007C900000000
0000000000000000000062000000000800000000000010100000000000000000
0000000000000000000080004000000000000000008000000000000000000000
0000000000000000000000000000400000200000000000000000000000000000
0000000000000000022100000200008000000000000000000000000000000000
0000000000000000000000010000000000000000000000000000000000000000
0000000000000000000C00001000000000580000000000000000000000000000
0000000000000000000000000000000000000000000000000000000010000000
000000000000000000AE0000000000314000800000002210000002C100000000
0000000000000000000000000000000000000000100000000000000010000000
0000000000000000000010000000008000404000000000000000000000000000
0000000000000000000000000000000000000000100000000000000000000000
0000000000000000000400000000020000000100000000000000091000000000
1000000000000000000100000000000000000000000040000000000000000000
1000000000000000000000000008000000400000004000000000000000000000
0000000000000000000000010000000000000000000000000000000000000000
0000000000000000000000001008000004000000000000000000000000000000
0000000000000000000000000000800000000000000000000000000000000000
0000000000000000040000000000000004C00010000000002800008000000000
0000000000000000000000000000000000000000000000000000000000000000
00000000000000000078800000080101000000000000000000000D0100000000
0000000000000000000000000000000000000000000000000000000000000000
0000000000000000400000000000000000000000000000000000000000000000
0000000000000000000000000000000000000000000000000000800000000000
0000000000000000000000000888008000044002000000000000000000000000
0000000000000000000000000000000000000000000000000000000040000000
00000000000000000004000000000812000000000000040000000E4000000000
0000000000000020000000000000000000000000000000000000000000000000
0020000000000000000A00001008000000000000000000000000000000000000
0000000000000000000000000011001800000024200000002000000400000000
0000000000000000208000000000000000000000000000000000000000000000
0008000000000000000000000001000000008000000000000000000000000000
0000000000000000000210000000002400800000000000800000010100000000
0000000000000000000002000000000000000000000000000000000000000000
0000000000000000009200000008004408042022000000010000000100000000
0000000000000000040000000004000408000204000000000000000000800000
0000000000002000000000000000000000000000000000000000000000000000
0000000000000000000007000000000000000000000000000000000000000000
0000000000000000011A10000000000140808000000000000800070100000000
0000000000000000000000000000000000000000000000000200000000000000
000000000000000001400000000000400A400000008008000000000000000000
0000000000000000000000000001004000200000080000002000000000000000
0000000000000000008000000008100000084000001000080000000100000000
0000000000000000000000000000000000000000000000000000000000000000
00000000000000000100000040000000000000080080000000000A8000000000
0000000000000000000000000000000000000000000000000000000004000000
0000000000000000018600000008016780008008000000000800010100000000
0000000000000000000000000000000080000010000000000000000000000080
0000000000000000000000000000000000400000000000000000000000002000
0000000000000000000000000000000000000000000000000000100000000000
0000000000000000002C10000028004000000080000000008000000100000000
0000000000000000000000000000000000000000000000000000000060000000
0000000000000000001800003180000000400000000000000000000000000000
0000000000000000000000010010000000000000000000000000000000004000
0000000000000000012410001000001020046000000000000800000000000000
0000000000000000000000000000000000000000000000000000000000000000
0000000000000000010200000200000000000000000000010000030400000000
0000000000000000000000010000000000000000000000000000000000000000
0000000000000000002200000000012000000000108000000800000000000000
0000000000000000010000000000000200000000100000000000000062000000
0000000000000000000800000000000000000000000000000000000000000800
0000000000000000000000000000000000200040000800202000000000000000
000000000000000002A880000008001202000080004000200000000000000000
0040000000000000000000000000000000000000000000000000000000000000
0000000000000000000A00001000000000000000000300000000000000000000
0000000000000000000000000044000000000000000000000000000400000000
0000000000040000000000000000000000000000000000000000000000000000
0000000000000000000000000040080200000000000000000200000000000000
0000000000000000059C80000000008148808000000000000800020100000000
0000000000000000000000010000000000000000000000000000000000000000
0000000000000000043400000000066002000300000000000800002900000000
0000000000000000040020000004000508040008000080000800000000000000
0000000000000000008000001200000000000000000000000000030000000000
0000000000000000000000000001000000000000000000000000000000080000
0000000000000000000000000000000000000000000000000000000000000000
0000000000000000000000000000005400000040500000008000000000000000
0000000000000000000010000000080080008100000000000000010500000000
0000000000000000040000000000A14700204000002004100800007600000000
000000000000000001FFD0000000007D28404000008000000000000000000000
0000000000000000000000000000000000000000000000000010000000000000
0000000000000000002000001000000000800000001040000000020100000000
0000000000000000000000010101000000000000000000000000000000000000
0000000000000000000000008000000000000000000000008000010100000000
0000000000000000000000000000000000000000000000000000000000000000
0000000000000000004710000000100800004000000300010000030100000000
0000000000000000000020010005000000000000000040000000000000000000
000000000000000001FA0000000010384000008C2001000818000B3300000000
0000000000000000000009000000000000000000000080000000000000000000
0000000000000040000000000000000000000000000000000000000000000000
0000000000000000000008000000000000000000000000100000000000000000
000000000000000001EE000000000060480000010000000000000B2300000000
1040000000000000000000000000000000000000000000000000000000000000
0002000000000000000000000000000000000000000000000000000000000000
0000000000000000000000000000000000000000000000000000000042000000
0000000000000000000000000000000000808000000000000000000000000000
0000000000000000000000010000000000000000000000000000000000000000
0002000000000000000000000000000000000000000000000000000000000000
0000000000000000000000010000000000000000000000000000000000000000
0000000000000000043000000000505C800000000000100028000DEB00000000
0000000000000000000000000000000000000000000000000000000082000000
0000000000000000001E10000000000820000004000000218000000000000000
000000000000000000000000004020000024000000000C000000002000000000
0000000000000000000000000080000000000000000000008000000000000000
0000000000000000800000000000000000000000000000000000000000000000
0000000000000000004E000000001002C0840000008002101800099000000000
0000000000000000000000800000000000000000000000000000000000000000
0000000000000000020A00000000002000810000000000000000000100000000
0000000000000004000000000000000000000000000000000000000000000000
0000000000000000001800001000011002000000000000010000000000000000
0000000000000000000000010000000000000000000000000000000000000000
00000000000000000010000000021828080000002001000008000FDD00000000
000000000000000000400000004000060A000010018000000000000000000000
0020000000000000000000000000000000000000000000000000000000000000
0000000000000000000000010000000000000000000000020000000000000000
000000000000000000DC4000000005A9238C2000004000000800000000000000
0000000000000000000000000040000000200040000000000000004000000000
0000000000000000008E00000000000020004000008000000000000000000000
0000000000000000001000000010000020000030002001020000000000000000
00000000000000000000000000081800080084800000000000000E1100000000
0200000000000000000000000000000000000000000000000000000000000000
0000000000000000040400001000000008004002800000000000000000000000
0000000000000000012000000000010EA0000002000000801800004A00000000
0000000000000000002800000000000002500000000000001000000000000000
0000000000000000000000010000000000000000000000000000000000000000
0000000000000000010000000000003000000108000000010000048000000000
0100000000000000000000000000000000000000000000000000000000000000
0000000000000000018800003080002400000000000000000000000000000000
0000000000000000000001000040000000000000000000000000000000000000
00000000000000000048000000000050480000082080000008000B8500000000
0000000000000000000000000000000000200000000000000000000002000000
0000000000000000000400000200007748002000040000000000000000000000
00000000000000000000200000000074C8000060216002000800003400000000
0000000000000000021800001000010208000000004004000800000000000000
0000000000000000000040010000200000000000000000000000000000000000
000000000000000004A280000008008600004000004000000000000000000000
0000000000000000000000000000000000000000000000000000000000000000
0000000000000000008000000008020880008000208000000000000000000000
0000000000000000000000000000000000000000000000000000000400000000
0000000000000000001000005000040800000002000000000000000000000000
0000000000000000000000000000000000000000000000002000000080800000
000000000000000006FE000014001329080040000080000000000F8100000000
0000000000000000004800000054805400200000006000040000001000000000
0000000000000000000000000000000000000000000000000000000000002000
0000000000000000000000000000000001000034100020000000000000000000
000000000000000001BE0000100802140285E022000000000800000000000000
0000000000000000000001000040000000000000000080000000000600000000
0000000000000000017E00009018015628000002108000000000000000000000
0000000000000000000001000000000000000000000000000000000000000000
000000000000000005FB00000008011908000000048000000000000000000000
0000000000000000000100000000080000002000000000900000000000000000
0000000000000000000000000180000000000000000000000000000000000000
0000000000000000000000010000000100000000000000000000001000000000
0000000000000000002400000008028008400000000000000000000000000000
0000000000000000000000010000000000000000000000000000000000000000
0000000000000000020C00001000180010000000000000000000052100000000
0000000000000000000000000840800000000000000000000000000000000000
0000000000000000200800000080000000000000000000000000000000000000
0000000000000000000000010000000000000000000000000000000000000000
000000000000000000FE00000002002C0080C0500000100008000FF500000000
0000000000000000000000000000000000000000000000000000000000000000
0000000000000000054200009018061500004000000000000800000000000000
0000000000000000000000010001000000000000000000000000000000000000
0000000000000000004400000400005200000001000000000000034B00000000
0000000000000000000008000040000000020000000000000000000000000000
0000000000040000002000000000060000000000000000000000000000000000
00000000000000000000000000000000000000000000000000000000C0000000
0000000000000000000000000180000008000000000000000000049100000000
0000000000000000000000000000000000000000000000000000000000000000
0000000000000000019A000000000000080000000080040000000C7100000000
0000000000000000000000000000000000000000000000000000000000001000
0000000000000000048E1000000000000080800000000012000005E000000000
0000000000000000000020000000000100000000400004000000000400000000
0000000000000000008A000000200015008280000000000000000D0500000000
0000000000000000001060000100000208000086100004000800003000000000
0000000000000000000800000000060000000000000001080000200000000000
0000000000000000000000000000000000000000000030000000000000001000
00000000000000000106200000001000428300880000002108000FC100000000
0000000000000000000000010000000000000000000000000000000000000000
000000000000000005FF10007010043E01080004004000000800000000000000
0000000000000000000000000000000000000000000000000000000040000000
000000000000000005B0E00000000075A80080000000000018000DF100000000
0000000000000000000000010000000000000000000000000000004000000000
0000000000000000002C00009000000200000000000003000000080100000000
0000000000000000000000000000000000000000000020000000000000000000
0000000000000000000000000000000000000000000000000000000000000000
0000000000000000000000000000000000000000000000000000000000000800
0000000000000000000400000000100080040020000000000000020000000000
0000000000000000000000000002000000000000000000000000000010000000
0000000000000000001000001180000440000000000001000000010100000000
0000000000000000000000000000000000020000090000000000000000000000
0000000000000000008800000180001228402000000000000800000000000000
0000000000000000000008000000000000000000000000000000000000000000
0000000000000000000A00000980000000000000004000000000000000000000
0000000000000000000003000000000000000000000000000000000000000000
0000000000000000008000009000000028044002000000000000000000000000
0000000000000000000000000000400000000000000000000000000000000000
0000000000000000000000000000000000000008000000000000000000000000
0000000000000000000000000000000000000000000000000000100000000000
0000000000000000017A0000000800C10108000E002000000800000000000000
0000000000000000000000000000200000000000000000000000000050000000
00000000000000000148000010041001000000000000000000000F8D00000000
0000000000000000000008000000000000000000000020000000000000000000
0000000000000000000800000220002008000001000000080000010000000000
00000000000000000000000000000000000000000000000000000000C0000000
000000000000000004EE80000000020000800C000000400000000B0900000000
0000000000000000000400000041004B00000002600030000000000000000000
000000000000000005A010000000007228402000000000018000000000000000
0000000000000000008000000051030400000000000000000000000200000000
00000000000000000416000000020880080000000000000A08000F9500000000
0000000000000000000000000000000000000000000000000000000000000000
0000000000000000000010000400000000000000000000000000000000000000
0000000000000000000000000000000000000000800000000000000200000000
0000000000000000000000004000000000000000000000000000028000000000
000000000000000000000000A000801000000000000000000000000000000000
000000000000000000000000100108000080000000000200000001B100000000
0000000000000000000440000010600001000002000002000000001400000000
0000000000000000000000008400000000000000000000000000000000010000
0000000000000000000000010000000000000000000000200000000000000000
0000000000000000018200000000000280C0000000000000100004D100000000
0000000200000000000000000000000000000000000000000000000000000000
0000000040000000000000000000000000000000000000000000000000000000
0000000000020000000000000001004200000000000000000800000000000000
0000000000000000000010000000020008000000000000000000000000000000
0000000000000000000000000004000000000000000000000000000040000000
0000000000000000056E00000980009608000000000100000800000000000000
0000000000000000000000000000800000000000000000000000000000000000
00000000000000000400000000000820080640000010000040000D0000000000
0000000000000000000000000000A00000000000000000200000000200000000
0000000000000000020E00004000000200000000208000000000090100000000
0000000000000000000020000000264000000000000004000000000000000000
0000000000000000000000000000000000000000000840000000008000000000
0000000000000000000000000001000000000001000000100000002000000000
0000000000000000000C00008000000000000080000000000000080100000000
0000000000000000000000000000800000000100000180000000000000000000
0000000000000000044000000020004040000000000010000000006000000000
00000000000000000001C00048020016A8000000000000000000000000000000
0000000000000000012800008000000108000000009000019000060000000000
0000000000000000000000800000000000000000000000000000000000000000
0000000000000000001E00001080000000000010000000000000000000000000
0000000000000000000000000000000000000000000000000000000014000000
0000000000000000001080000000000000000000000000000000000000000000
0000000000000002000000000000000000000000000000000000000000000000
0000000000000000008400001080100400000000000000000000039100000000
0000000000000000000000000000000000000000000000000000000004000000
0000000000000000020800000000009000000000000040000000090100000000
0000000000000000000001000000000000000000000000000000000000000000
000000000000000001AC00000000002200800020000001010000048100000000
0000000000000000000020000010002000001000042008000000000000000000
000000000000000001140000000800910000020000000000000009E100000000
0000000000000000000001000000000000000000000000000000000200000000
0000000000000000000C40004018001008000000004000000000000000000000
0000000000000000000002000000000000000000000000000000000000000000
00000000000000000486000000000840400A00002004000008000B1100000000
0000000000000000010000000100A00000000000800000000800000000000000
0000000000000000009800004000042B000200000000000008000EB900000000
0000000000000000004420000002005C00001000240000004000003000000000
0000000000000000000000000000000000004000000000008000000000000000
0000000000000000000000000004000000000000100000000000000800000000
0000000000000000000080000000008000000000000000008000080000000000
0000000000000000000000000000000000020000010000100000001000000000
0000000000000000001C0000000000200084200000001101080005BF00000000
000000000000000000000000000002090800000052400C000000000000000000
000000000000000000DEC0000000000108C10804001000080000000000000000
0000000000000000048100000000207EC8040000220000081800000200000000
0000000000000000000200004000000002000000000000000000000000000000
1400000000000000000000000000004000000000000000000000000000000000
0000002000000000000000000000000000000080080000000000000000000000
0000000000000000000000000000000000000000000000000000000000800000
0000000000000000000800000000000010000000004800000000048000000000
0000000000000000000580000004002801001001400000004000003200000000
0000000000000000000200000000000000000000000000000000010100000000
0000000000000000000000010000000000000000000000000000000200000000
0000000000000000000000000000000000000000000000000000008100000000
0000000000000000000000000014800800000040002000000000000200000000
0000000000000000000200000000000002000000000000000000000000000000
0000000000000000000100000040000000000000000404000000000000000000
0000000000000000075A00000000068A0908000000C000000000000000000000
0000000000000000000000000000000000000000000000000000000000000000
0000000000000000019000000008406640800000010010000800011B00000000
0000000000000000000000010000000000000000000000000000000000000000
0000000000000000000800004000000000000000000000000000000100000000
0000000000000000000000010000000000000000000000000000000000000000
0000000000000000000400000080000000000000000000020800030100000000
0000000000000000000001000000000000000000000000000000001000000000
00000000000000000000000090000000000000000000600000000F9100000000
0000000000000000000040000000A00015200088000001000000004000000000
000000000000000000EE000000080058088300000000001000000FCF00000000
0000000000000000000000010000000000000000000000000000000000000000
000000000000000002A0000000000080000000000400000010000A8000000000
0000000000000000000001000000000000000000000000000000000000000000
0020000000000000003800000000000000000000000000000000000000008000
0000000000000000000000000000004000000000000200000000000080000000
0020000000000000000010000000000000000000000000000000000000000000
0000000000000000000000000000000000000000000000000000000000000000
0000000000000000000000000020002008000000000820001000038300000000
0100000000000000000000000000000000000000000000000000000000000000
0000000000000000000000000000100000000000020000018000000000000000
0000000000000000000000000014000000000000400080042800005000000000
0000000000000000000000000000000000000000000000000000000000008000
0000000000000000000008000000000000000000000020000000000000000000
0000000000000000000000000000000000000000000000000000000000000000
0000000000000000000001800000000000000000000000000000000000000000
0000000000000000000000002000000010000000000000000000010100000000
0000000000000000040000000000C11000000000180000000000002000000000
0000000000008000000800000000002000000000000000000000000000000000
0000000000000000000000010000000000000000000000000000000000000000
0000000000000000000000000000400400804000000000000000040100000000
0000000000000000010000000004202300000080C00000000800002200000000
000000000000000000000000000000064000860100084000000007C100000000
0000000000000000000000000000013D88000000000000000000000000200000
0000000000000000000410000180000000000000000000000000000100000000
0000000000000000008020000C00017400000000000000100800000000000000
0000000000000000000000000000000002000080000000018000091100000000
0000000000000000000000000000000000000000000000000000000000001000
0000000000000000000000000000000000000000000000000000000000000000
0000000000000000000000000001000000000000000000000000000000000000
0000000000000000000800004008000002000000000000000000000000000000
0000000000000000008200000000610200000000000080040800004000000000
0000000000000000003C0000000800000003C0180062000000000F0100000000
0000000000000000000000000000000000000000000000000800100000000000
0000000000000000000000004000000002040000000000000000000000000000
0000000000000000000000000000000200000000100000000000000402000000
0000000000000000008C00003000000A00018000008000000000038900000000
0000000000000000000000000000000000000000000000000000000034000000
00000000000000000000000000001008005000000000008C0000058100000000
0000000000000000000000010000000000000000000000000000000200000000
0000000000000000000A80000002000000000400000000000000090900000000
0000000000000000000100000000000000000000104000008000000200800000
0000000000000000000200000100004300000000000000000000026100000000
0000000000000000000008000000000000000000000000000000000000000000
0000000000000000000000000000000004000000020000000000000000400000
0000000000000000000004000010000000000000000880022000000000000000
002000000000000000280000000000A000000000000000000000000000000000
0000000000000000000000000040010010000000000000000000000000000000
0000000000000000006C1000000001C0210C6006000000000800000000000000
0000000000000000000000000000000000000000020000004000000000000000
0000000000000000001A00000000008000000014008300000800000000000000
0000000000000000000008000000000000000000000000000000000000000000
000000000000000007FE00000B8806F10000000000C000000000000000000000
0000000000000000000000000000000000000000000000000000000014000000
0000000000008000010E1000208000000040200000C000000000000000000000
0000000000000000000004000000000000000000000010000000000000000000
0000000000000000000800000088000308000000000200000000010000000000
000000000000000000800000010002100020600C002000000800000000000000
0000000000000000000010000000000000018000000000000000000000400000
0000000000000000000000000000000000000000000000000000000000800000
0000000000000000000000000000008800000000000000000000008200000000
00000000000000000100400003018004C0000000000000000000000000000000
00000000000000000184000000000000021001800000000108000D0100000000
0000000000000000000100000000000000020000000082200000000000000000
00000000000000000408000008000000000000000100000000000FD100000000
0000000000000000000000000000000000200000000000100000000000000000
0000000000000000000800000008020800500000000000000000000000002000
0000000000000000000000000010000000000000000000000000000010000000
0000000000000000000000000000000000000000000000000000000000000000
00000000000000000000000000040049400000C2000010040000000200000000
0000000000000000000000000000000000000000000000000000000000008000
0000000000000000000000000000000000000000000000000000000042000000
0000000000000000000000000000140000000000080000010000040100000000
0000000000000000000000000000000000000000000000000000000000000000
0400000000000000000E00001000009000000000000200011000000000000000
0000000000000000000000000000410000000000000000000000000000800000
00000000000000000048000000000000000000000000010180000D8100000000
0000000000000000000000010000000000000000000000004000000000000000
0000000000000000004E8000000800C408040002000200000000000000000000
00000000000000000510000000002110488000006020000008000E7E00000000
0000000000000000000E90000000000000084C00000000000000000000000000
0000000000000000000000000000000000000000000000000000000000000000
00000000000000000098C000002010000000000C000000000000080100000000
0000000000000000000000000000000000000000000000000000000000000000
00000000000000000539000000000036880041000000201000000EB900000000
0000000000000000000000000000400000000000000008000000000000000000
0000000000000000000000005000000000000000000001000800054100000000
0000000000000000010000000100003000020000000000000000000200000000
0000000000000000000AC000000800000040000000C000000000000000000000
0000000000000000000000010000000000000000000000000000000000000000
00000000000000000088000000000000090000400002002000000A0100000000
0000000000000000000000000000000000000000000000000000000002000000
000000000000000000080000000000010000C00000220200800005C500000000
0000000000000000000000000000000000000000000000000000000000000000
000000000000000004A00000000000F800000000000000008000038100000000
0000000000000000000008000000000000000000000000000000000000000000
0000000000000000000000000000100002204000002200098000008100000000
0000000000000000000000000000000000000000000000000008000000000000
0000000000000000000880004000040000000000000000000000000000000000
0000000000000000000028000000000000000000000000000000000000000000
0000000000000000006AC000000010602200C0040042022000000DAD00000000
0000000000000000000000000000000000000000000000800000000000000000
0000000000008000000000000000000000000000000000000000000000000000
0000000000000000010400000000010108080002180000000000001600000000
000000000000000005DE00008000087F480000000000038408000FFF00000000
1000000000000000000000000000804040010000000000100000000000000000
0000000000000000000000000000000000080000000000000000000000000000
0000000000000000000000010000000000000000010000000000000000000000
00000000000000000200000008000200A0004000000001000000000000000000
0000000000000000000000000000000400080000000008602000000000000000
0000000000000000008200000220000000000040000040800000030100000000
0000000000000000000000000000000000200000000000000000000000000000
0000000000000000001E40008808020808400000008000000000000000000000
0000000000000000000000010000000000000000000000000000000000000000
00000000000000000000000000200000000001000800000800000F0000000000
0000000800000000000000000000000000000000000000000000000000000000
0000000000000000000A000000081002000204000080000010000E8100000000
0000000000000000000001000000000000000000000000000000000000000000
000000000000000000000000008000000200000000C000000000000000000000
00000000000000000020600000000140C0000000002001000000007C00000000
0000000000000000000A00001000000000000000008000000800078100000000
000000000000000005C000000010E00E0000080000200000B800000400000000
0000000000000000075A10001200000220086000100000000000000000000000
0000000000000000000000000000080000000000000000000000000000000000
00000000000000000000000000001000000000000000000000000C0000000000
0000000000000000000000000000000080000000000000000000000000800000
0000000000000000049E0000000C88244082800C0000000200000D8100000000
00000000000000000000000000000000000000000000000000000000C0000000
0000000000000000008800008000000008000000000300000000020000000000
0000000000000000000000000000000000000000000000000000000000800000
0000000000000000000500000080008000000000000000000000000000000000
0000000000000000000008000001000000000000000000000000000000000000
0000000000000000000000000002400000000200000002000000020000000000
0000000000000000000000000000800000000000800000000000000000000000
0000000000000000000000000000000000002000000000000000000000002000
0000000000000000000000000000000000000000000000000000000000000000
0020000000000000000000000000000000000000000000000000000000000000
0000000000000000000008800000000000000000000000000000000000000100
0000000000000000045A000000200000000000000008400800000EA500000000
0000000000000000000004000000000000200000000000000000000000000000
0000000000000000008400000000040420404000000000000000000100000000
1000080000000000000000000000000000000000000000000000000000000000
0000000000000000001A00003000000008004004004000000000000000000000
0000000000000000000000000000000000000000000000000000000042000000
000000000000000000BE00009018001020400000000000000000000000000000
0000000000000000000001000000000000000000000000000000000000000000
0000000000000000000800008000000000100000008008000000010000000000
0000000000000000000000010000000000000000000000000000000000000000
0000000000000000000000000000000000000000000000000000000000400000
0000000000000000000000000000010000000000000000000000002000000000
0000000000000000000000000000002608000000040842001000038500000000
0000000000000000000000000000000000000000000000000000000000000000
000000000000000000BEC000002C006E080740000000020398000BED00000000
0000000000000000000000000000000000000000000000000200000000000000
000000000000000004BA0000000000950800000820800000000008C100000000
0000800000000000000000000000000000000000000000000000000000000000
0000000000000000000000000000180904802420001000080000030500000000
0000000000000000000000000000000000000000100000000000000000000000
00000000000000000008000000000080000000000000000200000B8100000000
0000000000000000000000010000000000000000000000000000000000000000
0000000000000000000800000020022400000000000020000000008200000000
0000000000000000000000010000000000000000000000000000000000000000
0000000000000000008C00000400013200080004000000000000000000000000
0000000000000000000000000000000000000000020000000000000000000000
0000000000000000000000000080000000000000000000000000080100000000
0000000000000000000000000000000000000000000000000000000000001000
0000000000000000000000000000000000000000000000000000000000000000
0000000000000000000020000000000000000000000000400000000000000000
0000000000000000005200000400000808480000000000000000000000000000
0000000000000000000000000010000000000000000000000000000080000000
0000000000000000000000000100000000000000000000000000000000010000
0000000000000000000000000000000000000000000000000000000000800000
0000000000000000056E0000000001A209000880000000001000020100000000
0000000000080000000000000000000000000000000000000000000000000000
0000000000000000011890000000000003444000000000000000000000000000
0000000000000000000008000000000000000000010000000000000000000000
0000000000000000000000000000008000800010800000000000088100000000
0000000000000000000000000000000000000000000000000000000000800000
0000000000000000000A000000001000024000000000000200000FF700000000
0000000000000000018000000040802C40000000020000000000000000000000
0000000000000000000800000000000010000000000040010000000100000000
0000000000000000000000000000000000000000000000000000000000800000
0000000000000000049E00001000C024480440000000120000000DF900000000
0000080000000000000000000002000000000000000000000000000000000000
0000000000000000000400000000008000080000000000000000000000000000
0000000000000000000000000000000000000020000020000000000000000000
0000000000000000022000000200000000000000000000000000091500000000
0000000000000000000000000000000000000000000000000004000000000000
0000000000000000049C00008000003568418000000000001000078300000000
0000000000000000000000010000000000000000000000000000000000000000
0000000000000000019430000000004008400000008004000000000000000000
0000000000000000000000000000000000000000000000000000000010000000
000000000000000000CE0000000C1042409008000000000000000FF100000000
0000000000000000000000000000000000000000000000000000000000000000
00000000000000000404000000000000001000000000010000000B0000000000
0000000000000000000000000000000000000000000000000000000000000000
0000000000000000000400000200000000000000000000000000080400000000
0000000000000000040100000840000000000800000008000000000600000000
0000000000000000000000000000000000400000000000000000000000002000
0000000000000000000000000000000000000000000000000000000050000000
0000000000000000013AD0000008015008080006004000000000000000000000
0000000000000000000020000000000000080001000080000000000000000000
0000000000002000000000000000000001000000000000000000000000000000
0000000000000000000000010000000000000000000000000000000000000000
00000000000000000088000000201400080000000000400000000C0100000000
0000000000000000000000010000000000000000000000000000000000000000
00000000000000000000000000000000000000000008200000000D8100000000
0000000000000000000000000000000000000000000020000000000000000000
0000000040000000000000000080000000000000008000000000000000000000
0000000000000000000000010000000000000000000000000000000000000000
0000000000000000038A00000000034009080000008000000000000000000000
0000000000000000000000000001800000000000000080108000000000000000
0000000000000000000000000003080000000000000000000000000100000000
0000000000000000002000000040000000040000000000900000000040000000
0000000000000000000C00000028442008000000000000010000028100000000
0000000000000000000400000000000000000045001002000000004000000000
0000000000000000044200003800000000000000000001000000000000000000
0000000000000000000000010000010000000000000000000000000000000000
0000000000000000020800000000100000002040000000000000030100000000
0000000000000000000000000001600000020000000000000000000000000000
0000000000000000004110000080030020000000000000000000000000000000
0000000000000000001000000000000120002000150000100000020200000000
0000000000000000000000000008000010000000000000000000000000000000
0000000000000000000000010000000000020000000000000000000000000000
0000000000000000000000000000000000000000000000000000000020000000
0000000000000000000000000010000C02000200000110000000000000000000
0000000000000000000000000200000000000000001000001000020100000000
000000000000000005E060000050077F20200011000080003800000200000000
0000000000000000001000000220048200000000000000000000000000000000
1000000000000000040000000011000600000000000000000000000200000000
0000000000000000041000000000000000000000000000218000020000000000
0000000000040000000000000000000000000000000000000000000000000000
0000000000008000000000000000000000000000000000000000000000000000
0000000000000000000000000000000000000000000000000000000000000000
0000000000000000000004000000000000000000200000000000000000000000
0000000000000000000000000000010010020000000000000000000000000000
1000000000000000000040000008000000000001001208010000000000000000
0000000000000000000000000000008000000000000000000000000000000000
0000000000000000000000000118004000000008000080120000000800000000
0000000000000000000405000400101208000000000000008800000000000000
000000000000000000003C000041080401881000000000000000000000000000
000000000000000000400000000000A520000800000002000000000000000000
0000000000000000000000000000000000080000000000000000000000000000
0000000000000000000000000000000010000000000020000000000000000000
0000000000000000000000000000000000000000000000000000000000000000
0000000000000020000000000000000000000000000000000000000000000000
000000000000000000020400102A0400004000000001A0060800000C00000000
0200080000000000000000000000000000000000000000000000000000000000
0000000000000000002020000420E0000020800E304080062000002200000000
0000000000000000000000000000010008000000000000000000000000000000
0000000000000000000820000048000400000000004002108000000800000000
0000000000000000000000000004080A00160200000080000000000000000000
0000000000000000040004000028000000204012010204008000002200000000
0000000001000000000000000000000000000000000000000000000000000000
0000010000000000000000000000000000000000000000000000000000000000
0000000000080000000000000000000000000000000000000000000000000000
0000000000000000040000000100402000000040060002104000000000000080
0000000000000000001000000000008000000000000020000000000000000000
0000000000000000000000000000000000000000000100080000000000000000
0000000000000000000000001000010010000000000000000000000000000000
100000000000000000820C000000000000000000002000010000003600000000
0000000000000000010000800000000000000000800000000000000000020000
100000000000000000014C000020000009800000000020010800002800000000
000000000000000000000080000001A020000000000000000000000000000000
1000000000000000000008000014000002002000000009000000000000000000
0000000000000000000000000000000000000000000000000000000000000000
0000000000000000000280000002000000C02040200000080000000000000000
0000000000000000010000000000080220200000000400014000000000000000
0000000000000000000424000002000040000202048000100000000000000000
0000000000000000000000000000000000000000000000000000000000000000
000000000000000000036C000010000840000000400000100000000000000000
0000000000000000000000010000020000000000000000000000000000000000
00000000000000000001C000000C200000004000004000082000000200000000
0000000000000000000000000000010840000000008000400000004000000000
1000000000000000000080000005000441100000000000010000000200000000
0000000000000000000000000000000000000000000000000000000000000000
1000000000000000000808000017000000000000000003001000002800000000
0000000000000000000400012000000000000000000000000000000000000000
000000000000000000004E000000001000000000000080000000000800000000
0000800000000800000000000000000000000000000000000000000000000000
0000000000000000000054000190000000002000000001600000000200000000
0000000000000000001000000000000000000000000000000000044000000000
00000000000000000409A00001328630000C4001030840024000003A00000000
0000000000008000000000000000000000000000000000000000000000000000
1000000000000000000B0C000010000000000000000200002000000400000000
0000000000000000000000000000000010000000000000000800000000000000
0000000000000000000080000000400000010000401000000000000000000100
0000000000000000000410000000000010000000000010000000004800000000
000000000000000000080A000013C00040040007000080800000000800000000
0000200000000000000000000000000000000000000000000000000000000000
0000000000000000000000000000000000000000000000000000000100000080
0000000000008000000000000000000000000000000000000000000000000000
0000000000000000000100000080000000400000000000000000000000000000
0000000000000000000000000000000000000000000000000000000000000000
00000000000000000000C0000000000100000000041004401000001000000080
0000000000000000000001000000000010000000000000002000000000000000
0000000000000000000220000000000000000008200000100000000000000000
0000000000000000000000011000018000000000000000400000000800000000
0002000000000000000000000000000000000000000000000000000000000100
0000000000000400000000000000000000000000000000000000000000000000
0000000000000000000048000000000000000000080004000000000000000100
0000000000000000000000000000008020000000000000000000000000000000
0000000000000000000000000000000000008000000000000000000000000000
0000800020000000000000000000000000000000000000000000000000000000
0000000000000000006814000040000001800800000001020800001000000000
0000000000000000000000200000000000000000000000000000000000000000
0000000000000000000220000018000000200139000000000000002000000000
0000000000000000008000000000031000020080802020000000000000000000
10000000000000000404CC000018204440000800000022001800001400000000
0000000000000000000000000000000000000000000000000000000000800000
000000000000000000086000002E60484041000E00C000001000003A00000000
0000000000000000000000000000002010000000000040000000000000000000
2000000000000000000804000001000000000000040000100000000800000000
0000000000000000001000000000010000020000000000000000000000000000
1000000000000000000A88000000800000400000080040040000002200000000
0001000000000000000000000000000000020000000000000000000000000000
0000000000000000000000000005000004000006010000008000000400000000
0100000000000000000000000000000000000000000000000000000000000000
0000000000000000000A5C000002240008100404224040220800002400000000
0000000000000000000280000000000010000000000000010800000000000000
0000000000000000000000000000000000000000000000000040000000000000
0000000000000000000000800000000010000000000440010000000000000000
0000000000000000000000000000000000000000000000000000000000000000
0000000000000000000000000000000000000000000000000000080000000000
000000000000000000032C00031202000800020800A100003000001600000000
0000000000000000041000000000091C00000010010400800000004000000000
0000000000000000000BFE00003D006908102480000000008800001800000000
0000000000000000000000000000000000000000000000000000000000000000
0000000000000000000008000129000040005000010000200000001C00000000
0000000000000000008000000000010408020380000000000000002800000000
1000000000000000008304000001800040000000000001010000000000000000
0000000000000000000000000000000000000000000000000000000000000000
0000000000000000000000000000000000000000000000000010000000000000
0040000000000000000000000000000000000000000000000000000000000000
10000000000000000000FE000030000008000000001822000800000200000000
0000000000000000000000000000000000000000000000000000000000000000
000000000000000000030E0000C8C004000C0445000E20008000001000000000
0080000000000000000000000000000000000000000000000000000000000000
0000000000000000000000000009204880001020800000C00000001000000000
0000000000000000010000000004110000020008000000000000000000000000
0000000000000000000348000102001400000000000020300000001000000000
0000000100008000000000000000000000000000000000000000000000000000
0000000000000000000018000102000000002080000000000000000200000000
0000000000040000000000000000000000000000000000000000000000000000
0002000000000000000000000000000000000000080001000000000000000000
0000000000000000000000008000008000000000000000000000000000000000
0000000000000000020000000000000002000000000000000000000100000000
0000000000000000001000000000000200000108000000000000000000000000
00000000000000000000EE000118000900010002200840201000001000000000
000000000000000005000700000021DA00000100000200000000000000000000
0000000000000000000880000001000000000000002040000000000000000000
0000000000000000004000000000000010000000000000000000000000000000
0000000000000000040140000500004000000000000104048000000600000000
0000000000000000000030000000005610004000080020000000006000000000
0000000000000000000040000020001008804000000000001000000800000000
0000000000000000000000000000000000000000000000008000000000000000
100000000000000000000E000020004000100000000000001000000000000000
0000000000000000000400000000000000000000000000080000000000000000
0000000000000000000000000000000000004000000000000010000000000000
0000000000000000000000000000001010020000000000000000000000000000
0000000000000000000000008002000000000000000004002000000800000000
0000000000000000000400000000002A10060010000000000000000800000000
0000000010000000000000000000000000000000000000000000000000000000
0000000000000000000000000000000000000000000000000000000000000000
000000000000000000002F000003600001000000000060808000000000000000
0000000000000000000000810000100000000000000000000000000000000000
0000000000000000000000000000000000000000000000000040000000000000
0000000000000000000000000000000010000000000010000000000000000000
0000000000000000000000000000000000000004000000000010000000000000
0000000000000000000480000008011100089000000110000000000000000000
0000000000000000042000000000000040482082810000404000000200000000
0000000000000000000000000000000000000000000000000000000000000000
0000000000000000000106001910040048000000000000009000000200000000
0000000000000000000000000000000000000000000000000000000000000000
1000000000000000000814000000000001800000000000000000000000000000
0000000000000000000000000000000000000000000000000000040000000000
0000000000000000000148000080000000000802000000000000000000000000
0000000000000000041000000000085E00020014000000010800000000000000
0000000000000000000000000020000080001000002001000000000000000080
0000000000000000000000000000000000000000000000000000080000000000
0000000000000000010800000003000000002000302000100000000000000000
0000000000400000000000000000000000000000000000000000000000000000
0000000000000000000100000000420008000004014800000000000000000000
0000000000000000008400000000101000900022000010000000000000000000
0000000000000000000000000000000000004000000800008000000300000000
0000000000000000000000000000000000000000000000000000000002800000
0000000000000000000000000000000000000000000000000000000000000000
0000000000000000000000000000000000000000000000000000080000000000
1000000000000000000000000800000000000000000000000000000000000000
0000000000002100000000000000000000000000000000000000000000000000
0000000000000000000000000000000000000000000000000010000000000000
0000000000000000018C00000000010200120004000000000000000000000000
1000000000000000000008000000000000100000000000030000000000000000
0000000000000000000000000000000000000000000000000000000000000000
0000000000000004000001000000000040000000000000000000000000000000
0000000000000000050400000004101500100220080400010000000000000000
0000000000000000000200000005000000200000020001020000000400000000
0000000000000000000000004000008000000000000000000000000000000000
00000000000000000000200000C834004088043E408100004000003000000000
0000000000000000001200000000006000000000000400000800004400000000
1000000000000000000004000000000040000000000000000000000000000000
0010000000000000000000000000000000000000000000000000000000000000
0000000000000000000000000000002000080004000000000000000000000080
0000000000000000000000040000000000000000000000000000000000000000
000000000000000000024000001F000900843001061001100800001100000000
0000000000000200000000020000000000000000000000000000200000000000
0000000000000000000000000001000000040000000000000000000000000000
0000000000000000000000000000000000000000000000000000080000000000
000000000000000000034C000330003500000012004002000000000000000000
0000000000000000000000000000000000000000000000000000000000200000
1000000000000000000044000000000200000000000400000000003400000000
0000000000000000000000000000000000000000000000000000080000000000
000000000000000000008A00008800004500000000000A020000000200000100
0000000000000000000000800000000000000000000000000000000000000000
000000000000000002020000004480200080B00B000800000800000000000000
0000000000000000000000000000010000000000000000000000000000000000
0000000000000000000008000000000002000000000008000000000000000100
0000000000000100000000000000000000000000000000000000000000000000
1000000000000000000004000000000000000000000000008000000000000000
0000000000000000000000000000000000000000000000000000000004000000
100000000000000000000D000001000000100001004000030000000000000000
0000000000000000000000000000000000000000000000000000000000000000
0000000000000000000000000000000000001002004000000000000000000000
0000000000000000000000000000010000000000000002000000000000000000
0000000000000000000000000000000000C00002090080000000000100000080
0000000000000000000000000000000000000000000000000000400000000000
0000000000000000000000000000000000000000000000000010000000000000
0000000000000000008000000000000010000000000000000000000000000000
0000000000000000000808000000000000000020400000000000000800000000
0000000000000000000400010000000400000000001000000000000000000000
000000000000000000004E000175802008418002204080000000001200000000
0000000000000000000000000000000000000000010000000000000000000000
2000000000000000000000000000000000000000000000000000000000000000
0000000000000000000000000000000000000000000000000000000000000000
1000000000000000000004000001C00840000004000200010000002000000000
0000000000000000006000000000000000040000000000010000000000000000
1000000000000000000008000000000000404004000000000000000000000000
000000000000000000C0800000000C0000300084800200028000000000000000
0000000000000000000000000000000003003803800001403000000000000000
0000000000000000020000000000024000008000000001000000000000000000
100000000000000000001C000000000200000000001001031000001000000000
0000000000008000000000000000000000000000000000000000000000000000
00000000000000000001DE000016008000000418000801000000001200000000
0000000000000000000000000000000000000000000000000000000000000000
0000000000000000000020000108E02100486032420000100000000400000000
0000000000000000010000000000010800000020000000010800000000000000
0000000000000000000040000010000000000000000008000000000000000000
0000000000000000000000000000000000000000000000000000000000000000
000000000000000004005A00010200010040100A0000800A0000002000000000
0000000000000000041000000000D02000020080000060040000004000000000
0000000000000000000104000004600000000000000080120000001000000000
0000000008000000008000000000010000000000000000000000000000000000
00000000000000000005E000235DC03B488408F3418182107800003E00000000
0000000000000000021000000400000000000000000080000000000000000000
0000000000000000000000000000000000001000040002400000000000000080
0000000000000000000000000000000000000000000000000020000000000000
0000000000000000000000000000000000000000000000000000000400000000
0000000000000000000000000000000000000012000200100000004000020000
1000000000000000000008000000000000000000000001000000000000000000
0000000000000000000000000000000010020000000000000000000000000000
0000000000000000000004000000000000000000000000000000000000000080
0000000000000000008000000000002000000000000000000000020000000000
0000000000000000000002000000000000000808020100000000002000000000
0000100000000000000000000000000000000000000000000000000000000000
0000000000000000000000000000000000000000020000000000000000000000
0000000000000000000000000000008000000000000000000000000000000000
000000000000000000000C000014000000800000008101000000000000000000
0000000000000000000000000000000010000000000000000000000000000000
00000000000000000128400001602014E0249009430000440000001A00000000
0000000000400000000000000000000000000000000000000000000000000000
00000000000000000002A9000100000400000400000080000000000000000000
0000200040000400004000000000000000000000000000000000000000000000
0000000000000000000889000100000000000000000001000000002400000000
0000000000000000000000000000000012000000000400040000000000000000
000000000000000000088E000004E00000800044004000220000000000000000
000000000000000000040000000000050000C00000001C000000000000000000
0000000000000000000000000000100000200000000084000000000100000000
0000000000000000000000000000000000000000000000000000000000000000
00000000000000000000EA000003000000082002030800024000002000000000
0000000000000000000000000000000000000000000000000000000000020000
0000000000000000000000000000000000000000000000000000000000000000
0000000000000080000000000000000000000000000000000000000000000000
000000000000000000890B00002A000040000008000000000000000400000000
0000000000000000000000000000000000000000000004000000000000000000
1000000000000000000000000000000000000000000000000000000000000000
0000000000000000000000000000000000000000000000000000000000000000
0000000000000000000030000002000000800000000001300000000000000000
00000000000000000000000000001967000042008C0040000000004000000000
0000000000000000000020000000000040800000020008000000000000000000
0000000000000000010000000000110000000100000000000000000000000000
0002000000000000000000000000000000000000200000000000000000000000
0000000000000000000000000000000000000000000000000000000000000000
0000000000000000000000000000000000000000000001000000000000000000
0004000000008000000000000000000000000000008000000000000000000000
000000000000000000000C000000000000000100100000000000000000000000
00000000000000000000000000000000000000000000000000000C4000000000
0000000000000000000000000004000000080002000000000000000000000080
0000000000000000000000000000000000000000000000000000000000000000
0000000000000000000210000100000000000010000000000000000000000000
0000000000000060000000000000000000000000000000000000000000000000
0000000000000000040020000101000400486023000100080000002000000000
0000000000000000000000000000000010000000000000000000000000000000
1000000000000000040842004C14000000000000000001000000000000000000
0000000000000000010000000000100000000080000000000000000002000000
0000000000000000000000000080000000200400220080001000000000000000
0000100000000000000000000000000000000000000000000000000000000000
000000000000000000000800000400000500000000000800C000000000000080
0000000000000000000400000000000010000000000000000000000000000000
000000000000000000000000A000000000000801000000001000000000000000
0000000000000000000000000000000000000000000000000000080000000000
0000000000000000000808000008000040404000000000088000000800000000
0000000200000000000000040000000000000000000000000000000000000000
2000000000000000000000000000000000000000000000000000000000000000
0000000000000000020100010000010100000000000000000000000000000000
0000000000000000000C24007900000048010080008006000000000400000000
0000000001000000100000000000000000000000000000000000000000000000
1000000000000000000000000000000000800000020000000000000000000000
0000000000000000008000000000100010000000000000000000000000000000
00000000000000000000C0004200000000011020400806103000000000000000
0000000000000000000000000000000000000000000000000000000000000000
0000000000000000000000000000000000000000000000000000000000000080
0000000000000000000000000000000000000000000200000000000000800000
1000000000000000000006000028000000004000000000000000000000000000
0000000000000000000000000000000000010000000000000000000000800000
0000000000000000000000000230000000410000000000000800000000000000
0000000000000000000000800000000010020000000000000000004800000000
0000000000000000000000000000000140804000061101008000000000000000
0000000000000000000000800000100000000000000000000000000000000000
0000000000000000000A7E002D3C642F4820004000032000B000002600000000
0000000000000000000000010000000000000000000000000000000000000000
1000000000000000000190008100000000000000000002000000000000000000
0000000000000000000000000000000400000000000000000000080000000000
0000000000000000000248002004000000900000120080100000000000000000
0000000000000000000000000000000000000000000000000000000000002000
0000000000000000000008000020000000000000000000210000000000000000
0000000000000000001000000000100000000100000000000000004000000000
0000000000000000000A7E000050000805406003001A01B81000000200000000
0000000000000000001000000000000000000000000000400000000000000000
0000000000000000000804000701000000000000000000008000000000000000
0000000000080000000000000000000000000000000000000000000000000000
0000000000000000040008000104800040800080010200100000000000000000
0000000000000000000200010200508000040000000000800000004000000000
0000000000000000000000000000000000000000000000200000000000000000
0000000000000000018400000000055860014000000010000800000800000000
000000000000000004001C000060200401001000020000000000000000000000
0000000100000000000000000000000000000000000000000000000000000000
000000000000000000010000007A802000C84000404000080000000000000000
0000200004000000000000000000000000000000000000000000000000000000
0000000000000000000008000C01000008010200002001000000000000000000
0400000000000000000000000000000000000000000000000000000000000000
000000000000000000000C0001200000404020000041C0108000000000000000
0000000000000000001000000000030000000000080000000000000000000000
1000000000000000000004000000400000000000000000020000000000000000
0000000000000000000000800000028000040000000000004000000000000000
00000000000000000000540089010000A0000000000009000000002000000000
0000000000000000005100000000000000000000000000010000000000000000
0000000000000000000000000080000000000000000000000000000100000000
0000000000000000000000000000000060020200008000000000000000000000
0000000000000000000004000001000000100000000200001000002000000000
0000000000000000000000000000000000000000000000000000080000000000
0000000000000000000000000004400000204000300000002000000000000000
0000080000000000000000000000000000000000000000000000000000000000
1000000000000000000000000000000000080011000800008000000000000000
0000000000000000001000000100013000000000010000000000000000000000
0000000000000000000000000006000800400002000000042000000800000000
0000000000000000008000000000000000000010080410000000000000000000
000000000000000000000000000000000080000B200000100000000000000000
0000000000000000010000000000130000000000000800000000004000000000
0002000000000000000000000800000000000000000001000000000000000000
0000800000000000000000000000000000000000000000000000000000000000
00000000000000000001600013D8200C4881024C000002140000000200000000
0000000000000000000000000000000020000000000000000000000088000000
0000000000000000000044000010400000400002000001000000000400000000
0000000000000100000000000000000000000000000000000000000000000000
0000000000000000040204000040800000000080020020100000001200000000
0000000000000000000000000000000000000000000000000000000000080000
0000000000000000000020000005801008040091000000000000008400000000
0040000000000000000000000000000000000000000000000000000000000000
0000000000000000000004000000000800000000020000208000000800000000
0000000000000000004000000000010000000000000000000000000000000000
0002000000000000000000000000000000000000000000000000000000000000
0000000100000000000000000000000000000000000000000000000000000000
1000000000000000000204000010000000000000000001001000000000000000
0000000000000000000000000000000000000000000000000000040000000000
0000000000000000000000000000000000000000000000000000000100000000
0000000000000000000000000000000000020000000000000000000000000000
0000000000000000000000000000000000000000000000000000000000000080
000000000000000000C420000000020800420054000410084000004000000000
0000000000000000000040004903200200000800000100000000004600000000
0000000000000000000800000000100000020020008000000000004000000000
100000000000000000000E000000001000000001000003001000000000000000
0000000000000000009000000000010008000000000400000000000000000000
1000000000000000000009000001000000000000200000000000000000000000
0000000000000000000000000000000000000000000000000000000000000000
0000000000000000000078000000004200800040200000300000000C00000000
0000000000000000008003001600800010020000000000000000000000000000
100000000000000000000C000000000000000000000000000000000400000000
0000000000000000000000000000010000000000000000000000000000000000
0000010000000000000000000000000000000000000000000000000000000000
0000000000000000005001000000000010000000000000000000000000000000
0000000000000000000000000004000448808000009000008000002000000000
0000000000000000010000000000040000020000000000000000004000000000
00000000000000000006C0000012200900000002200800020000000000000000
0000000000000000000000000000000000000000000000000000000000000000
0000000000000000000820008102320008004440208280000000000800000000
0000000000000000000402817046401300020100000002000000000000000000
0000000000000000000898000220000800100000080000011000001800000000
0000000000000000000000000000000000000000000200000000200000000000
0000000000000000000000000000000000000004000000000000000000000100
00000000000000000100010000001B2300010800000000000800000000000000
0000000000000000000000000000000000000000040000000000000000000080
0000000010000000000000000000000010000000000000000000000000000000
00000000000000000008000000200400000044003C0000000000000000000000
0000000000000000001800000000000000000000002400000000000000000000
0000000000000000000008000000000000000080400100100000000000000000
0000000000000000000000000000000000000000000000000004000000000000
0000000000000000000BCE00013EE82C08840004000200308000000E00000000
0000000000000000000000800000000010000000000000000000004000000000
10000000000000000000C4000004001001004C00000020000000000200000000
0000000000000000000000000000000010000000000000000000000000000000
0000000000000000040028000000800200400000220200000000000000000000
0000000000000800000000000000000000000000000000000000000000000000
0000000000000000000000000000400040100001000000800000000000000000
0000000000000000000000000000000010000000000000000000000000000000
0000000000000000000000000000000000204040000000040000000000000000
0000000000000000000000000000000000000000000000000000000000020000
0000000000000000000042000000000000000001040000100000000000000000
000000000000000000D410000120005800020000800000000800000000000000
0000000000000000000000000800000000000004200100000000002000000000
0000000100000000000000000000000000000000000000000000000000000000
000000000000000000008D000002000201204008004300040000000A00000000
0000000000000000000000001000108000000000000000000000000000000000
000000000000000000000800012220010000800C004180000000002200000000
0000000000000000000000000000000000000000000000000000000000200000
0000000000000000000000000020000080040000000008440000001200000000
0000000000000000005400000000F00000060000000000000000002000000000
0000000000000000000048000200400000000100000100000000000200000100
0000000000000000000600000420102000800000000460000000000000000000
000000000000000000220C000006000000000400200000000000000000000800
0000000020000000000000000000000000000000000000000000000004200000
100000000000000000080800000D000000000000000000010000002000000000
0100000000000000000000000000000020000000000000000000000000000000
1000000000000000000D1C00000C004740100004004001030000002A00000000
0000000000000000000000000000000000020400000000000000000000000000
1000000000000000000008000000000000000000000000000000000100000000
0000000000000000000000000000000000000000000010010000080000000000
000000000000000004CBE000005FC073C0401400008000101800000A00000000
0000000000000000000000010008400000200000000000000000000000000000
000000000000000000098800001E6012081000000C4002020000001600000000
0000000000010000000000000000000000000100000000000000000000000000
0000000000000000000200000000000008400000008002000000000100000000
0000000000000000000100001000000000000280000000000000000000000000
0000000000000000000100000001180108080007210800000000000000000000
0000000000000000000000800000108000000200000000000000000000000000
0000000000000000040000000000000000802008120200002000000000000000
0000000000000000000040000000000010000080000000000000000000000000
0000000000000000000928000105801049002407110801801000000600000000
0000000000000000008000000000056000020008000000000000000000000000
000000000000000000048A000008000000000040440000000000000000000000
0000000000000000000000000000000010000000000400000000004000000000
0000000000000000000010000000000000600000001000000000000000000000
0000000000000000040000800200011000000000040020000000000000000000
0000000000000000000002000000000008000000000008000000000000000100
0000000000000000000000000000000000000000000000000000000000000000
00000000000000000000080000800000000000C0008000000000000000000000
4000000000000000000000000000000000000000000000000000000000000000
0000000000000000000000000000000000000000000000000000000000000000
0000000000000000000000800000000010000000000012004000000000000000
1000000000000000000000000000000000000000000002000000000000000000
0000000000000000000000000000000000000000000000000000000000000000
0000000000000000000802000000000007001000000008000000000000000000
0008000000000000000000000000000000000000000000000000000000000000
1000000000000000000000000000202000000000204000020000000000000000
0000000000000400000000000000000000000000000000000000000000000000
0000000000000000000000000024000000804040040000001000000100000000
0000000000000000001000000000000000000000000008000000000000000000
0000000000000000000008000000000000008800000004000000002400000000
0000000000000000001000000000000010000000000000000000000000000000
00000000000000000002C0000000003007000001011801800000003000000000
0000000000000000000000000000000000000000000000000000400000000000
0000000000000000000000000000000000018000000800000000002000000000
0000000000000000000000000000000000000000000000000000000000020000
0000000000000000000820000032000000100000080000020800000000000000
0000000000000000002000000000030400000000010000000000000000000000
000000000000000000200A000110002140400000000184000000000000000000
0000100000000000000000000000000000000000000000000000000000000000
0000000000000000000CA000010F001040800204200106100000000000000000
0000000000000000000000000000000000000000000000000000000000020000
0000000000000000000000000000000080004000020000020000000000000000
0000000000000000000000000000000610080000040070002000000000000000
000000000000000000007C000023004008400000000000040000002C00000000
000000000000000000000000000000000000080080A020000000000000000000
0000000000000000000040000080000000001003000000801000000000000000
0000000000000000020400000000080000000000000020000000000000000000
0000000000000000000000000000000000004002000900000000000000000000
0000000000000000000000000000000010000000000000000000000000000000
0000000000000000000B4D0002300002084C0104010000088000000200000000
0000000000000000009000000000100000020000000000000000004000000000
100000000000000000062C000001040000000000000001000000002000000000
0000000000000000000000000000000000000000000000000000000000000000
0000000000000001000000000000000000000000000000000000100000000000
0000000000000000000000000000810002020000000000000000000C00000000
0000000000000000040000000000000800000800000000001000000100000000
0000000000000000000000000000000000000000000000000000800000000000
0000000000001000000000000000000000008000200000000000000000000000
0000000000000000000000000000000010000000000008000000000000000000
0000000000000000000020005420000000000080002000060000000000000000
0000000000000000004000000000090000120020001000000000000000000000
0000000000000000000060000000000000200000002000001000000400000000
0000000000000000011000000000200828000000000000080000000000000000
0000000000000000000008000000000080000000000000002000000000000000
0000000000000000001000000000010000000000800000010000000000000000
0000000000000000000B5C000072201100000004400200108000000400000000
0000000000000000000000800000000010000000000400000000000000000000
0000000000000000000112000030004040000000000084828800001000000000
0000000000000000040000000000100010000000000000000000000000000000
000000000000000000016900000B800048044045000000080000000000000000
0000000000000000006200000020434221020000000000000000004800000000
0000000000000000002366000002200308400004200000200000001400000000
0000000000000000000000001800000000000000008000000000000000000000
0000000000000000000018000004000008210200000084820000000400000000
0040000000000000000000000000000000000000000000000000000000000000
00000000000000000008C000E920000806101040021009800800001C00000000
0000000000000000010000000000000010000000000400000000001000000000
0000000000000000000009000000000000004004000000020000000000000000
0000000000000000000000000000000000000000000000000000000000000000
0000000000000000000040000000000000200020200000000000000000000000
0000000000000000000000000000010000000004000300000000000020000000
1000000000000000000000000000000080000000000000000000000000000100
0000000000000000000000000000010000000000000000000000000000000000
0000000000000000000088000000000000000000000200000000000500000000
0000000000000000000000000000000020000000000000280000000008000000
0000000000000000000000000004204000000000000000000000000000000000
0000000000000000000000000000000000000000000000000000000000000000
1000000000000000000448000000400000080000002000028000002000000000
0000000000000000000080000000000010020000040600000000000000000000
0000000000000000000000000000000000000400000000000000000000000000
0000000000000000000000000000000008000000000000000000004000000000
1000000000000000000004000009000000000000006003000000000000000000
0000000000000000000000800400080010020000000000000000000000000000
0002000000000000000000000000000000000000000000000000000000000000
0000000000000200018000000000010020020000000000000000000000000000
0000000000000000000200000000000000000000000000000000000000000080
0000000000000000000000000000000010000000800000000000000000000000
0000000000000000000010000100000A40000000000020000000000000000000
0000000000000000000000010000000000000000000000000000000000000000
000000000000000000020C004512000000000200000000020000000200000000
0000000000000000000000000000000000000000000000210000000000000000
0000000000000000040B7C000136E07F4800100800C026107800003E00000000
0400000000000000000000000000000000000000000000000000000000000000
0000000000000000000089000000000000000000000000200000000000000000
0000000000000000000000000000000000000000000000000000000000000000
0000000000000000000000000080000000000400100180000000001000000000
0000000000000000000000000000000010020000000000000000000000000000
1000000000000000000000000004200000000001000000000000000000000000
0000000000000000000000000000000010000000000000000000000000000000
1000000000000000008DFC000114E06FE8000004006320002000000800000000
0000000000000000000000000000000000000000000400000000080000000000
0000000000000000000006000020800040100400004000000000000000000000
0200000000000000000000001000000000000000018000008000000000000000
0000000000000000000000000000000003002000314180000000002000000000
0000000000000000000000000000000020000000000000000000000040400000
0000000000000000000080000000002000000000200000200000000000000000
0000000000000000000000000000000000000000000000000000000000000000
00000000000000000408EC000014C00200800200200000002800000000000000
0000000000000000000000000000000000000000000000000000000000000000
000000000000000000000000008000000F800840030001001000000800000000
0000000000000000000000010000010000000000000000000000000000000000
1000000000000000000008000008000000400002000200000000000400000000
0000000800000000000000000000000000000000000000000000000000000000
0000000000040000000000000000000000000000000000000000000000000000
000000000000000005001000000000F880000004000400020000000000000000
100000000000000000051F000000000800402000001000220000001000000000
0000000000000000000000000000000000000000000000000000000000000000
0000000000000000000348000006080808000004201008001000000000000000
0000000000000000000000000000100010000000000000000000000000000000
000000000000000000020000080A400080818002500000000000000400000000
0000000000000000001000000008002780020000000000204000000000000000
0000000000000000000000000000000000000000000006000000000000000000
0000000000000000000000000000080010000000000010000000004000000000
0000000000000000000000000000000000000000020000000000000000000000
0000000000000000000000000000008020000000000000000000000000000000
0000000000000000000000000000000000000010000800000080000400000000
00000000000000000000000000400D0000000000800000000800000000000000
00000000000000000002E8000004E01040860000014000101000000000000000
0000800000000100000000000000000000000000000000000000000000000000
000000000000000000039E000008200040803000000004100000000800000000
0000000400000000000000000000000000000000000000000000000000000000
0000000000000000000000000000000000000000000000000000000000000000
0000000000000000040000000000000301020000002000080000000000000000
00000000000000000005000040D4000108481000440002008800000000000000
0000000000000000000000000000010000200200000600000000000000000000
0000000000000000000002000000000000000000000000000000000000000000
0000000100000000000000000000000000000000000000000000000000000000
1000000000000000000C2800003A000400000000000000001000000200000000
0000000000000000000000000000010000000000000000000000004000000000
00000000000000000000CC000009000000400000200002080000000400000000
0000000000000000000000010000814800030000000008000000001000000000
0000000000000000000042000080000000300005000000000000000000000000
0000000000000000000000000000010000000000000000000000800000000000
0000000000000000000282000010080041000004000020200000000000000000
0000000000000000000001800000100010000000000000000000000000000000
1000000000000000000940000000000000800000002000100000000200000000
0000000000000000000000000000000000000000002000000000000000000000
0000000000000000000008000000000000000210000040000000001000000100
0000000000000000000000000000008000000000000000000000000000000000
100000000000000000086800000A400008400000000240200000000200000000
0000000800000000000000000000000000000000000000000000000000000000
1000000000000000000000000000000040000200000000000000000000000000
0000000000000040000000000000000000000000000000000000000000000000
000000000000000000023F000111000000000000004000A02000000000000000
0000000000000000000000000000000010000000000000000000000000000000
00000000000000000401FC000018004800800C41004200820000001400000000
0000000000000000000000010000002100000100080000000000000000000000
0000000000001000000000000100000040000010010800000000000000000000
0000000000000000000000000000000010020000000000080000000000000000
0000000000000000000000000000000041402800000000000000002000000000
0000000000000000800000000000000010000000000000000000000000010000
0000000000000000000000000003000000080807600800800000004E00000000
0000400000000000000000000000000000000000000000000000000000000000
0000000000000000000000000109000000000000003004002000000200000000
0000000000000000000000000000080400020100000210000000000200000000
0002000000000000000000000000000000000000000000000000000000000000
0000000000000000000000810000000010000000000000000000000000000000
0000000000000000000008000001000008801000200100104000000000000000
0000000000000000000000000000000000000000000000000000080000000000
0000000000000000000000000000000000000000000000000000000000000000
0000000000000000001000000000000010000000000000001000000000000000
1000000000000000000908000000000004002040000000020000000000000000
0000000000000000000010800004000010020100000000001000000000000000
100000000000000000000C000000000000000000000001000000000000000000
0000000100008000000000000000000000000000000000000000000000040000
0000000000000000010840000040803020000018200080000000002000000000
0000000000000000000001800000010000000000080000000000000000000000
0000000000000000000100000104202400200200003102820000000800000000
0040000000000000000000000000000000000000000000000000000000000000
00000000000000000000C0000000000000000000000000000000002500000000
0000100000000000000000000000000000000000000000000000000000000000
000000000000000004083F00002080014020400C200000000000001A00000000
0000000000000000000000000000000000000000000000000000400000000000
000000000000000000006000000000000400100B000806801000000000000000
0000000000000000000000000000000000000000000000000000000001000000
000000000000000000812A000400000800000400021800000000000000000000
0000000000000000000000800000000010000000042000000000004000000000
0000000000000000000000000000000000000000000000000000000000000100
0000000000000000000000000000000080000000000000000000080000000000
0000000000000000008008000000A400020C0800004008005000000000000000
0000000000000000000000810000100000000000000000000000000000000000
000000000000000000000E000008800100020000100000088000000200000000
0000000000000000000000000200000010020000000000000800000000000000
0000000000000000020000000100400000010480000000008000001000000000
0000000000000020000000000000000000000000000000000000000000000000
00000000000000000002AC00011DFE0148C04006204020000000000800000000
0000000000000800000000000000000000000000000000000000000000000000
100000000000000000019C000014A00008000000000000040000002000000000
0008000000000000000000000000000000000000000000000000000000000000
000000000000000000020F000000000000080000000000000000000200000000
0000000000000000000000000000000010020000000000008000000000000000
0000000000000000000B4A00017D202448000030020020200800003E00000000
0000000000000000002C00000000010400020000000000000800000000000000
0000000000000000000000000000000000000000000000000000000000000100
0000000000000000000000000000000000000000000000000000800000000000
0000000000000000000010000080000000010000020008000000000000000000
0000000000000000004000000000000010000000000000000000000000000000
000000000000000004030E00001D000040040026000100040000000000000000
8000000000000000000000000000008000000000000000000000000000000000
1000000000000000000AEE000010000400000000002000000000000200000000
0000000000000000000000000000000000000000000000000000000000000000
0000000000000000000004000102040000040041000860040000000000000000
0100000000000000000000000000000000000000000000000000000000000000
0000000000000000002000002C00800000008000000000040000001000000000
0000000000000000000200800000000100000100802000100000000000000000
00000000000000000001AC00030C400000400304000002040000002000000000
0000100000000000000000000000000000000000000000000000000000000000
000000000000000000235E00ED82000400412002000200040000000000000000
0000000000000002800000000000010000000000000000000000000000000000
00000000000000000008200000061A504880148D210000584800000000000000
0000000000010000000000000000000000000000000000000000000000000000
000000000000000000008A000100002040000004009200108000000000000000
0000000000000000000000800000000010000000002000001000004800000000
0000000000000000040108002903000000804000001000040000000800000000
0000000000000000000000000000010000020000000000000000000000000000
0000000000000000000040000002000000000002200000000000000000000000
0000000000000000000100000000000210000000000000000000000000000000
0000000000000000000000000000000000000000000000000010000000000000
000000000000000000C400000220080800000000000020000000000000000000
000000000000000000000000005C000403000C00000008001000001200000000
0000000000000000009000000300400000000000000000000000000000000000
000000000000000000002C002100600040000240000180080800000000000000
0000000000080000000000000000000000000000000000000000000000000000
0000000000000000000140000006C00001000010000000000000000200000000
0000000000000040000000000000000000000000000000010000000000000000
0000000000000000000000000062001000804800000000100000000100000000
0000000000000000000000000000010010000000000000000000000000000000
0000000000000000000000000000000002000000000000000000000000000000
0000800000000000000000000000000000000000000000000000000000000000
0000000000000000000000000010000000002000000000000000000000000000
000000000000000000C000000400000000000000000020000000000000000000
0000000000000000000000000000000000000000000000000010000000000000
0000000000000000000000000000000000000000000010000000080000000000
0000000000000000000002000000000000000000000000000000000010000000
0000000000000000000000000000000000000000000000000000000000000000
000000000000000001284000D1500001C0C1A8C0621001083000002600000000
0000000000000000000000008000020000020000000010000000000000000000
0000000000000000000842000005800000000002000800800000000400000000
0000000000000000000000000000000000000000000400000000000040000000
0000000000000000000800004000000000C00440000100042000001400000000
0000000000000000000404800020004610000000000000000000000A00000000
1000000000000000000000000000200000000000000000000000000000000000
0000000000000000000400000000100010000000000040000000000000000000
2000000000000000000000000000000000800400000000000000000000000000
0000000000000000000400010000000010000000000000000000000000000000
0000000000000000020000001080000006410400410009000000000200000000
0000000000000000000000000000000000000000000000000000000000000000
0000000000000000000000000000000000000000200002000000000000000000
0000000000000000000000000000020010000000000040000000000000000000
0000000000000000000006000010200000040011004801000000003800000000
0000000000000000000000000000000010020000000000000000000000000000
0000000000000000000108000080000000701000000000000000000200000000
0000000000000000020000800200008400000000000000000000000000000000
000000000000000000010C000000000004000002000000000000000000000100
0000000000000000000000000000010010000000000000000000000000000000
0000000000000000000000000000000000008000000080000000000000000000
0000000000000000000000000000000000000000000000000000000000000000
0000000000000000000064000081A008418C0007430201101000002600000000
0000000000000000000000000000000000000000000000000000000000000000
0000000000000000020000000000000002080001000000000000000000000000
0000000000000000000000000000000010000000000000000000000000000000
100000000000000000898E000010400000000000000820000000002400000000
0000000000000000000000000000000000000000000000000000000000040000
000000000000000004098900001FE01C0060E008104340060000002E00000000
0000000000000000000000000000000080000000000000000000000004000000
000000000000000000033900011404784060E007100200220000002400000000
0000000000000020001000000000008000000000000000000000000000000000
000000000000000000022E000012000440010000000200200800000800000000
0020000000000000000000000000000000000000000000000000000000000000
000000000000000004050000000DA0684000000904F101800000001000000000
0000000000000000000000000000000000000000000000000000000000000000
0000000000000000000000000000000000801800000000000000000000000000
0000000000000000000000000000000000000000000000000200004000000000
000000000000000000088000022A000100000020010000004000000000000000
0000000000000000000000200000000000000000000000000000000000000000
000000000000000000000A0000044000080000C0000100200000000000000000
0000000000000000000000000000000000000000000000000000000002000000
0000000000000000000000000000000000000000010000000000000100000000
0000008000000000000000000000000000000000000000000000000000000000
0000000000000000000000000400000000001000800800000000000000000000
0000010000000000000000000000000000000000000000000000000000000000
0000000000000000000000000500000003000010004000002000000000000000
0000000000000000000000000000000000000000000000000000000000000000
000000000000000000003600010C400000088014000000000000000200000000
0000000000000000000000000000000010000000002000200000000000000000
100000000000000000000C00000C000000000000000208008000000100000000
0000000000000000000000010000000000000000800000000000000000000000
0000000000000000000008000000000000000000000A00400000000000000000
0000000000000000040000800008108000000000000000002000000000000000
0000000000000000000000000080000001000000000000000000000000000000
0100000000000000000000000000000000000000000000000000000000000000
0000000000000000000000000000000000200100010000000000000000000000
0000000000000800000000040000000000000000000000000000000000000000
1000000000000000000008000000000000000000000000800000002000000000
0000000000000000004000000000010000000800000000200000000000000000
0000000000000000000000000000000000000000000000000100000000000000
0000000020000000000010000000000000000000000000000000000000000000
000000000000000000000000030F200048000400042000000000000000000000
0400000000000000000000000000000000000000000000000000000000000000
0000000000000000000560000300000048410002200083003000002000000000
0000000000000001000000000000000000000000000000000000000000000000
000000000000000000000100000020000008001402C000000000000000000000
0000000810000000000000000000000000000000000000000000000000000000
10000000000000000008CC80003CC02A48000000000061020000000000000000
0000000000000000000000000000010000000200800040004000004000000000
0000000000000000000000000000000046000C01400000C00000000000000000
00000000000000000402C0000000090010080000000220100000004000000000
00000000000000000002400000102000486083481C4005000000003200000000
0000000000400000000000000000000000000000000000000000000000000000
0000000000000000000200002008403000011000020100000000001000000000
0000000000000000000000812800000000020000000000000000000000000000
0000000000000000000000000000000000004002000000000010000000000000
0000000000000000000000000000000000000000000000400000000000000000
10000000000000000000880000C0084001000000000000020000000000000000
0000000000000000044000000000000022002000080010000000004000000000
100000000000000001A96800003FE00008100000004021030000000E00000000
00000000000000000000000080000002000A0040800000000000000000000000
1000000000000000000896000012001000000000000008000000001C00000000
0000000000000000008000000000014000000000000000840000000000000000
0000000000000000000000000100000000080000000000000000000400000000
0000000000000000001000000000000000000000000000000000000000000000
0000000000000000000100000202800000000100220000000000000000000000
0000000000000000020000000000008000000000000020000000000000000000
1000000000000000000040800000000000000000000002200000003000000000
0000000000000000000000000000000000000000000000000000000000000000
0000000000000000000180004C88085400000004108000103000002C00000000
0000000000000000000401000000000210000000000010000000004000000000
0000000000000000000020000142040000400000100000000000000200000000
0000000000000000000000000000000010000000002000000000000000000000
00000000000000000000E00000A44004481C201B410080020800001200000000
0000000000000000000000000000000010000000000000000000000000000000
1000000000000000000008000000080001800000002000012000001000000000
0000000000000000018410000000035620040084000000000800000800000000
000000000000000000096E000010001E48801041011861109000002000000000
0000000000000000001000000000000010000000000000000000000000000000
0000000000000000000040000300802008002032412804000000000000000000
0000000000000000000000001000018000000000000000000800000000000000
0000000000000000000200000110000000011000000006000000000900000000
0020000000000000000000000000000000000000080000000000000000000000
0000000000001000000000000100000000010000008000020000000000000000
0000050000000002000000000000000000000000000000000000000000000000
10000000000000000418CA0000280009001000008020010A0000003A00000000
0000000000000000000000810000004C10020000000000000000000000000000
1000000000000000000028000046001040000000000000000000002600000000
0000000000000000001000000000000000000000000000000000000000000000
0000000000000000000000001500000000308C29020100000000002000000000
0000000000000000000000000000000000000000000000000000000000000000
0000000000000000020080000080000000000000000000000000000000000000
0000000000000000020000000000018000000200000000000000000000000000
0000000000000000002000004108002000400000000002100000002000000000
0000000000000000014000000000010000000000000000000000000000000000
0000000000000000000B44000008044000800000000000100000003000000000
0000000000000000000400000000010010000000000400000000000000000000
0000000000000000000008000120800000004001000080020000000000000000
0000000000000000000000000000000000000000000000000000020000010000
000000000000000000000A000115400005002002000000000000003000000000
0000000000000000000000019000008A00000000000000000800000000000000
0000020000000000000040000013004048080004000000020000002000000000
0000000000000000000000000000000010000000000000000000000000000000
0000000000000000000008000000000000000000000000000000000000000100
0000000000100000000000000000000000000000000000000000000000000000
0000000000000000002000000080000000080000000000000000000000000000
0000000000000000000410800008002010000040800000000000000000000000
0000000000000000000002000100000000000003000822000000003000000000
0000000000000000100000000000000000000000000000000000000000000000
000000000000000000084D00006A000240004000010000104000000C00000000
00000000000000000000000000400001000200D0080020000800000000000000
0000000000000000000348000000C02C00802001000400900000000C00000000
0000000000000000000000000000002008000000000000000000084000000000
0000000000000000001200000000000001010000000001002000000000000000
0000000000000000048000000000140900000000000020000000004800000000
0000000000000000002800004F00800100310000400084040000003400000000
0000000000000000008000000000000010000000000000000000000000000000
000000000000000004000000010000000100C008204080000000000000000000
0000000000000000000000000000000000000000000000000000000000000000
0000000000000000000866000102840208000006000080201000002000000000
0000000000000000000000000000000000000000000000000000000000800000
1000000000000000000008008028000000000000000200000000000000000000
0000000000000000008000000000082000020000802020080000000000000000
0000000000000000000000000000000000000000010000000010000000000000
0000000000000000000000000200400422000000000000010800000000000000
000000000000000000088000011FA40040E1003E2D89800A6000003400000000
0000000000000400000000000000000000000000000000000000000000000000
0000000000000000000000002200200000000000000000000000008000000000
0000000000000000000000000000000010000000000000000000000000000000
000000000000000000038000000000000000C410000080008000000000000000
0000000000000000000000000000000000000000000000000000080000000000
1000000000000000003C04000020000000000000000022200000000000000000
0000000000000000000000000000000010000000000000000000000000000000
0000000000000000000000000800000000000000000000020000000000000000
0000000000000000000000000000000000000000000000000000000000000000
0000000000000000000000000000000004000000000000000000000000000000
0000000000000000000000000000000000000000000000000000000000000000
0000000000000000000000000001400000040005014800004000000000000000
0000000000000000002002000000000010000000008020000000000000000000
1000000000000000000148000108000040000000000000000000002000000000
0000000040000000000000000000000000000000000000000000000000000000
00000000000000000000CC000006040004806004000000201000000A00000000
0000000000000000000000000000000000000000000000000000000000000000
000000000000000000000A000001000300010480000080200000001400000000
0000000000000800000000000000000000000000000000000000000000000000
0000000000000000000000000000000001000040000000000000000000000000
0000000000000000001000000000008200000000000000000000000000000000
10000000000000000008E8000037800048000040082001030800003800000000
0000A00000000400000000000000000010000000000000000000000000000000
000000000000000000000C000000000002000000000000400000000000000000
0000000000000000000400000000000010000000080010000000000000000000
000000000000000000000A000000400800000000000042000000002000000000
0000000000000000000000040000000000000000000000000000000000000000
0000000000000000000002000000000000000000000000000000000000000100
0000000000000000000000000400008000000000000000000000000000000000
000000000000000000026B0000000010080040800080C0020000000000000000
0000000000000000000000000000000000000000000000000000000000000000
0000000000000000000010000000000000000000000800000010000000000000
0000000000000000041000000000000000000008100000000800000000000000
0000000000000000000000000100001000082004400000000000000000000000
0000000000000000000000000000000000000000000000000000000000800000
0000000000000001000000000010000000010004000800000000000100000000
0000000000000100000000000000000000000000000000000000000000000000
0000000000000000000000004881000000000000000000000000000000000000
0000008000000000000000200000000000000000000000000000000000000000
000000000000000000000F000002440000002004000020000000000000000000
0000000000000000000000000000000000000000000000000000000000000000
0000000000000000000120000120000000C03801024800020000001000000000
0000000000000000000000000000000000000000000000000000000002000000
0000000000000000000040000000800000200000000006000000000000000000
0000000000000400000000000000000000000000000000000000000000000000
000000000000000000000C000120000008800400000104000000000000000000
0000000000000000015400000000000000020000000400000000002000000000
0000000000000000000802000000200400280C00020100010000001000000000
0000000000400000000100000000000000000000000000000000000000000000
0000000000000000000000000000000000000000000000000000000000000000
0000000000400000000000000000000000000000000000000000000000000000
1000000000000000000002000008000000000000000009020000000000000000
0000000000000000000000000000010080008000084000000000000000000000
00000000000000000000000000000000C6081040000901002000000000000000
0000000000000000000000000000008000020200000000000000004000000000
0000000000000000000000000000400000001010000000000000008000000000
0000000000000000000000000000000000000000000000000000000000000000
1000000000000000002008000000000048000000031850000000000000000000
0000000000000000008001818200000000000000801400010000000000000000
0000000000000000000000000001000000000000000000000000000000000000
0000000000000000000000000000000010022000080010000000000000000000
000000000000000000000C000100000000010008000008008000000000000000
0000000000000800000000000000000000000000000000000000000000000000
000000000000000000021A000044404048080000028084004000000000000000
000000000000000000A000000000400000020000000000040000004000000000
0000000000000000000008000000000000000001000000000000000000000000
000000000000000000000081A080000000000000000000000000000000000000
000000000000000000024000001430000084800C201801101000000800000000
0000000000000000001000800000010080000000000000000000000000000000
000000000000000000000A002400000000410007204280082000002200000000
0000000000000000009000000000004002000000000400080000004000000000
00000000000000000009200000020040000C0004030800009000002E00000000
00000000000000000000000000000100A0020020800004000000000000000000
0000000000000000000808000042804000200008020100020000001200000000
0000000000000000000000000000000000000000000000000000000000000000
1000000000000000000004000000000000000000000000000000000000000000
0000000000000000000000800020140800000000010000000000000000000000
0000000000000000000004000000000080000000001000008000000000000000
0000000000000000800000000000000000000000000000000000000000000000
0000000000000000000000000120000402000012008000002000000000000000
0000000000000000001000000000028000000000000000000000000000000000
100000000000000000004A000020000000000000000000000000002000000000
0000000000000000000000000000000000000000000000000000000000000000
000000000000000000000C00018200000000C000004000100000000000000000
0000000000000000000000000000000000000000000000000000000000000000
0000000000000000000220000106000000882480000001808000000000000000
0000000000000000000000000000000000000000000000000000080000008000
1000000000000000000A8E00030C640240000000000180000000002000000000
0000000000000000000000000000008000000000080000000000004000000000
000000000000100000008000012E0405000C0424000102108000000800000000
0000000000000040000000000000000000000000000000000000000000000000
0000000000000000000000000000080000004000000000000000000000000080
0000000000000000001000000000059000000000000000000000000000000000
0000000000000000000040000000000000000800200000004000003800000000
0000000000000000000000040000000000000000000000000000000000000000
0000000000000000000800002B10000000000000000084040000000000000000
0000000000000200000000000000000000000000000000000000000000000000
0000000000000000000080000000000003003000010800C00000000000000000
0000000000000000015800000000012A00020000000000040000000000000000
0000010000000000000000000000000000080040000000000000002000000000
000000000000000004C400000200037B0B010008001000000800006000000000
0000000000000000000807000020000040200010010800008000000000000000
0000000001000000000000000000000000000000000000000000000000000000
000000000000000000004A000003000808000004000380101000000400000000
0000000000000000000000010000400020000000000000000000000000000000
0000000000000000000A2E002090000002481000000200000000000000000000
0000000000000002000000000000010000000000000000000000000000000000
0000000000000000002000000100000000000020000001000000000000000000
0000200000000000001002000000012400000000800000000000000000000000
0000000000000000000000000000000000000000000000000040000000000000
0000000000100000000000000000000000000000000000000000020000000000
0000000000002000000000000000000000000000000000000000000000000000
0000000000000000000000000000000000000000000000000000020000000000
100000000000000000016A000018000008400000000000003000002800000000
0000000000000000000000000000010100000000000010000000000200000000
100000000000000000191C00002F200840000000000040030000001800000000
0000000000000000000000000000000010000000000000020000000000000000
000000000000000000000000002000000000C000004082000000008000000080
0000000000000000000000000000000000000000000000000000010000000000
1000000000000000050398000020000100184002000000830800003A00000000
0000800020000000000000000000000000000000000000000000000000000000
00000000000000000000E000001F800000402C042040000A0000001400000000
0000000000000040000000000000010020000000000000000000000000000000
0000000000000000000000000000800000485044410008000000000000000000
0000000000000000018000000048003A00060000100040000000000000000000
0000000000000000000000000000000000000000000000000110000000000000
0000000100000000000000000000000000000000000000000000080000000000
0000000000000000000000000000000800400000004000000000000000000000
0000000000000000000000000000010010000000000000000000000000000000
0000000000000000000358000014801008C87800030800080000000000000000
0000000000000000000000000000000010000000000010000000000000000000
0000000000000000000020000001D00800004000000100008000000400000000
000000000000000004F000000008C073A3001008040001090000007800000000
0000000000000000040F600001FE602C48A004C44E800412E800000E00000000
0000000000000000001400000000100000000000000000000000000000000000
100000000000000000048C000008800040000002080000000000000000000000
0000000000000000000000000000000000000000000000000000000000000000
10000000000000000002CA000028000000000000002000000000000200000000
0000400000000000000000000000000000000000000000000000000000000000
00000000000000000000C0000001000004080004420000808000000000000000
0000000001000000001000000000000000000080000000000000000400000000
0000000000000000000000000000000000020000000000000000000000000000
0000000000000000000000000000000000000000000508000000000000000000
0000000000000000000308000003004000C00104000004000800000000000000
0000000000000000004000000060002000020200000000000000000000000000
000000000000000000044C000008800800000000000000000000001100000000
0000000000000000010000000000210000000000000000000000000000000000
0000000000000000000A00000805E0004800001C006104108000001400000000
0000000000000000000000000000000000000000000010000000020000000000
0000000000000000000000000000000000000000004000000000000000000000
0100080000000000000000000000000000000000000000000000000000000000
0000000000000000000008000020040008000004030000020000000400000000
0000000000000000001000000000000000000000000000000000000000000000
000000000000000000000A000001001004002002000808800000000000000000
0000000000000080000000000000000000000000000000000000000000000000
100000000000000000001E800028000000000000001000010000001000000000
0000000000000000000000000000000020000400000000000000080000000000
0000000000000000000224000024000140000000100000100000003000000000
0000000000000000000000000000008000000000000000800000004000000000
0000000000000000000040000100000004000000000000000000000100000080
0000000000000000000140000000010020008000000000000000000000000000
0000000000000000000000000000000004000000000000000000000000000000
0000000000000000010000010000010000000000000004000000000000000000
00000000000000000000000000440000020C1800400008000000000000000000
0000000000000000020000000000002010000000000001000000000000000000
100000000000000000000C000000000001000000000800000000000000000000
0000000000000100000000000000000000000000000000000000000000000000
0000000000000000000008000000000004008004000080000000000800000000
0000000000000000001400000000030002020800400000800000000000000000
1000000000000000000040000100000000000004000000000800000000000000
0000000000000000000000810000000000000000000000008000000000000000
0000000000000000000000000000000000002002000000090000000000000000
0000000000000000001000000000000010000000000000000000000000000000
10000000000000000008AD000021000000400000082000000000002C00000000
0000000000000000000000000000000000000000000000000000000000000000
000000000000000000000000090400000020C0042001000A0000002800000000
0000000000000020000000000000000000000000000000000000000000000000
0000000000000000000808000130000000080000000009001000000400000000
0000000000000100000000000000000000000000000000000000000000000000
1000000000000000000008000004000000000200000000000000000000000000
0000000000080000000000000000000000000000000000000000000000000000
0000000000000000000A1A0000C2000040000003030200000000000000000000
0000000000000000011400000008010700020080000000000000000000000000
000000000000000000000800000000000C080003000001C00000000000000000
0000000000000000000000000000000010000000040000000000000000000000
000000000000000000006C000000002000000000708200020000000000000000
0000000020000000000000000000000000000000000000000000000000000000
0000000000000000000000000000080008000C02404000101000000000000000
0000000000000000000000000000000000000000000000000000000000040000
0000000000000000000000004080400000800800000080002000000000000000
0010000008010000000000000000000000000000000000000000800000800000
000000000000000000080F000000044440080040C30000204000000000000000
0000000000000000001000010100000010000000000000000000000000000000
0000000000000000000144000221800001008008200004000000000400000000
0000000000000000000000000000000000000000000000000000000000000000
00000000000000000249A000008F5E100F4C2442210801C80800002600000000
0000000000000000000000000000000000000000000000000000040000000000
100000000000000000084A000008000000000000082000000000003000000000
0000000000000000000000000000000000000000000000000000080000000000
0000000000000000000004000000000000000806000000000000000000000000
0000000020000000000000000000000000000000000000000000000000000000
0000000000000000000000000000000000000000000000000000000000000100
0000000000000000040000000000080000000000000200000000000000000000
0000000000000000000100000000000000C000000000018A0000002000000000
0000000000000000000000000000000000000000000000000000000000000000
00000000000000000009E0000004A07A090C204404200280C000000D00000000
0000000000000020000000000000000000000000000000000000000000000000
1000000000000000000004000001000005000000000040000000000000000000
0000000000000000000000000000000000000000000000000000000000000000
0000000000000000000108000110004004000000000800420000003000000000
0000000000000008000000000000000000000000000000000000000000000000
0000000000000000000000000000000000000000000000000000008000000000
0000800000000000000000000100008000000000000000000000004000000000
1000000000000000000670000000001800000000000000000000000000000000
0010000000000000000000000000000000000000000000000000000000000000
0000002000000000000000000000000000000000000000000000000000000000
0000000000000000010000000000000000000000000000000000080000000000
0000000000000000000000000000000000000000000000000000000008000000
0004000000000000000000000000000000000000000000000000000000000000
000000000000000000008E00000000002A000000000208008000000000000000
0000000000000000000000800004010000000000800000000000000400000000
0000000000000000000320000051000000410884000000080800000600000000
0000000000000000000000000000000000000000000000000000000000000000
00000000000000000008E0000097200240400003000220201000002A00000000
0000002000000000000000000000000000000000000000000000000000000000
0000000000000000000000000000000000000000000000000000000000000100
0000000000000000000000200000000000000000000000000000000000000000
000000000000000000801E000000000000090010001040200000002800000100
0000000000000000040000000000002010200000002040010000004000000000
2000000000000000000000000000000000000000000000000000000000000000
0000000000000000000000000000000000000000000000000000000000000000
0000000000000000000000000010000400100018400880084000000000000000
0000000000000000000000000000000010000100000000200000004000000000
0000000000000000000098000206000040000000000200008000001000000000
0000000000000000000000000000000010000000000000000000000000000000
0000000000000000002BEE000000005C00184800810000010800002E00000000
0000000000000000000000000000000000020000000000000000040000000000
0000000000000000000E0800E105000200800200468106100000002600000000
0000000000000000000100010020008000020000000000000000000000000000
0000000000000000000041000021A00000000001000000000000000000000000
0000000000000000001000000000018000000000000010000000000000000000
0000000000000000000008000102806848012004100A60240000001400000000
0000000000000000000000000000000010000000000002010000000000000000
0000000000000000000008000000082000804480004000220000000400000000
0000000000000000000000000000010000000000000000000000000000000000
0000000000000000000A80000038004008014000204080042800001C00000000
0000000000000000000000010000000010000000000000000000000000000000
100000000000000000205A00000A802000000000006001000000002400000000
0000000004000000000000000000000000000000000000000000000000000000
0000000000000000000000000100000041081031000800400800000000000000
0000000000000000000000000000000000000000000000000000080000000000
0000000000000000000006000000000000040040205040028000000000000000
0000000000000000000000000000000000000000000000000000000000000000
100000000000000004000C000008004540002000020000800000004200000000
0000000000000000000000800000000010000000000000010000000000000000
1000000000000000000000000000000000000000000000000000000000000000
0000000000000000000000000000000000000000000000000000100000000000
0000000000000000000000000000000000400028000004000000000100000000
0000000000000000000000000000000000000000000000000000040000000000
1000000000000000000008000000000000000000000000000000000000000000
0000000000000000000000000000000000000000000000000000000000000000
0000000000000000061040000000201000000000000000080000000000000000
0000000000000000000000000000000000020000000000000000000000000000
0000000000000000000000000000200000010000000000000000000000000000
0000000000000000000000009000000010000000000000000000000000000000
0000000000000000000240000000000000800001000000001000001200000000
0000000020000000000000000000000000000000000000000000000000000000
0000000000000000000008000000000000002804420000302000000000000000
0000000000000000020000000040000000000000000000000000004000000000
0002000000000000000000000040000000002400200000000000000000000080
0000000000000000041400000001104280060800000000001000000C00000000
0000000000000000000000000000000000000800000000000000000000000000
0000000000000000000000000000000000000000000000000000040000000000
0000000000000000000004000004000008040002010280004000000800000000
0000000000000000048000000000000420000000000020000000004000000000
000000000000000000002000000300014000020C002105009000000800000000
0000000000000000000000002000000000000000000000000000000000000000
000000000000000000020A000004000100001000000010207000001000000000
0000000000000000000000000000000010020000002000000000000000000000
000000000000000000001A000104000020000000000001000000000000000000
0000000000000000000000000000000000000000000000000000000000000000
0000000000000000000046000080000004002043002008000000000000000000
0000000000000000000000000000000000000000000000000000000000000000
0000000000000000000000000020000004100000060000800000000000000000
0000000000000000001000000000101000020400000000001000004000000000
0000000000000000000000000002000B00000006010000002000000200000000
0000000000000000000000000000004000020080800400000000000000000000
100000000000000000004C000104802000100000000000000000002200000000
0000000000000000000000800400000000040000000000000000000000000000
0000000000000000000800000008000000000404430800100000000200000000
0000000200000000000000000000000000000000000000000000000000000000
8000000000000000000000000000000000000000000000000000000000000000
0000000000000000000000000000000000100000000000000000000000012000
0000000000000000000918000120000000608004000080200000000400000000
0000000000000000000400000000101811000000000000000000000000000000
000000000000000000000000A000240000000000000000000000000000000000
0004000000000000000000000000000000000000000000000000000000000000
000000000000000000003C0003110000000021000002A4000000002200000000
0000000000000000000000000000000000020000000000000800000000000000
0000000000000000042F080000000002000000002000000A0000002000000000
0000000000000000000000000000000000000000000002200000000000000000
0000000000000000000000000000000000000400000000000000000000000000
0000000000000000009000000000010000200000000600000000000000000000
0000000000000000000100000002000000080000200000001000000100000000
0000000000000000000000000000000000020000000000000000000000000000
0000000000000000000AE600001D043B48045004204000020000002A00000000
0000000000000000000000000000018000000000000000000000000000000000
0000000000000000000080000019202202000084010108100000003000000000
0000000000000000000000000000000000000000000000000000000000000000
000000000000000000096E00012F200008010008008000000000000200000000
0400000000000800000000000000000000000000000000000000000000000000
0000000000000000000008000100400000080011148980000000000000000000
0000000000000000001200000000035220020000000000000000000000000000
0000000000000000000020000080800003842C24010001000000000000000000
0000000000000000000000000000000000000000000000000000000000000000
0000000000000000000FCA00001C600B4880218001810000C000002400000000
0000000000000000001000000000000010000000000000000000000000000000
00000000000000000403FC00002FA00E00900400020000121800003A00000000
0000000000000000048000000860101800000003002040000000000000000000
0002000000000000000000000000000000000000000001000000000000000000
8000000000000000000000000000000010000000000000000000000000000000
0000000000000000000000000100000004000000000000000000000100000000
0000000000000000001000000000000000000001000000001000000000000000
0000000000000000000000000030006200800800000004000000000000000000
0000000000000000000000000000000000000000000000000000080000000000
0000000000000000000000000000000000000004200000000000000100000000
0000000000000000010400000000100000000000000000000000000000000000
1000000000000000000004000000000000000000801040400000000000000000
0000000000000000000400000000000008020000000040000000004000000000
000000000000000000026A000130000800408011010C00101800002000000000
0000000000000000000000000000000010000000000000000000000000000000
0000000000000000000014000000000000000000800000000000000000000100
0000000000000000000000000000000000000000000000000000040000000000
100000000000000000000C0000000000000000000C0020020000000000000000
0000000000000000000000000000000010000000000000000000800000000000
0000000000000000000008000180000000402400000004000000002400000000
0000000000000000000000800000020000100000000000000000000000000000
100000000000000000029A000000000000004000000001000000000000000000
0000000000000000000000000000000000000000000000000002000000000000
1000000000000000000004000051000001000000000000000000000000000000
0000000000000000000000004000010000400000000001000000000000000000
0000000000000000000000000000000000000000000000000000000000000080
0000000000000000000000000000410000000000800060000000000000000000
000000000000000000002400020600000000000000008200B000000100000000
0000000000000000000000000000000000000000000000000000000000040000
0000000000000000000008004000001800000880000080000000001200000000
0000000000000000000000800020000010000000000000000000000000000000
100000000000000000000C000026400000010000000100043000000200000000
4000000000000000000000000000000000000000000000000000000000000000
0000000000000000000A14000008002600500000000001010000000000000000
0000000000000000000000800000000010000000000000000000000000000000
0000000000000000000000000000000000000000000000000010000000000000
0000000000000000000400000000000011000000000000000000000000000000
100000000000000000000C000000000004000000000040020000000000000000
0000000800000000000000000000000000020000000000000000000000000000
000000000000000000024C000001400000004000000080102000000000000000
0000000020000000000000000000000000000000000000000000000000000000
0000000000000000000008000004000000000800000000000000000000000000
0000000000000000000400000000000010000000000000010000000000000000
0000000000000000000000000000000000000000000000000000008000000000
0000000000000000000600000000014400000400000100000800004000000000
0000000000000000000000000800000000002000205084000000000000000000
0400000000000000000000000000000000000000000000000000000000000000
00000000000000000001C0002300000000000028000002008000000000000000
0000000000000000000000000000000000000000000000000000080000000000
0000000000000000000008000200000000000000000000000000000000000000
0000000000000000001000009000000000000004000200000000000000000000
00000000000000000001C0000113C0390060200804C106023800002400000000
0000000000000000000000800000000000000000080000010000000000000000
0000000000000000000800000007000200002000034000820000000000000000
0000000010000000000000000000000000000000000000000000000000000000
000000000000000000000000010360224100C00C005081400000002C00000000
0000000000000000000000000000003920000080000206000000004200000000
0000000000000000000008000100000000410002200480200000000000000000
0000000000000000000000000000230000000000000000000000000000000000
1000000000000000000010000100000000000000000000000000001000000000
0000000000000000000000000000000010000000000000000000004000000000
0000000000000000000012000020000001000000000000008000002010000000
0000000000000000001000000000002700008000080010800000004800000000
0000000000000000000320000118000208C10440200100001000000600000000
0000000000000000000000000000008000000000000000000000020000000000
000000000000000000024400083A0018C065C014304880800000003000000000
0000000000000000000000000000008000000000000000000000080000000000
000000000000000000200800000C800000400000200000800000000000000000
0000000020000000000000000000000000000000000000000000000000000000
1000000000000000000CDE000004000000000000003800080000000600000000
0000000000080000000000000000000000000000000000000000000000000000
100000000000000000069B000020000040100400000010000000000000000000
0000000000000000000000000000000020000000000000000000000002800000
0000000000000000040895000008E00A4808000502020010C000002C00000000
000000000000000000000000300010C020000000000000000000000000000000
0000000000000000000000000000000000000000100000080000000000000000
0000008000000000000000000000000000000000000000000000000000000000
0000000000000000000000000000000040000000000000000000000100000000
0000040000000000000000000000000000000000000000000000000000000000
0000000000000000000000000200000000000100000000000000000000000000
0000000000000000000000000000000000000800008020000000000000000000
0000000000000000000000000000000000000000000000000000000000000000
0000400000000000000000000000000010000000000000000000000000000000
1000000000000000000000000000000000000000000000000000000000000000
0000400000000000000000000000000000000000000000000000000000000000
1000000000000000000406000001000000000000080000000000000000000000
0000000000000000000000000000010000000000000010010000000404000000
0000000000000000000000000000000000000000000001000000000000000100
0000000000000000000000000000000000000000000000000000040000000000
0000000000000000000B00000022880000881010110000004000000000000000
0000000000000000000000100000000000000000000000000000800000000000
000000000000000000004000012000040038603B424000008000001C00000000
0000000000000000008000000000000000000000000000000200000000000000
000000000000000000000000000000000000100200000E000000000000000080
0000000000000000000000000000000000000000000000000000080000000000
0000000000000000000440000000800004200001004804000000001000000000
0001000000000000000000000000000000000200000000000000000000000000
0000000000000000000000000000000000000000000000000000000000000000
0000004200000000000000000000000000000000000000000000000000000000
0000000000000000000082000110200000000000000000000000000000000000
0000000000000400000000000000000000000000000000000000000000000000
0000000000000000000000000000000000000000000000000000008000000000
0000000000000000000000000000000000000000000000000000000000000000
0000000000000000040B3A0000014024080804030C0220081000002800000000
0000000000000000001000000000000010000000000000000000000000000000
0000000000000000000000000000000001000000000000000000000000000100
0400000000000000001000000000000000000000000000000000000000000000
0000000000000000000000000000000004000000000000000000000000000080
0000000000000100000000000000000000000000000000000000000000000000
0000000000000000000018000000000001000006084000000000000000000000
0000000000000000045000000000010000000000000400000000004000000000
000000000000000000000C000000000005800000001008408000000200000000
0000000000008000000000000000000000000000000000000000000000000000
1000000000000000002000000100000008010000020804000000000000000000
0000000000000000000000800000000100040000080000000000001000000000
0000000000000000000000000000000000000000000000000000000100000000
0000000000000000000000000000002000000802000000800000000000000000
000000000000000000024C00010D204048002202000084001000002000000000
0000000000000000001000000000008000000000002000000000000000000000
0000000000000000000000000081800000408008000000200000000800000000
0000000000000000001000000000000000040000000000080000000000000000
0002000000000000000000000000000000000000000000020000000000000000
0000000000000000000000000000000010000000000000000000000000000000
10000000000000000000090000C0000000000000004000000000000000000000
0200000000000000000000000000000000000000000000000000000000000000
0000000000000000000048000101060008800C0402C100101000003800000000
0000000000000000000002000000014E10000000000000000000000000000000
10000000000000000082C000000A200008000000002800000000000400000000
0000000000000000000000800000000010000000000000000000004000000000
0000000000000000000002000000000000000400020000000000000000000000
0000000000000000000000000000000010000000000000000000000000000000
0000000000000000042B4A00010F4448484020083001000C3800003200000000
0000000000000000000000000000000000000000000000000000080000000000
00000000000000000022DE00010AA00640002100408024000000003000000000
0000000000000000003010000000000410000000000000000000000000000000
1000000000000000000002000000000040000000000000000000000000000000
00000000000000000000C0000000001010000200000400000000000000000000
100000000000000000000A000001200000000000000000201000002000000000
0000000000000000041000000000004800000040004400080000000000000000
0000000000000000000340000125C408A9008014004100003000002A00000000
000000000000000004C000000009050D08C00098002010000000001000000000
0000000000000000000088000003000140000000000000002000002400000000
0000000000000008000000000400000000000100000000000000000000000000
0000000000000000000008000000000000000002000000000000000000000000
0000000020000000000000000000000000000000000000000000000000000000
0000000000000000000B7A000007E00845001002400008408800002400000000
0080000000000000000000000000020000000000000000000000000000000000
0000000000000000000188000008000008980000000000000000002000000000
0000000000000000000000000000000000000000000000000000000000000000
1000000000000000000008000001000000000000000040400000000000000000
0000000000000000000000000000000000000000000000000000020000000000
000000000000000000099E80001FA04A0C040000014460200000000C00000000
0000000000000000000400000000004010020000002001000000000000000000
0000000000000000000800000002280040801000000000002000000000000000
0000000000000000000000000000000000000000000000000400000000000000
0000000000000000000088000000400000040000000100000000000000000000
0000000000000000000400000000000010020000000000000000000000000000
0000000000000000000004000000280000000000440000000000000000000000
0000000000000000000000800000000000000000000000000000000040000000
1000000000000000000024000000000000000000000000004000000000000000
0000000000000000000000000000000010000000000000000000000000000000
000000000000000000000000018C000008000202040000008000000000000000
0000000000000000018000000000008000000002000000000000000000000000
1000000000000000000010000000000000080000000000000000000000000000
0000000000000000000000800000000010000000000000000000000000000000
00000000000000000000000000B2000500200000000000101000000400000000
0000000000000000000000000000000000000000000000000000080000000000
1000000000000000000106000000000000000000000000000000002000000000
0000000000000100000000000000000000000000000000000000000000000000
00000000000000000002E0000111C00000000090000000005800000800000000
0000000000000000000000800000000000000000000000000000000000000000
000000000000000000000E000002A02349000400000000111000000000000000
0000000000000000000000010000000000000000000000000000000000000000
100000000000000000008C000008000100000004000082002000001600000000
0000000000000000010040011000005000002000840000000000000000000000
1000000000000000000040800000000000000000000002000000000000000000
0000000000000000040000000000019000000000000000000000000000000000
0000000000000000000000000202A80001800400021104100000002000000000
0000000100000000000000000000000000000000012120000000000000000000
0000000000000000000023012080000000400020000880042000001000000000
0000000000000000000000000000000000000000000000000000C00000000000
00000000000000000002A00001800000480C2011408880800800002100000000
0000000200000000000000000000000000000000000000000000000000000000
000000000000000000009E000100000000000000000002041000000000000000
0000000000000000000000000000010000000020000210000000000000000000
00000000000000000000C0006804460020000010000900802000000800000000
0000000000000000001010000000020200420040000E00050800000000000000
0000000000000000000002000000000040002000000004000000000100000000
0000000000000800000000000000000000000000000000000000000000000000
0000000000000000042BE000C137E05D486180DA0041001C0800003E00000000
0000000000000000000000000000000000000000000000000000080000000000
1000000000000000000144000000000008004000280000000000000400000000
0000000000000000000000000000000000000000000000000000000000000000
1000000000000000000008000001000000000000040000000000001000000000
0000000000000000000400000040000000000000000000000000000000000000
00000000000000000004000003140000001001C01C4004108000002000000000
0000000000000000000000000000000000000000000000000000000040000000
000000000000000000000C002100000100510000000000020000000000000000
0000000000000000000000000000000000000000000000000000000000040000
00000000000000000000E8000018004000000000002026000000001600000000
0000000000004000000000000000000000000000002000810000000000000000
000000000000000000000000019284004900000842000110A000001000000000
0000000000000000000000800000000010140000000400000000000000000000
0000000000000000000000000000800000004000000000001000000800000000
0000000000000000000000000000000000000000000000000000080000000000
00000000000000000008000000807A0001C00C00220000908000000000000000
0000000000000000000200010000100010000000C00010000000004400000000
0000000000000000040BFA000007A03660000008008B08400800002C00000000
0000000000000000000000000000000000000000000000010000000000000000
00000000000000000000080000080004414003000820C4000000001000000000
0000000000000000040000003000000000000100800400000000000000000000
000000000000000000004E000100000000000010008B80180000003200000000
0000000000000000000000000000000000000000000000000000400000000000
0000000000000000001800000000000408400000200000001000000400000000
0000000000000000010000000000000000021000004002000000004000000000
100000000000000000010C000010000C00008000002000000000002000000000
0000000000000000001000000000000020020010000420000000000000000000
0000000000000000000140000008600008000141040104C08000000500000000
0000000000000000001000000000012000000000000000000000000400000000
0000000000000000022040000000000000451000810000000000003200000000
0000000000000000004080000000401000000000000010010000080000000000
0000000000000000004B08000000000000080800000000000000000000000000
0000000000000000000000000000000000000000000000000000000000000000
0000000000000000004004000000800401C01C00000001002000000400000000
0000000000000010000000000000000000000000000000000000000000000000
00000000000000000008FC00010E000C000C0012008240000000000000000000
0000000000000000000000000000000000100000000000000000000000000200
000000000000000000012E000015000009002000010028000000000000000000
0000000000000000000000000000000000000000000000000000000000100000
0000000000000000000008000008000002000040000001420000000800000000
0000000000000000000000800000000010000000000000000000000000000000
1000000000000000000002004500800048000000000000000000000800000000
0000000000000000000000000000020010020000202000000000004200000000
0000000000000000000000000000020000000008000000000000000000000000
000000000000000000A000000000244500038000000402008000004000000000
0000000000000000000000000000000001000002000000000000000000000080
0000000000000000000000000000000000000000000000000000000000000000
000000000000000000080F000010000000006004200800002000000800000000
0000000000000400000000000000000000000000000000000000000000080000
000000000000000000000C000000000000005000000000400000000100000000
0000000000000800010000000000080020040100000040000800004000000000
0000000000000000000800000000200000000090000001402000002200000000
0000000000000000000000000000000000000000000000000000000000000000
00000000000000000401E000011A604000008040000180081000001400000000
0000000000000000001000000000000000000000000000000000000000000000
000000000000000000000800010042000800000C000000100000000000000000
0000000000000000000400800000030000000000000000000000000000000000
000000000000000000084E000000000004001001001A09000000000400000000
0000000000000400000000000000000000000000000000000000000000000000
1000000000000000010008000000000000000000002041010000000000000000
0000000000400000000000000000020000100000000000000000000000000000
0000000000000000002000000108000000002000000000000000000000000000
0000000000000000000000000000000000000000000000000000000000000000
0000000000000000000240000008002040000002003001000000002300000000
0000000000000000010000000000012000000100000000002000004000000000
000000000000000000020000020840400021210408C100020000002600000000
0000000000000000000000000000000010000000000000000000000000000000
0000000000000000000840000020000800001010200802048000000600000000
0000000000000000000000000000000000000000000000000000000000000000
0000000000000000000080000004000000000000000000024000000500000000
0000000000000000000000000000010180002000800200200800000000000000
0000000000000000000400000000000000000002020004000000000000000000
0000000000000000040000810000000100020000000000000000000000000000
0000000000000001000000000000000000000000000080000000008000000000
0004000000000000100000000000000000000000000000000000000000000000
00000000000000000008600002206000404080484E8084000000003600000000
0000000000000000008000000000000000000000000000000000084000000000
0000000000000000000200000000000040003000000000000000000000000000
0000000000800000000000000000000000000000000000000000000000000000
0000000000000000000060000022000000001002000000C00000002000000000
0000000000000000000000000000000000000000000000000000000000010000
1000000000000000000A01800000000000100000000050000000000000000000
000000000000000000000000000000C020000000000000000800000000000000
0000000000000000000008000000000000000000000000000000000000000000
0000000000000000000000000000000000000000000000000000000000000000
1000000000000000000808000004000000400000001000000000000000000000
0000000000000000000001000000080010000000000000000000000000000000
0000000000000001000000000000000000000000000000100000000000000000
0000000000000000000000000000000000000000000000000008000000000000
0000000000000000000008000000800004100000004001000000000000000000
0000000000000000000000000000018000000000000000000000000000000000
0000000000000000000000000001000000000000000000000080000000000000
0000000000000000000000000000000010000100000000000000000000000000
0000000000000000000000000000000000080000014000000000000100000000
0000000000000000000000000000000000000000000000000000000080000000
00000000000000000000000002C0000040381401800800000000000000000000
0000000000000000001000000000004010000000000000000000000000000000
0000000000000000000046000102C00040000010104980000000000000000000
0000000000000002000000000000008000000000000000000000000000000000
0000000000000000000020000000000000080000000005000000000000000000
0000000000000000050400000000010000000000080000000000000400000000
0000000000000000000000000000000000000000000000000000000000000100
000000000000000000000000000000A010040800080000000000000000000000
0000000000000000000008000100000200008004010800001000000000000000
0000040000000000000000000000000000000000000000000000000000000000
000000000000000000400C000024800440100000001001020000002600000000
0000000000000000000000000000000010000000000018080000004000000000
000000000000000000020000011500000600C05B01490100B800000000000000
0000000000000000000011800000000010000000000000000000000000000000
00000000000000000000A2000004003008000009081000E00000000000000000
0000000000000000001000000000011120000000000020010000000000000000
0000000000000000000040004934C00000400814201800002000000000000000
0000000000000000000000000000000010020000000040000000000000000000
00000000000000000000C0000000B00000881004010000004000004000000000
0000000000000000001000000000000010020000000000000000000000000000
0000000000000000000000004906000000000001004000800000000000000000
0000000000000000001000000000110000020000000400000000000000000000
0000000000000000000000000000002140018000100001003000001000000000
0000000000000000010000000000001000400080040400000000000000000000
0000000000000000000000000000000000000000000000000010000000000000
00000000000000000000108000000061100200008001C0000000000000000000
100000000000000001438C000000000100000800000001209000002400000000
0000000000000000002800000000010000000000800020000000000000000000
00000000000000000003CC00010C000240204000200EE0220000003A00000000
0000000000000000020000000000000000000000000400000000000000000000
1000000000000000008000000004000000000000000001800000000000000000
0000000000000000000000800000000010000000002008000000000000000000
0000000000000000000020000000000000003C52008100804000000100000000
0000000000000000010000000040010200000A00900004200800000000000000
0000000000000000000000000000002000800008000081002000000000000000
0000000000000000000001000000150300021000000000000000000000000000
000000000000000000000000000A200800080000018100048000000000000000
0008000000000000000000000000000000000000000000000000000000000000
0000000000000000000000000000000000000000000000000000000000000000
0000000000000000001000000000004020024000180000080000000000000000
00000000000000000009C0000110000000881820010004081000000200000000
0000000000080000000000000000000000000000000000000000000000000000
000000000000000000086C00650F840048404008004280082800003200000000
0000000000000000010001000000000800100200000000200000000000000000
0000000000000000000004000000800008000800408000000000001000000000
0000000000000000000000000800010000020000000000000000000000000000
0000000000000000000000000000000000000000000000000000000000000000
0000000000000000000000000000000000000000000010000000000000000000
0000000000000000000008000020000003081000010000000000000000000000
0000000000000000000000000000000000000000000000000000000000040000
0000000000000000000040000084000000800000080000004000000000000000
0000000020000000000000000000000000000000000000000000000000000000
1000000000000000000004000000200000000000000020240000000000000000
000000000000000000B800000000000228100000000600000000004000000000
0000000000000000000080000020000004800000040001000000000100000000
0000000000000000000000000020000000000000000000000000000000000000
0000000000000000000020000080000000000000501000002000000000000000
0010000000000000000000000000000000000000000000000000000000000000
0000000000000000000000000000000040400400000000000000002100000000
0000000000000000000000000000008010000000000000000000000000000000
0000000000000000040BFC000120044208010004004200003800002400000000
0000000000000000000000000000000010000000000000000000004000000000
0000000000000000000620000055A00540004301080980000000001000000000
0000000000008000000000000000000000000000000000000000000000000000
000000000000000000001E000104402840001028004000203800000000000000
0000000000080000001000000000000000000000000000000000000000000000
100000000000000000AAFC00000A005048000000004000210000003000000000
0000000000000000000000000000000010000000000000010000000000000000
0000000000000000000040004508000000010000000000000000000000000080
0000000000000000000000000000000000000000000000004000000400000000
0000000000000000000000000000000000010000000082000000000000000000
0000000000000000010000000000000000020200800000000000000000000000
0000000000000000000000000000000000000004000000000000002100000000
0000000000000000000000000000000000000000000000000000000000000000
0000000000000000000048000000400008000000004000000000000800000100
0000000000000100000000000000000000000000000000000000000000000000
0000000000000000000064000000000008000004000000000000000000000000
000000000000000002008001C0C0008500060000000000000000000000000000
000000000000000002206000CD1104110800844802C1801CA000003400000000
000000000000000000000000000001C000000000000000000000000000000000
0000000000000000000B0C000010800000000000100000028010000800000000
0000000000000000000000000000000000000000000000000000000000000000
0000000000000000000008000001000100002000100280000000002000000000
0000000200000000000000000000000000000000000000000000000000000000
040446400086308801E00020000B3F1400000000000000000800000020000000
0000080000001000000020C0300800C600000000000000001000000000000000
4384FEA8E40080200270BD5801AE363820000000000000000800000020000000
0000000000000000000000000000000000000000000000000000000000000000
83E775EC1612002407F8018C0EFBE7FF00000000000000000800000000000000
2000000000000000000000000000000000000000000000000000000000000000
0000080000000000000000000000000000000000000000000000000000000000
0000000000000000000000000000000000020000800000000000000000080000
0C2500751250304080810D0000DDC08220000000000000000800000020000000
000001A000201001012700420020019000000000000000000000000000000000
0800000020100020000000000000000000000000000000000000000000000000
0000000000000000000000000000000000000000000000000000000000000000
0000000000000800000000000000000000000000000000000000000040000000
0000000000000000000000000000000000200000000000000000000000000000
0000004000000030000001400000000000000000000000002000000020000000
000000000000100000000605B812008200000000000000000000000000000000
0000000000000000000000000000000000000010000000000000000000000000
0000000000000000000200000000000200000000000040000000000000000000
0000000000000000000000000000000000000000000000000000000000000000
0000000000000000000000000000000000000000000000000800000000000000
8EFDF7D7BF80000407B8101800EED39400000000000000000800000000000000
008000000000000000009003A800008000000000000000000000000000000000
0004000000000000020000400000A01000000000000000000000000008000000
0000000000000000000000000010000000000000000020000000000000000000
019B5AE000C3802001680100011A0844000000000000000000000001F0000000
0000000000000000000000000000000000000000000000400000000000000000
0040000080020000002000000200080000000000000000000000000000000000
0000000000000000000000000000000000000000200000000000000004020000
0000000000000000000000000000000000000000100000000000000000000000
0000000000000000000400002000020400000000000000000000000000000000
0000000004000000000000400000040000000000000000000004060000000000
0000000000000000020400001000001000000000000000000000000000000000
0010000000002000000000000010080000000000000000000000000020000000
0000000000000000000000000000000000000000000000000000000000010000
0000004000014301200000000000000000000000000000000000000000000000
0000000000000000000000000000000000000000000000000000000000000000
07E660200006402403D0000805537C0300000000000000001000000000000000
0000000000000000000000000000000000000000000000000000000000000000
0000000000000000000000000000000000000000000020000004000000000000
0000000000000000000020000000000004000000000000000000000000000000
0000000080000000000000000044040000000000000000000000000000000000
0000000000000000000000000000000000200000000000000000000000000000
0800000000406430000000000000000000000000000000000000000000000000
0000000400000000000200000020000008000000000020000000000000000000
0800000000000000000000000000400000000000000000000000000000000000
0000000000000000000000000000000008000000000200000000000000000000
062813058582FF80220A83080065E80700000000000000000800000000000000
0000000000000000000000000000000000000000000000000000000000000800
0000000000000010000000000040000000000000000000000000000080000000
0000000000000000800000000000000000000000000020000000000000000000
8F5FAF5D37C3482684D0101804437FFC00000000000000000800000000000000
0000000000000000000000000000000000100000000000000000000000000000
8040042040008000001000000000000400000000000000000000000000000000
0000000000000000000000000000000000000000000000000000000800000000
000040E2E04B0000003800300400000000000000000000000000000000000000
0000000000000000000000000000000000000000800000000000000000000000
0808080003100000000000000000000000000000000000000000000000000000
0000000000000000000000000000000000000000000100000000000400000000
0000000000800000000000000000000000000000000000000001000000000000
0000000000000000000000000000000000000000000000000000000000000000
04040002000200000000000000004C0000000000000000000800000000000000
0000000000000000000000000000000000000000000000000000000000000000
AA16875164120020021801B90141FC0000000000000000000000000000000000
0000000000084000000000000000000000000000000000000000000000000000
0000020000000000000000000080000000000000000000000000000000000000
0000020000000400000000000000000040000000000000001000000000000000
0000000000002000002800000000000000000000000000000000000000000000
0000000000000000000000000000000000000000000000000000000000000000
0000000004000000000000080000000000000000000000000000000000000000
0000000000000000000000000000000000000000000000000000000002000000
00A11260000080000000004000011804000000000000000000000000C0000000
0000000000000000000000000000000000000000000000000000000000000000
0C9758FAD6B2E6FF0432AF3001FF372300000000000000000800000000000000
2011000E59000000000000007828010000000000000000000000000000000000
03308004A00388A4009048080201400000000000000000000000000000000000
0000000000000000000000000000000000000000000000000000000000000000
9BA45E9BB6BF25010527292C1E63DB0A00000000000000000800000000000000
00000004080018000008C525F802004100000000000000000000000000000000
043B2B6A03C26CA001318910004A858000000000000000000800000000000000
0000000000000000000000002000000000000000000000000000000000000000
17FFE6E004D3882004C800C801B97FE400000000000000000800000170000000
0000000000000000000000000000000000000080000000000000000000000000
0000000000000000400000000000000000000000000000000000080000000000
0000000000000200000000030000000000000000000000000000000000000000
0020144200018810060080000001008800000000000000000800000020000000
0230000000000000000402000000000000000000000000000000000000000000
0828000000010401000018200140000400000000000000000000000000000000
0000000000000000000020000000000000000000000000000000000000000000
87FFF7FFFF87E02007FD09B805BFFFFF00000000000000000800000000000000
0000000000000000000000000000000000000000000000000000000000000000
04224000040200200000004000201000000000000000020000016A0000000000
0000000000000000000400000440000000000000000000001000000000000000
0D967014351CC00004437A3803C1820200000000000000000800000000000000
0000000000000000000000000000000000004000000000000000000000000000
0000000000106020000000000000000000000000000000000000000000000000
0000000000000000000000000000000000040000000000000000000000000000
0F0EFFEC3382002401B8010806AE1E6600000000000000002800000000000000
0000000000000000000000000000000000000000000000000000000000000000
0000100004000000008000000000900000000000000000020000000000000000
0000000000040001000660000000008000000000000000000000000000000000
13FBF7D8E7C3802007BFEFD801FD2FFF20000000000000000000000020000000
0000000000000000000500000000000000000000008000000000000000000000
0000000042000000003000000000100000000000000010020000000000000000
0000000000000000000000010000000000000000000000000000000000000000
151DEF7E8D094B4A85E72D1001567F8E00000000000000000800000000000000
0000000000000000000000000000000008000000000000000000000000000000
04A1FEA080820820067000BC01C459CD20000000000000000800000020000000
0000000000000000000000000000000000010000009000000000000000000000
000E5D48E301000005CC20A00175003A00000000000000000000000000000000
0000000000000000000200000000004400000001000000000000000000000000
0002000000000000000000300000000000000000000004400000000000000000
0000000000000000000000000000000000000000008000000000000000000000
0000000000008020000000000000000000000000000000000000000010000000
0000000000000000000000000000000000000000000000000000000000004000
0000008008000000000000000210000040000000000000000000000000000000
0000000000000000000000000000000000000000000000200000000000000000
17E6D433ED838220039AA300015A92DA000000000000000028000001C0000000
0000000000000000000000000000000000000002000000000000000000000000
0000000000000000000000000000000000000000000000001000000000000000
0000000000000000000000000000000000000000000000000000000000000000
0000000000008000000000000200000000000000000000000000000100000000
0000000000000000000000000000000000400020000000000000000000000000
815043C0A0838830236911800218B11800000000000000000800000000000000
0000000000140000000A53000000000000000000000000001000000000000000
0008084440800020000004000020288400000000000000000800000020000000
0000000000000000000000000000000000080000000000000000000000000000
000C100180C000000008000000C0440040000000000000000000000000000000
0000000000000000000000000800000000000000000000000000000000000000
0000000000000000000000000000000000000000000000000000000020000000
0000000000000000000000000000000000000000000000000000000000000000
0211928060028100020000180000603120000000000000000000000020000000
0000000000000000000000000000000000000000000000000000002000000000
090678AC378126FFC2C1012A04A60A0C00000000000000000800000000000000
2000000000000000000000000000000000000000000000000000000000000000
0800400000000000008040100000000000000000000000000800000000000000
0000000000000000000000000000000000000010000000000000000000000000
0010004080008000800000000000000000000000000000000000000000000000
0000000000000000000000000000000000000000000000000000000000000000
000D540800000202022000000123881000000000000000000000000100000000
0000000000000000000000000000000000000200000000000000000000000000
040798208000C1E9800800000202B70600000000000000000000000020000000
0000000000000000040040000000000000000000000000000000000000000000
0413000000018400000000100000820100000000000000000000000180000000
0000000000000000000000000000000000000000000002000000000000000000
03543CA400239610007801000420922120000000000000000000000020000000
0000000000000001010000000000000400000000000080000000000000000000
8402204C44C00900540000300142000000000000000000000000004000000000
0000000000000000000000040000000000000800000000000000000000000000
000001249402002002A800040100CC0000000000000000000000000000000000
0208102000000001210DA0400000008820000000000000000000000000000000
0000000000008008000302000000800000000000000000000000000000000000
0000000400000000000000000000000000000000000000000000000000000000
0052906040010000009004000020101800000000000000000000000040000000
0000000000000000000000000000000000000000000000000000000000000000
0EFF79BA4C92002003F0003021B1CAE340000000000000000800000000000000
5000400000003E02000480012100000000000000000000000000000000000000
0000000000000000000000000000000000000000000000000000000000000000
0000000000000000000000000000000000000000000000000000000000000000
8A5EB301E086002402A800948501F00200000000000000000000000000000000
0000000000000000000000000000000000000000008000000000001000010000
0A04008210002000000000200000006000000000000000000000000020000000
0000000000000000000000000000000000000000000080000000000000000000
1364D6E1FAB3A5B006FF4790019D833E00000000000000000800000000000000
0000000000000008000000004000000000000000000000001000000000000000
00002000000002100000000000000000600000000000000000000001C0000000
0000000000000000000000000000000000000000000000020000000000000000
8FFFFFFFF79E002403D001BF5FFFEFFF00000000000000001800000000000000
0000000000000000000000000000000000000000000000040000000000000000
0000000000000000000000000000000000000000000000000000000000000000
1000010000200000000200003200000000000000000000000000000000000000
1C400200059224A1C010890002C0000000000000000000000800000000000000
0000000000000000000000000000000004000000800000000000000000000000
0200000000000000000000000003010000000000000000000000000010000000
0000200000000100000400000000000008000000000000000000000000000000
03BE5A000412400000480098040C500040000000000000000000000000000000
01000000080000034100A2000000000828000000000000000000000000000000
080800009008104600C0000005009B0300000000000000000000000000000000
0000000000000000000000000000000008000000000000000000000000000000
C0240A008000800000100B100194020C00000000000000000000000110000000
0000000000000000000000000000000000000000000000000000000000000000
00000200040A0010040000000005104000000000000000000000000000000000
0000000000000000000000020000000008000000000000000000000000000000
87FBFFFEF19FE824077985BE87FF95FF00000000000000000800000000000000
0000000000000000000000000000000000000000000000000000000000000000
050008000110E422000260100096C80000000000000000000800000000000000
0000000000000001000000000000000000000000000000000000000000000000
00420200400288000001000000004000200000000000000000000000C0000000
3090815EDA04125A003402C31ED84DD400000000000000000000000000000000
0000000000000000000000000000000000000000000000000000000000000000
0040000C00000008020000000022646008000000000000001000000000000000
0000000000800000000000000000000000000000000000000000000000000000
0000000000000000000000000000000000000020000000000000000000000000
0002483080820000018000000012004000000000000000810000000000000000
0000000000000000000000000000000000000200000000000000000000000000
0000000000000000000000000000000000000000100000000000000000000000
0000200000000000000000006000000A00000000000000000000000000000000
0008040080010000008000000000000020000000000000000000000120000000
0000000000000000000000000000000000000000000020000000000000000000
01131FA000C2AE20010881B8023F6BCF00000000000000000000000000000000
0000000000000000000200001000000000000000000000001000000000000000
0000000000000000800000180000840000000000000000000000000000000000
0000000000000000000000000000000000011000000000000000000000400000
0020000080028000000000080000000000000000000000000000000000000000
0000000000000000000000000000000000000000000080000000000000000000
0000000000000000000000000000000000000000000000000000000000000000
0000000000000000000000000000000000001000000000000000000000000000
824062622282000000C801B00090A2B1000000000000041A0000000000000000
0000000000000000000000000000000000000000008000000000000000000000
13612AB004C38E20003B300001D40881000000000000000000000000B0000000
0000000000000000000000004000000000000000000000000000000000000000
0400000010000000000000100000000000000000000080000000000000000000
0000200000000000000000000000000800000000010000000000000000000000
0000000000000000000000000000000000000000000000000000000000000000
0000000000000000000000000000000000000000008000000000000000000000
0010062000000000020800100024C00120000000000000000800000000000000
0000000000000000000000000000000000000000000000000000000000040040
0000080080000000000000080000000000000000000000000000000100000000
0000000000000000000000000000000000000000000000000000000000000000
0004000000800800000000800000000000000000000000000000000000000000
0000000000000000000000000000000000000000040000000000000000000000
0010000000000000000000800000020000000000000000000000000000000000
0000000000000000000000000000000000000000000000000000000000000000
0014002000990048000000000021000000000000000000002000000020000000
0000000000000000000000000000000000000000000000000000000000000000
159342C40002C00000600100033971AF20000000000000000000000020000000
0000000000000000000000400000000000000000000000000000000000000000
0000000000000000000000000000000000000000002000000000000000000000
0000000000000010000000000000000000000000000000000000000000000000
03005000A000002000004000001040C000000000000000000000000198000000
0000000000000000000000000000000000000000000000000000000000004000
10848A408143000001580000018D150020000000000000000800000020000000
0000000000000000000000000000000000000000000000200000000000000000
917FBFAAAFB3BE8A44FDE38001E13C0400000000000000000800000000000000
0000000000000000000000000000000000000001000000000000002000010000
024813F8007380000701493001F408E800000000000000000800000000000000
0000000000000004000000000000000008000000000000000000000000000000
885754B41891C00884318680078E609900000000000000000000000000000000
0000000000000000011200000808030208000000000000000000000000000000
160C01EBED80C800027005000184834000000000000000000800000020000000
0000000000000000000000000000000000000000000000000000000000000000
0000000000000000000010000000000000000000000000000000000000000000
0000000000000000000000000000000000000000000000000000000000000000
0000000000000000000000000000000000000000000000000000200000000000
0000000000000000000000000000000008000000000000000000000000000000
01870060800800000000001E0804000000000000000000000007BA0000000000
11800728C08D00AA052A0243FB900C4800000000000000000000000000000000
0000000000000000000000000000000000000000000000000000000100000000
0000000000000000000000000000000000000000000000000000001000000000
0000000000000000000000000000000000000000000000000005400000000000
0000000000000000000000000000002008000000800000000000000000000000
0000000000000000000000000000000000000000000000000000000020000000
0000000000000001000400000000000000000000000000000000000000000000
0000000000000000000000000000000000000000000000000001000000000000
0000000000000000000000000000000000000000000000000000000000000000
0000000000800000000000000002000000000000000000000000000000000000
0000000000000000000000000000000000010000000000000000000000000000
8F7A8672DD8A0000029001E800CA1D8200000000000001103800000000000000
0000000000000000000000000000000008000000000000000000000000000000
00000201000080000000000000000000000000000000000008000000E0000000
00080000400000A0000080001800200100000000000000000000000000000000
0000000000000000000000000000000000000000000000000000000000000000
0000000000000000000010000000000000000000000000000000000000000000
0000000000000000000000000000000000000000000000000004420000000000
0000000000000004002200010000001000000000000000000000000000000000
0002000200000000000000000000000000000000000000000000000000000000
0080000000000800024010006000000000000000000000000000000000000000
0000000000000028000800000080100000000000000000000000000100000000
1000000400000000804040010000000E00000000000000000000000000000000
2000000000000000000000000000000000000000000040000001000000000000
0000000000000000000000000000000000000000000000000000000000001000
15A7FF7E3FC78F38070F9FA003F68C3500000000000000000800000000000000
0000000000000000000000000000000000000000000000000000000000010000
0BFFF77EFC5340250710910003DFBDD200000000000000000800004000000000
0000000000000000000000008200004820000000000000000000000000000000
0000000000800004000001000208000000000000000000000800000000000000
0000000000000000000000000000000000200002000200000000000000000000
0010200100000000000000000090800000000000000000400000000000000000
0080000000000010000200000000000000000000000000000000000000000000
180E91FE2FEB80C305DFDFB00147FEE600000000000000000800000000000000
0000000800400000000080003010000200000000000000002000000000000000
00000000000C0000000000000100000000000000000000000000000000000000
0000000000000000000000000000000000000000000000200000000000000000
0000000000000000000000000000000000000000000000000000000000000000
0000000000000000000000000000000000000000000000000000000000000000
0000000000000000000000000000000000000000000010800000000000000000
0000000000000000000000000000000000000000000000000000000000000000
00000000002000002020C4200200400000000000000000000800000000000000
1000204000000003000102810000102200000000000000001000000000000000
0000000000000000000000000000000000000000000000000000000000000000
0000000000040000000000000000000000000000000000000000000000000000
0E270488264249258590430007EB4A4200000000000000000800000000000000
0000000000000000000480000000000800000100000000000000000000000000
9541861981006F00010214300108108200000000000000000000000000000000
0000000000000000000000000000000008000000000000000000000000000000
0000000000803100800000000000000000000000000000000000000000000000
0000000000000000000000000000000000000010000000000000000040000000
0480000000014000800000000013000000000000000000000000000020000000
10000060003010D8000002213800200000000000000000000000000000000000
00080000C0028008000000000000000000000000000000000000000080000000
0000000000000000000100400000000000000000000000000000000000000000
0000000000000000000000000000000000000000000000000000000000000000
0000000000000000000000000000000040000000000020000000000000000000
00880000000000000000C0000000000000000000000000001000000000000000
0000000000000000000000000000000000100000000000000000000000000000
0000020000000000002000000000010100000000000000000000020000000000
0000001000000000000000000000008000000000000000000000000000000000
08280409FE205244C48C840004E0180100000000000000000800000000000000
0000000000000000000000000000000000000000000000000000010000000000
2000000000000000000000000000000000000000000000000000000000000000
0000000000000000000000000000000000000000010000000000000000000000
0000000000000000000000000000000000000000000000000000000080000000
0000000000000100000000000000000000000000800020000000000000000000
0000080000000000008000000000000000000000000000800000000000000000
0000000000000000000000000000000000000000000000000000000000011000
021030008402D9800000000A0000080000000000000000000000000000000000
0000000000000000000000000000000008200000000000000000000000000000
0000000000000000000000000000000000000000000000000000000000000000
0000000020000000000000000000000000000000000000400000000000000000
0000000000000080000000000000000000000000000000000000000100000000
0000000000000000000050000000000000000000000020000000000000000000
0000000000000200000000000000000000000000000000000000000430000000
0000000000000000000000000000000000000080000000000000000000000000
00A5444000002028000000280004300000000000000000000800000000000000
0000000000000000000010000000000000000000000000000000000000000000
0000000000000000000000000000000000000000000400000000000008000000
0000000000000000000000000000000000000000008000000000000000000000
0000002080000000000000000001000000000000000010800000000000000000
0000000000000000000000010000000000000000040000000000000000000000
0000000000000000000000000000000000000000000000000000000000000000
0000000000000000000000000000000000000000000000000000000000000000
8FFFFFCFDE5EFBA785FBEF3007ABF9ED00000000000000000800000000000000
0000000000180000000000010000000000000000000000002000000000000000
9DECD373AA83E880235D5F8407FF04C800000000000000000800000000000000
0000000000000000000000000000000000000000000000000000000000000000
0000000000000000000000000000000000000000000000000000000000200000
0000000000000000000000000000000000010000000000100000000000000000
0000000000010000000000100003000000000000000000000000000120000000
0000000000000000000200000000000000000000000000000000000000000000
1FFBFEFBDF9620EC0618010E0AFDBE1F00000000000000000000000000000000
0000000000000000000000000000000000000000000000000000002000000000
05245AD0848000000580013000835AC000000000000000000000000020000000
0000000000000000000000000000000000000000000000000000000000000000
0000000000008000000000000000010000000000000000000000000000000000
0000000000000000000000012000000000000000000000000000000000000000
85024A90C082000002A800A4028BD85400000000000000000800000020000000
0000000000240004020402000000054C00000000000000000000000000000000
4000004020820000200000C00002800000000000000000000000000020000000
008000000008000000C020001008030000000000000000002000000000000000
0020062100000000000000000084020000000000000000000000000100000000
0000000000000000000000000000000080000000000000000000000000000000
0000000000000000000000000000000000000000000000000000000000000000
0000000000000000002400000000040040000000000200000000000000000000
0000000000000000000000000000000000000000400000000000000000000000
0000000000000000000000000000000000000000000000000000000000000000
0000000000002000000800000000000000000000000000000000020000000000
0000000000000000000000000000000000200000000000000000000000000000
000000208080C020000340000182080800000000000000000000000020000000
0000000010008080408000031000000000000000000000000000000000000000
0000000000000000000000000000000000000000000000000000220000000000
0000000000000000000000000000000000000000000000000000000000000000
1420E220003384020108000001A3208100000000000000000000000160000000
0000000000000000000000002000000000000000000000000000000000000000
220518E000960000000000380100040040000000000000000004000000000000
0000000000000000000000000000000000000000800000000000000000000000
8000100080800020001000800000100000000000000000C00000000000000000
0000000000000000000000000000000000000000000000004000000000000000
0000000000000000000000000000000000000000000000000000000020000000
0000000000000000000000000000000000000000000000000000000800000000
180402467C23981580EBACA80060640000000000000000000000000000000000
0000000000000000000000000000000000000001000000000000000000000000
0000000000000000000000000000000000000000000000000000080000000000
0000000000000000002000000000000000000000000000000000001200008000
0402600000930000000000000000010000000000000000000000000160000000
00000000100010C0000000470800010000000000000000000000000000000000
8BFFFFFC3F9E0024056800BC07FF7BBD00000000000000000800000000000000
0000000000000000000000000000000000000000000000000000000000000000
85F72E80A4D28820425801BC07B4AFD300000000000000000800000000000000
0000000100000000000000000000000000000000000000000000000000000000
0010020020010000000080800400000000000000000000000800000000000000
0000000000000000000000000000000000000000000000000000000000000000
0040000005000000000000000000100000000000000400000000000000000000
0000100000000000000400000000010200000000000000000800000000000000
AEDF9F37FB86F82D40690B9B5EB75C5A00000000000000000800000000000000
0000000000000000000000000000040000000000000060000000000000000000
0121002000008000000000080060000028000000000000000800000110000000
0000000000000000000000000000000000000000000000000000000000008000
0000000000800000020000880000844000000000000000010000000000000000
0000000000000000000000000000000000000000000020000000000000000000
0000000000000400000000000000000000000001000000000000000000000000
0000000000000000000000000000000000000000008000000000000000000000
0020002080800000000000280002000000000000000000000000000000000000
0000000000000000000000000000000000000000000080000000000000000000
0800000000000020000000000000000000000000000000000000000000000000
0000000000000000000000000000000000000000000000000000000000000000
0800000000000020000000004000400000000000000000000000000000000000
0000000000000000000024010000000000000000000000000000000000000000
0804000000000000000000000080000000000000000000000000000000000000
0000000000000000000000000000000000000000000000000000000000000000
8FBFFCFFFE9A000406F801BA0B7FFEFE00000000000000000800000000000000
0010000440000000000420000000000180000000000000000000000000000000
0180000000800000000000000080090020000000000000000000000000000000
0010000000000000000010000800004000000000000000000000000000000000
0000000000000000000000000000000000000000000000000000220000000000
0000000000000000000000010000000000000000000000000000000000000000
0000148110000800020002000000180000000000000000000000000000000000
0000000000000000000000000000200108000000020000000000000000000000
0086EAE8818308000751C0000255F65D200000000000000008000001F0000000
0000000000000000040006020000000000000000000000000000000000000000
8000000000000000000000000040000000000000002000818000000000000000
0000000000000000000000000000000000000000040000000000000000000000
0000080000000000000000000000000040000000000000000000000000000000
0000001000040000020200000C14010000000000000000001000000000000000
0000000802000000000002100201081000000000000000000000000000000000
0000000000000000000000000000000000000000000000000000000000000000
8024080084000000000000000000000000000000000000000800000000000000
0000000000000000000000000000000000000000000200000000000000000000
00040115C0004000000010100000960000000000000000000800000000000000
4000000000000000000220011000000000000000000000000000000000000000
0800000284000000000000000000000000000000000000000000000000000000
0000000000000000000000000000000000000000000000000000000800000000
00A1000100000000000000000000821000000000000000002800000000000000
0000000000000000000000000000000000000000000000000000000000000000
0000200000000000000000000100000000000000000000000004000000000000
0000000000000000000000000000000000000000000000000000000000000400
0000000020080000000000000000000000000000000000000000000000000000
0000000000000000000000000000000000040000000000002000000000008000
00040000089008240210000000000A8800000000000000000800000000000000
0000000000000000000010000000004000000000000000000000000000000000
0267011428A810000300000086F0000000000000000000000000000000000000
0000000000000000000000000000000000000000000200000000000000000000
0494873003800000040801080035918300000000000000000000000000000000
0000000000000000000000000000000000000000000000200000000000000000
0036004000028000000000000002810000000000000000000000000000000000
03C000021000009200000000A800013800000000000000000000000000000000
061AA4414C82C8300699A1800149621D00000000000000000800000020000000
0000000000000000000000000000000008000000000000000000000000000000
0220008000028000001800000010000000000000000000000000000100000000
0000000000000000000000000000000000000000000000000000010000000400
1A05D8501F10082040000118004DE22100000000000000000000000000000000
0000000000000000000000010000000000000000000000000000000000000000
8100000000200000000100000040000000000000000000000000000000000000
0000000000000000000000000000000000000000008000000000000000000000
8B3F55DD9D9E00200088019011F1FD3F00000000000000000800000000000000
0000000000000000000000000000000000000000000000000000000000001000
121A202040A14000040400B00014101400000000000000000000000000000000
0000000000000000000000000000000000000000000000000000000004000000
176B7AC084F381720458010001B9A35F200000000000000008000001E0000000
000004000808400000040002B0A0000000000000000000000000000000000000
048E28C000C4A142021821A801D4B3E400000000000000000800000000000000
0000000000000000000020000000002080000000000000001000000000000000
0000000000000000000000000000000000000000004000000000000000000000
0000000000000000000000000000000000000000000000000000010000000000
0000000000000000000000200000000000000000000000000000000080000000
0000000000000000000000000000000000000000010400000000008000000000
0005042020820000021000A80101080020000000000000001000000020000000
0000000000000000000000000000000000000000000000000000000200000000
0000000000000000000000000000000000000000000010000000000000000000
0000000000000000000000000000000000000000000000000000000000000000
0000004000800004000000080000000000000000000000000000800000000000
0000000000000000000000000000000000000000000000000000000000400000
0000000000000000000000000000000000000000000000000000000008000000
0000000000000000000000000000000000000000000000000000002000000000
0000000000000000000000000000000000000000000000000000000000000004
0000000000000000000000002000000000000000000000000000000000000000
0000000000810000000010000002000000000000000000001800000000000000
0000000000000000000000000000000000000000000000000000000000000000
1137CEF021BBF870064009B80060F36A00000000000000000000000000000000
0000000000000400000020800002000100000000000000000000000000000000
0000000000000000000000000000000000000000020000000000000000000000
0000000000000000000000000000000000000000000000000000000000002000
2000000000000000000000000000000000000000000000000000000000000000
0000000000000000000000000000000000000000000000000000000000000100
81ECCFE54D83000003AA1088003FEECF00000000000000000800000000000000
0000000000000000000000000000000000000000000000000000000000000000
0000000000000000000000000000000000000000000000000000020000000000
0000000000000000000000000000000000000000008010000000000000000000
15F7FF7FFB83EC7683FFFD000F77FFBC00000000000000000800000000000000
0000000000000000000000000000000000000000000000000000002000000000
0208000000000800000000000202000000000000000000000000000020000000
1000039018000000000264C00000304008000000000100000000000000000000
0800000000000000000000000000000000000000002000000080200000000000
0000000000000000200200000000000008000000008000000000000000000000
0000000000000000000000000000000000000000000000000000000000000000
0000000000000000000000000000000000000000800000000000000000000000
0E7FF7BDFEC3B8DF03E66D000F3BFBED00000000000000000800000000000000
0000000000000000000000000000000000008000000000000000000000000000
0002000000008000001000000000400000000000000000000000000040000000
0000000000001400000C00002000000108000000000000000000000000000000
01C81B8801420020034100000042000420000000000000000000000000000000
0000000000000000000000000000000000000200000000000000000000000000
090080100D1082A040000C0000C00C4000000000000000000000000000000000
0000000000000000000000000000000000000000000000000000000000000000
0000000000000000000000000000000000800000000000000000000000000000
100040000104040404C01040302200CC00000000000000000000000000000000
0000000000200000000000000000000020000000000000000000000000000000
0000000000000004000400000000090000000000000000000000000000000000
002682002500002000A000000080640010000000000000004800000000000000
0000000000000000400000000000000000000002000000000000010000000000
0000001020400200002000000041500000000000000000000000000000000000
0000000000000000000000000000000000000000000000000000000000000000
0000000022100000060800000000400000000000000000000000000000000000
0000200000000000000040000020004000000000000000000000000000000000
00000000000000000000000000000000000000000000000000000A0000000000
0000000000000000000000000000000000000000000000000000000000400000
0000006000800000000001A00400000000000001000000000000000020000000
0000000000000000000000000000000000000000000800000000000000000000
0001000000000090000000000000000000000000000000000000000020000000
0000000010000000000080000000000000000000000000000000000000000000
0000008000008120000000400000000000000000000000000000000100000000
0000000000000000080000000000000000000000000000000000000000000000
0004000000200008042200000208000000000000000000000000000020000000
0000000000000000000000000000000000000000000000000040000000000000
000000000000A000000000000005000080000000000000000000000010000000
0000000000000000000000000000000000000000800000000000000000000000
8000000000043820A00000100000000000000000000000000000000000000000
0000000000000000000008000000000000000000000000000000000000000000
0020000000800000000000400100200000000000000000000000000000000000
8021000040000002001E0200FA0000C000000000000000000000000000000000
0000804080000000000000400000000000000000000000000000000010000000
0080000000000000000000000000000840000000000000000000000000000000
0000000000000000000000000000000000000000000000000000240000000000
0000000000000000020000000000000000000000000000000000000000000000
040C0880C0000000802000000024848000000000000000000000000000000000
0000000000000000000000000000000000000000000000000000000000000000
0A28045003800834009140000100400000000000000000000000000000000000
0000000000000000000000000000000000000000000000000000000000000000
06460C4000517EB1834000A80140371200000000000000000000000000000000
0000000000000000000000000000000000010000000000000000000000000000
037DF4E08516002407B801B803FDFA1D40000000000000000800360000000000
0000000000201012000000001000000000000000000000000000000000000000
10080A82199A0000040009000030402000000000000000000000000000000000
0000000000000000000000000000000000000000800000000000000000000000
0000000200002000000000000008000000000000000000000000000020000000
0000000000000000000000000000000000000000000000000000000400000000
0002000000008010000000000101008400000000000000000000000040000000
0000000000000000000000000000000080000000000000000000000000000000
0036F22208804C24072040000129208240000000000000000800000000000000
0000000000001000000000000000000000000000000000000000000000000000
0000000000000000000000000000000000000000000000008000000000000000
0000000000000000000000000000000000000000000000000000000000000000
0000002000004000000000000001000000000000000000000000000100000000
0000000000000000000000000000000000000000000000000000000000000000
0010180004000000000000480000080020000000000000000000000020000000
0080000200000000020000400002483000000000000000000000000000000000
12C6BAA080900200020000180680995400000000000000000800000090000000
0000000000000000000000000000000000040000000000000000000000000000
0022BA2000814800001001000600001100000000000000000000000090000000
0000000000000000000000000000000000000000000000000000000000000000
0000000000000000000000000000000000000000000000010000000000000000
0000000000000000000000000000000000000000000000000000000000000000
00753990E0C20820006000F80441932520000000000000000000000020000000
0000000000000000000000000000000000000000000000002000000000000000
0000000000000000000000000000000000000000000000000000000010000000
0000000000000000008000000000000000000000000000000000001000000000
00000082020000000000000000000C0000000000000000080000000000000000
0000000000000000000000000000000000001000000000000000000000000000
000400C08000000000000A880004020000000000000000000000000000000000
0000000000000001000000000000000000000000000000000000000000000000
0200004000A00000000000800008002000000000000000000000000000000000
0000000000000000000000000000000000000000000080000000000000000000
0000008180009004000008000001200000000000000000000000000000000000
0000000000000000000000000000000000200000000000000000400000000000
0A00230000000020000000000051000000000000000000002000000000000000
0000000000000008000400000000000000000000000000001000000000000000
0000000000002058000000400008000000000000000000000000000000000000
0000000000000000000000000000000000000000000000000000000000000000
0801080000202040000000000003080000000000000000000000000000000000
0000000010028000018000802000400000000000000000000000000000000000
00720C9A2180000203C552100012500800000000000000000000000000000000
0000000000000001040000000012404008000000000000001000000000000000
0000000001000000000000000000000000000000000000000000000000000000
0000000000000000000000000000000000000000000000000000000001000000
8000020008800020000000180000000000000000000000C00000000000000000
0000000000000000000000000000000008000000000000001000000000000000
4000000000000000000000000000000200000000000000000000000020000000
0000000000000000000000000000000000000000000000000000000800000000
0200120A80020000000000E00202420000000000000010014000000000000000
0000000000000000000000000000000000000000000000000000000000000000
0000000000000000000000000000000000000000000010000000000000000000
0000000008000000000200001000000000000000000000001000000000000000
0A30114028303BC000040A0001000C2900000000000000000800000000000000
0000000000000000000004000400000800000000000000000000000000000000
004220A00481802000A0000000412C0000000000000000000800000120000000
0000000000000000000000000000000000000000000000000008001000000000
0000000400900000000000000000000000000000000000000000000000000000
0000000000000000000000000000000000000000000000000008000000000000
0002020080000000000001000000200000000000000000000000000140000000
100048380000000040003C020000008000000000000000000000000000000000
00295938279301F81080003802649E6200000000000000000000000000000000
0000000000000000000000000000000002000000000000000000000000000000
84059598D180002001C8018800354EB000000000000000000000000000000000
0000000000000000000000010000000000000000000000000200000001000000
00000000800000000000000000000000000000000000000000000000C0000000
0000000000000000000000000000000000000000000000000000000000000000
0800100880000228000000000400000000000000000000000000000020000000
13D1108CA200000006AC0200B880006D00000000000000000000000000000000
0E1BFFFFAF8A002007A000B8017E568A00000000000000000800000000000000
0000000000000000000000000000000000000000000000000000000000000000
02BC84C0D084888007000090010840FA00000000000000000800000000000000
0000000000000000000000000000000000000000000080000000000000000000
0000000000000000000000000000000000000000000000000000000000000000
0000000000000000000000000000000000000000000100000000000080000000
0000000000000000000000800000000000000000000000000002000000000000
0000000000000000000000000000000008000000000000000000000000000000
012288E080B28C2001000020040CA00100000000000000000800000000000000
0000000000000000000004000088000000000000000020000000000000000000
808A0108C0028100818000000000012000000000000000000800000000000000
000000000000000000040006B000000008000000000000000000000000000000
0000000000004100000000000000000000000000000000000000000000000000
0000000000000000000000008000000000000000000000000000000000000000
0100000000008020000000000102000400000000000000000000000010000000
0000000000001400000000000000000000000000800000000008000000000000
0800000000000000000000000000000000000000000000000000000000000000
0000000000000000000000000000000000000000000000000000002000000000
0000000000080000000000000000000000000000000000000000000000000000
03E0E0BEEA130086049E024FF13822FF00000000000000000000000000000000
0000000000000000100000000000000000000000000000000000000000000000
20000100203C0000000000440400000000000000000000000000000000000000
009698B97D020000002001A80038187500000000000000001000000000000000
0000000000000000000000001000000000000000000000000000000000000000
8822000000802000000001000000000100000000000000000800000000000000
00000000000000000004C0000000008528000000000000000000000000000000
0000000000000000000000000000000000000000000000000000000000000000
0000000000000000000000000000004008000000000000000000000000000000
0000001040000000000000000000000000000000000000000000000000000000
0000000000000040000000400800040000000000000000000800000000000000
0000000000000000000000000000000000000000000000000000000040000000
0000040000000000000000000000000000000000000000000000000002000000
0000000000000000000000000000000000000000000000000000000000000000
0000000000000000000000000000000008000000002000000000000000000000
0000000000000000000000000000000000000000000000002000000000000000
0000000000000000000600000000000020000000000020000000000000000000
0000000000000000000000000000000000000000200000000000800000000000
17CB2004003E850CC64031F804F2DFAF00000000000000000000000000000000
943EFEA8E78380000773FFB801DFEFAD00000000000000000800000000000000
0000000000000000000000000000000000000000000000000000000000000000
0800000000800000000000000000000000000000000000000000000000000000
0000000000000000000000000000000000000000000000000000000000000000
2001043400840020000001A80001100400000000000000000000200000000000
0000000000000000000000000000000008000000000000000000000000000000
0020000800000400010800000000080000000000000000000800000000000000
0000000000000000000000000000000000000000000000000000000000000200
054F08220B83C0200409400000B2988800000000000000000800000180000000
004000100040000204852000300C000400000000000000000000000000000000
0FCFACA09093E470428800A0020890CC00000000000000000000000000000000
0000000000002000000000000000000008000000000000000000000000000000
0000080000000000000021000040000000000000000000001000000020000000
0000000000000000000000000000000008000000000000100000000000000000
000000080001C012002003000000040400000000000000000000000020000000
0000000000000000000000002000000208000000000000000000000000000000
0000000000000000000000000000000000000000000000004000000000000000
0000000000000000000000000000000000000000000000000000000000000000
0000020000000000000000000000000040000000000000000000260000000000
0000000000000000000000000000000000000400000000000000000000000000
0000000000000000002000880000202000000000000000000000000000000000
0100000000040000000600000080001108000000000000000000000000000000
0000040000000000000000C00000000000000000000000000001000000000000
000000000014000001040001A000000000000000000000000000000000000000
0000000000000000000000000000000000000000000000000000200000000000
1001000000200012000000006000000000000000000000000000000000000000
0800002020000020000001000000100000000000000000000800000000000000
0000000000040000000280000000000000000000000000000000000000000000
0000008200006800000000000000080000000000000000000000000000000000
0000000000000000000000000000000000000000000000000000000000000000
00084710A2800000012001000052101000000000000000004000000000000000
0000000000000000000000010000000000000000000000000000000000000000
9FFFFFFFFFFBFE7F67FFFFBFDFFFFFFF00000000000000000800000000000000
0000000000000000000000000000000008000000000000000000000000000000
0000000000000020000000000000000000000000000000000000000000000000
0000000000000000000080006000008000000000000000000000000000000000
0800000000000000000000020000000000000000000000000000000000000000
0080000000000004070C6280010000D308000000000000000000000000000000
0000000000800000000000400000108200000000000000001000000080000000
2000000000000000000000000000000000000000000000000000000000000000
4000000000000000000000000000000000000000000800000000000000000000
0000000000000000000000000000000000000000000000000000000000000000
0000200010008004000000000000000020000000000000000000000000000000
0000000000000000000000000000000000000C00000000000000000000000000
0000000000000000000000000000000000000000000000000000000000000000
0000000000000000000000002000000000000400000000000000000000000000
0000000000800000000000000000002000000000000000000000000020000000
0000020000000000000008000000000008000000000000000000000000000000
0000000000000000000000000000000000000000000000000000000000000000
0000000000000000000000000000000000000000000000000000000800008000
0BF6FFF1D7D7EABD03EA08B804BBEFD300000000000000000800000000000000
0000000000000000000000000000000000280000000000000000000000000000
0000000000000000000000000000000000000000000000040000000000000000
0000000000000000000000000000000000000000000000000000002000000000
0000000008000040000000000000000000000000000000000000000000000000
16BA3C3C7A7615DE07CF0341FEBA06AE00000000000000000000000000000000
0000001000000000000000000000000000000000000000000000000010000000
0000000000000000000000000000000000000008000000000000000000000000
0000000002000000000000000000000000000000000012020000000000000000
0000000000000000000000000000000000000000000000000000000000010000
81082E6000F38910808000040661198C00000000000000000000000000000000
0000000000000000000000000000000000000000008000000000000000000000
0000000000004000000001000000000000000000000000000000000030000000
0000000000000000000000000000000000000000000000000000000000000400
0000100001000000002000000001000000000000000000000000000000000000
0000000000000000000000000000000000000000000000000000004000000000
8E068A3A338E00240050003C0765697200000000000000000800000000000000
0000000008040000000000000000000000000000000000000000000000000000
0000042000000000000000000011130000000000000000000000000050000000
0000000000000000002000000000008000000000000000200000002000000000
00002200800000000300000801C0000000000000000025920000040000000000
0000000000000000000000000000000000000000000000000000000000000000
00C0000000000000009000000000000000000000000000000000000000000000
0000000000000000000000000000000000000000000000001000000000000000
06C07E402002400800000022002A001200000000000000000800000000000000
0000000000000000000000000000000008000000800000000000000000000000
0608002004000000020000000008810000000000000000000000000080000000
0000000000000000000000000000000000000000000000000000000000000000
040200000983683000E050000004100C00000000000000000000000020000000
0000000000000040000100000000000000000000000000000000000000000000
175B3BF227523F35863E960001FB56FD00000000000000000800000000000000
0000000000000000000000000000000000000000000000000000001800000000
0461AAE080C3801083B0018800F7DFBB00000000000000000800000000000000
0000000000000000000000000000000000000000008000000000000000000000
0080100000042000002000240800100000000000000000000000000000000000
0000000000000082000000000000000010020000000000000000000000000000
0000000000000000000000000000000000000000000000000000100000000000
0000000000000000000000000000000000010000000000000000000000000000
0EA82E863C6130CB00A4D5800015050000000000000000000000000000000000
0000000000000000000000000000000000000000000000000000000000000000
1004024000136000000001000280008020000000000000000000000020000000
0000000000000000000000000000000000001000000000000000000000000000
000320102301802004803808019A0045000000000000000000000000A8000000
0000000400000000800200000000000000000000000000000000000004000000
0418000084020000000000000010288000000000000000000000000000000000
0000000000000000000000000000000000002000000000000000000000000000
0000000000000000000000000000000020000000000000000000000000000000
000000000000000000000000A000000000000000000000001000000000000000
0000000000000000000000000000000000000000000000000000000000000000
0000000000000000000000000000000000000000000000000000000000000000
0000000000804060000000000080004000000000000000000000000020000000
0000000000000000000000000000000000000000008000000000000000000000
8000000000000000000000140140100C00000000000000030000000000000000
0000000100000000000000000000000000000000000200000000000400000000
8000021000020000000000400080000000000000000800000000000020000000
0000000000000000000000000000000000000000000000000000000002000000
00100A0004020000002801A000010A0000000000000000000000000000000000
0000000000000000000000000000000008002000000200000000000000000000
0000000000000000000000000000000000000000100000000000000040000000
0000000000000000000000000000000000000000000000000000000000011000
00000800800000000200A0000000009200000000000000000000000510000000
0000000000000002000000000000000000000000000000000000000000000000
0000000000000000000000000000000000000000000030430000000000000000
0000000000000000000000000000000000000000000040000000000000000000
000000000000C020000000000040000000000000000000000000000040000000
038001100014080A04A002412005B01208000000000000000000000000000000
8022084927000000014000000012850400000000000000010000000000000000
0000000000000000000000000000000000000000000000000000000000001000
83FC816047800000035001280040160100000000000000000800000000000000
0000000000000000000000000000000000000000000000000200000000000000
0E6F2F0A8A1000200700000002D15A4C00000000000000001800000000000000
04004024182814460104A0403020010600000000000000000000000000000000
0800000000000000000000000000000000000000000000000000000000000000
0000000000000000000000000000000000001000000000000000000000000000
0000000000000000000800000020000000000000000001000000000010000000
0000000000000000000000000000000000004000000000000000000000000000
0000040000000000000000000000000000000000000000000000000000000000
0000000000000000000000000000000080000000000000000000000000000000
1F7FFFFFFF63C9A707FCFE020FBFF7FF00000000000000000800004000000000
0000000000000000000000000000000000000000000000000000000004000000
00000A4000010020000000000000002000000000000000000000000020000000
0000000000000000000000000000000000000000800000000000000000000000
054C3CE084AFC00D86480138017EF96200000000000000000800000000000000
0000000000000000000000000000000000000020000000000000000000000000
89A790F82992000C2008010000C9F11800000000000000000800000000000000
0000000000000000020004000000000428000000000000000000000000000000
0000000000000000000000000000000000000000000000000000000010000000
0000000000010000000000004000000000000000000000000000000000000000
0000100000010000000000480010000000000000000000000000000020000000
0000000000000000000000000000000000000000800000000000000000000000
0001C60000000000000000000001800000000000000000000002000000000000
0000000000000000000000000000000000000000000000000000002000000000
0004000000120000000000000400000040000000000000000000000000000000
0000000000000000000000000000000000000004000000000000000000000000
0000200000000000000000000000040000000000000000000004400000000000
0000000000000000000400000000000008000000000000000000000000000000
0000000000000000000000000000000000000000000000000000800000000000
1000000000000000000000001000000100000000000000001000080000000000
0000008080082000004000000000000000000000000000000000000020000000
0000000000000108800000000010000000000000000000000000000000000000
0000000000000000000000000000000000000000000400000000000000000000
0000000000000000000000000000000000002000000000000000000000000000
0285000080020000000000000000001000000000000000000000000000000000
0000000000000000000000000000000000000200000000000000000000000000
0900D258A003E8010102040000008AAC00000000000000000000000000000000
0000001000000000400000010000000000000000000000001000000000000000
0001100000004804000040000004400000000000000000000000000000000000
0000000000000800000000001000000000000000000000000000000000000000
0000000000000000000000300000000000000000000000000000200000000000
0000000000000000000000000000000000000000000000000000000000000000
0003100080010028428001000040000000000000000000000000000000000000
0000000000000000000000000000000000000000000001002000000800000000
080004408000000000000010001C7C4040000000000000000800000000000000
0000000000000002001070000000010008000000000000000000000000000000
0000008000000000000000000000000020000000000000000000000000000000
0000000000000000000000000000000000001000000000000000000000000000
0001900000808000000008600000000000000000000000000000000020000000
0000002000800000002200013800000000000000000000000000000000000000
004532A20400C4C8041000000002800000000000000000000800000000000000
0001020100000400046614410C42004000000000000000000000000000000000
0000620000000000000000000000002000000000000000000000000060000000
0000000000000000000000000000000000000000008000000000000000000000
0000000000000000000000000000000000000000000000000000000060000000
0000000000000000000000000000000000000000000000000000000000000000
0817C6200182C65A00910018036A468000000000000000000800000000000000
0000000000000500000000006000000000000000000000000000000000000000
06EF7EC480988100072800B80171A65000000000000000000000000000000000
0000000000000000000000000000000000000200000000000000000200000000
0B789A19800208000490010000A8CC0100000000000000000800000000000000
0000000000000000000000000000000000000000000000000000000000000000
0000000000000000000000000000000000000000000000000000000110000000
0000000000000000000000010000000000000000000000000000000000000000
00040C0000000000000820000000010000000000000000000000000000000000
0000000000000000000000000000000000000040000000000000000000000000
0000000000000000000000000000000000000000000002000000000000000000
0000000000000000000000000000000000000000000000000000000000000000
0000000000000000000000000000000000000000000000000002240010000000
0000000000000000000000004800800000020000000000000000000000000000
00601CA807808800014119000008014800000000000000000800000000000000
0000000000000000000000000000000000000000800000000000000000000000
15023728388248000241F0880359FD0800000000000000000800000000000000
0000000000000000000002000000000000000000000000040000002000040000
9DFFFFFFF6FFFBFB47FFDFBE077FDFFF00000000000000000800000000000000
0000000000000000000000000000000000000000001000000000000000000000
855C9F121FB22FF8E2206FB805BFF43800000000000000000800000000000000
14A0058C04E0054CC7B1280216C0055B00000000000000000000000000000000
0000000000000000000000000000000000000000000000000000000000000000
0000000000000000000000000000000000000000000000000000000000000000
0000000000110000000010800000800000000000000000000000000020000000
000000010000000400088800100CC40400000000000000000000000000000000
00294600800000000600013800001600000000000000000008000000A0000000
0000800400000506040000040000000000000000000000000000000000000000
07A43E8080438B180088010000E6C41800000000000000000000000000000000
0000000000000000000000000000000000080000000000000000000000000000
0000000000000000000000000000000000000000000000020000000000000000
0000000000000000000000000000000048000000000000000000000000000000
868F28D187C3800002510D100581841A00000000000000000800000000000000
0000000000000000000000000000000000000000000040000000000000000000
04625A4004818800000000000100600200000000000000000000000170000000
0000000000000000000000000000000000000000000000200000000000000000
0000000000000080000000000000000000000000000000000000000000000000
002000186621100802120C40F800002800000000000000000000000000000000
003E880404020000000800380000000040000000000000000000000000000000
0000000000000000000000000000000000000000000000000000000000000000
000A040200000004008000000000000000000000000000008000000000000000
0000000000000000000000000000000000040000000000000000000000000000
0000000000000000000000000000100000000000000000000004200000000000
0000001000000000001800000128080100000000000000000000000000000000
0028000052008400000000000030000000000000000000000000000020000000
0000040000000000000000000000000000000000000000001000000000000000
0000000800080000000000018000000000000000000000000000000000000000
0000000000000000000000000000000008000000000000000000000000000000
129F0CA0800180200308010000D60CBE200000000000000000000001F0000000
0000000000000000000000000000000000000000000000200000000000000000
00002400A2010000004000000001000000000000000000000000000000000000
0100000110041800000810000004065200000000000000001000000000000000
0000000000000000000000000000000000000000000000000000000028000000
0000000000000000004400000000000C08000000000000000800000000000000
0000001004020000000000000000000000000000000000000000000000000000
0000000000100080000000000000020100000000000000000000000000000000
0001088000804000000800000000220000000000000000000000000100000000
0000000001000004000010011800000000000000000000000000000000000000
83BEFFDAF78A0020067800B807FDFFD700000000000000000800000000000000
0000000000000000000000000000000000000000000000000000000000000800
0000080000000000000000000000000000000000000000000002200000000000
0000000000000000000000000000000000000800000000000000000000000000
0008000000800000000000000000000000000000000000000000000110000000
0000000200008000002000000000000008000000000000000000000000000000
05FF7EE484FBB0BFC338019E07F5BE3F00000000000000000800000000000000
0000000000000000000000000000000000000000000000000000000000001000
0000000000000000800000400000000000000000000000000000000110000000
0000000000000000000000000000000000000000010000000000000000000000
0000000000000000000000000000000000000000000000000004000000000000
1000000110040000008400040000004A08000000000000001000000000000000
0000000004000000000000000000000000000000000000000000000020000000
0000000000000000000000000000000000000000000200000000000000000000
12C7180005020200012401000039560800000000000000000000000000000000
0000000000000000000000000000000000000000000100000000000000000000
000A802080000000000000800323000000000000000000000800020000000000
0001000000000000000000002000000000000000000000000000000000000000
0017102000060000001000880200400000000000000000002003880000000000
0000000000000000000000000000000000000000000000000000000000000000
0000000000018000000000000000000000000000000000000800000020000000
0000004000004010000003004010000000000000000000000000000000000000
004020800000C020000000000000011000000000000000000000000100000000
0000000000000000000000000000000000010000000000000000000000000000
0000000000400000000000000000000000000000000000000000000000000000
0000000000800000000400042100000000000000000000000000000000000000
0000000000008000002000000000020000000000000000000000000020000000
0000400400000000000002000000002000000000000000000000000000000000
0000000000000000000000000000000000000000000000000000000000000000
0000000040040200000042010000000000000000000000000000000000000000
28040000000000000000002A0000000000000000000000000004000000000000
0000000000000000000000000000000000000000000000000000000000000000
012BFEE4848BF56D837800BA0C97343A00000000000000000800000000000000
0000000000000000000000000000000008000000000000000000000000000000
01BF6EFA2783000007B011B801439E2D400000000000000108000001C0000000
0000010001000000000800001000004000000000000000000000002000000000
0000000000800000000000000200000000000000000020020000000000000000
0000400000400100000000242000004000000000000000000000000000000000
0886000000200200000000900002000000000000000000000000000000000000
0000000000000000000000000000000000000020000000000000000000000000
0AE96E60004C200400A8013E00A31B4300000000000000000000000000000000
0000000000000000000000000000000000000010000000000000000000000000
1D5B7F7FEB13DCE502F4B60001FFB87720000000000000000800000020000000
0000000000000000000000000000000000000000000000000000000000000000
1EF19BB36581400E0234040006DD2A1000000000000000000800000000000000
0002800000240000000002000000000000000000000000400000000000000000
0440000080100000A64808100404300400000000000000000800000000000000
0000000000000000000000004000000000000000000000000000000000000000
1EF75D6FFDD176D802C2CEB8059D781740000000000000000800000000000000
0000000000000000000000000000000001000000000200000000000000000000
04AE004000820020010001380008400300000000000000000800000000000000
0000000000000808000000040000000000000000000000000000000000000000
0000000080400000020000080180000000000000000000040000000020000000
0000000000000000000000000000000000000000000000000000000000000000
8004C28087000000004800880442800600000000000040000000000000000000
0000000000000000000000004000000000080000000000000000000000000000
0000020000000000000000040000000000000000000000000000040000000000
8000000000000000000000000400000000000000000000000000000000000000
0000000000000000000000000000000000000000000000000004000000000000
0000000000000000000000000000000008000000800000000000000000000000
0B074820848000200030010001076D0340000000000000000000000000000000
0000000000000040000000000000000848000000000000000000000000000000
010302C229004820005014300260580200000000000000000800000000000000
0000000000000000000000000000000000000000001000000000000000000000
0000000000000000000000000000000800000000000000000000000000000000
0000000000000000000000000000000000001000000000000000000000000000
0000000080000000100000000000000000000000000000008000000000000000
0000000000000040000000012000000000000040000000000000000000000000
0030283B4E15700200A262B90004C00000000000000000000800000000000000
0000000000000000000000000000000000000001800000000000000000000000
0000000000000000000000000000000000000000000000000000000000000000
0000000000000000000000000000000000000000000200000000000000000000
001010600000002000A000000010000000000000000000000000000130000000
0000000000000000000000000000000000200008000000000000000000000000
080010158100E63880445C000400790000000000000000000800000000000000
0000000000000000000000000000000000000000000000000000000000000000
0210020006800000001000240819D84000000000000000000000000000000000
0000000000000000000000000000000000080000000000000000000000000000
2800000000000000000000000000000000000000000000000000000000000000
0000000000000000000002013000002000000000000000000000000000000000
000000000000A000000000000000000000000000000000000000000010000000
0000000000000000000008000000000008000000000000001000000000000000
0000000000000000000000000000000000000000000000000005020000000000
0000000000000000000000000000000000000000000080000000000000000000
9FFFFFFF7FFFFFFFC7FFFF3C0FFFFFFF00000000000000000800000000000000
0000000010000800002002000000000008000000000000000000000000000000
0C00090040080000000000000090000000000000000000000000000000000000
0000000000000000000002000010000000000000000004000000000000000000
09C203008B136230C3201B020004400000000000000000000000004000000000
0000000000000000000002000000000000000000000000000800000000000000
017A7BD6155757C00308D6A800EF6E1600000000000000000000000000000000
0000000000000000000000000000000000000000000000000000000000000000
0000000000000000000000000000000000000000000000000000000000000000
0000000001000221000000104040000000000000000000000000000000000000
0C016000A08C4001800001100000000100000000000000000800000000000000
0000000000000000000000000000000000000000000000000000000000000000
000000000082042000000000000A028000000000000000000000000060000000
0000000000000000000484000000004000000000000000000000000000000000
0000200004810000000000000010400000000000000000000000000040000000
0000000000000000000000000000000000000004000000000000000000000000
0000000000000000000000000000000000000000000000000004000000000000
0000000000000000000000002000000000000000000000000000000000000000
020FF2E000582432021800A800CB830000000000000000000000000000000000
0000000000000000000000002000000000000000008000000000001000000000
0000000080080000000000000040000000000000000000000000420000000000
0000000000040000000000000000000000000000000000000000000440000000
0081000000400000000020100080000400000000000000000800000020000000
0000000000000000000000000000000008000000000000000000000000000000
060DC1282300000006200000000C1B6D00000000000000000000000100000000
0080000000000500000000020000000000000000000000001000000000000000
0010020000010000000000000000010000000000000000002000000000000000
0000000000000000000000000000000000001000000000000000000000000000
0000000000000000000000000000000000000000000400000000000000000000
0000000000000000000000000000000008000000000040000000000000000000
8000000000000000000000000000000000000000000000000000000020000000
0000000000000000000010000000000000000000008000000000000000000000
049F76A084B32EF083D0010001FCCEBB000000000000000000000001C0000000
0000000000000000000000000000000000000000000000000000000000000000
8000000083000020200000040001040000000000000000000000000000000000
0000000000000000000000000000000000000100000000000000000000000000
0004000000000000000000000000800000000000000000000000000010000000
000000000000408140002000B800024000000000000000000000000000000000
87B5AB5B9F960221069805BC0C4F761200000000000000000000000000000000
2000000000000000000000000000000000000000000000000000000000000000
0C150F33C2C180144010018800C8720200000000000000000800000000000000
0000000000000000000000000000000000000000000000000000000000008000
05D90DFC3C0200E4018A0C100093C91800000000000000000000000000000000
0000000000000000000000000000000000000000000000000000001000010000
0000000000000000000000000000000000000000000000400000000000000000
0000000010000000000000000000000000000000000040200000000000000000
0000000000000000000000000000000000000000002100000000000000000000
0000000000000000000200000010201148000000000000000000000000000000
190720410610A086400100000020040500000000000000000000000020000000
0000000000000000000000000000000000000000000000000000000000000000
0800000100004002000000000000000000000000000000000000000000000000
0000000000001000000200000000800008000000000000000000000000000000
0100060000000000204000000000000000000000000000000000000000000000
0000000000000000000000000000000000000000000000000000000000001000
0000004000000020000000000020000000000000000000020000000000000000
0000000000000000000000000000000022001000008000000000000000000000
0000000000000000000000000000000000000000000000010000000000000000
0000000000000000000000000000000000000020000000000000000000000000
0800000000012000000100000000000000000000000000000000000000000000
0000000000000000000000000000000000080000000000000000000000000000
0000000000000000001000000000000000000000000000000000000008000000
0000000000000000000000000000000000000000000000000000000000000000
0210044006000000004000400000C05000000000000000000000000180000000
0000000000000000000000000000000000000000000200000000000000000000
04804900E1000000002440000102588000000000000000000000000000000000
0000000000000000000000000000000000000000000000000000000000001000
8A048432E8A30C240228188008006E4C00000000000000000800000000000000
000000000000000000000000000000000000000000000000004000000000C000
0002002000000020000000000000004000000000000000000004000000000000
006860006008000080448400001000A300000000000000002000000000000000
0000000000000000000000000000000000000000000000000000400000000000
0000000000000000000000000000000000000000000000000000000000005000
0004001001000000000000000000000000000000000000000000000008000000
0000000000000000000000000000000000000000008000000000000000000000
0000000100000000000000000000000000000000000014000000000000000000
0000000000200000000000000000000008000000000000000000000000000000
00000000000000200000000000000000000000000000000000000A0000000000
0000000000000000000000000000000000000000800000000000000000000000
0000002000010000000000000000000000000000000000000000000010000000
0000000000000000000000000000000000040000000000000000000000000000
1B00DD528647B9C9804880A801863E3000000000000000000800000000000000
0000000000000000000000000000000000000000000080000000000000000000
A80E9FF5A4920020078800BF8FF3532A40000000000000000000000000000000
0000000000000000000000000000000000000000000000000000000000000400
0000000000000022000000000080000000000000000000000000000000000000
0000000000000000000000000000000000000000000000000000000000040000
0021003301004000000008200010200040000000000000000000000000000000
0280408015200000000001000000008F00000000000000001000000000000000
0000020000000000000000000000000000000000000000004000000000000000
0000000000000000000000000000000000200000000000000000000000000000
000080D446000000008000000020001000000000000000000000000000000000
108000000038000C000000400302000000000000000000000000000000000000
04024080040060A2002000000002020000000000000000000000000090000000
0000000000000000000000000000000000000000000020000000000000000000
0000000000000000000000200000400200000000000000000006000000000000
0000000000000000000000000000000000000000000000000000000000000000
00612182120060F0012000000040404000000000000000000000000000000000
000000400200000A000400011000000008000000000000000000000000000000
012A2C408002C82001C000100010C70C40000000000000000800000000000000
0000000000440011000050000000000800000000000000000000000000000000
880008020C0021540020000001D01A0900000000000000000800000000000000
0000000000000000000000000000000000000000000000000000002000000000
0008000002808000042080800000404000000000000000000000000000000000
0000230400200011001400021A2C441508000000000000000000000000000000
8BBFCFF8E782002403A8019C03FFFFAF00000000000000000800000000000000
0000000000000000000000000000000000040000000000000000000000000000
1000000004000000000000080000000000000000000000000000000110000000
0000000000000000000000008000000000000000000000000000000000080000
00000000004000000020000A0000000000000008000000000000820000000000
0000000000000000000008000000000000000000000000000000000000002000
0000020800020000000204000000200000000000000000000000000050000000
0000000000000000000000000000000000000000000000000000001000000000
0000000004001000000000000000000000000000000000000000000100000000
0000000000000000000000000000000000000000800000000000000004000000
0000000000000000000000000000000000000000000002000000000000000000
0000000000000000000000000000000000000000000000000000000000002000
0010200000000002000001000000000200000000000000000000000100000000
0000000000000000000000010000000000000000000000000000000000000000
14044E20042100000000001000420424000000000000000008000000C0000000
0000000000000000000000000000000008000000000000000000000000000000
0015C00000300000000000280100900000000000000000000000040000000000
0000000000000000000000000000000000000000008000000000000000000000
0004040000000000000000000000000000000000000000000000000100000000
0000000000000000000000000000000000000000040000000000000000000000
0000000000000000000000000000000000000000000000000000100000000000
0000000000000000000000000000000000001000000000000000000000000000
008C000080000000000000080000000000000000000000000000000000000000
0000000000000000000000000000000000000000000000000000008000010000
05B1121880020000020001200128000000000000000010C20800000000000000
0000000000000001000000000000000000000000000000000000000000000000
0054211CC483800001908028023F98BC00000000000000000800000000000000
0000000000000000000000000000000000000000000000000000000000000000
0624004000800000000000000001000000000000000000000000000070000000
0000000000000000000000000000000048000000000000000000000000000000
0000000000000000000000000000000000000000000000000000000000000000
0400208700000000062002000102609000000000000000000800000000000000
97E2D998A7C18820263EFF3403CE300D00000000000000000000000000000000
0000800000002001000684002020000000000000000000000000000000000000
81A5BDB0C08280202548201805C0D0B600000000000000000000000000000000
0000000000000000000000000000000000040000000000000000000000000000
0000000000000000000000000000000010000000000000000000000000000000
0080200000000000000000000014004000000000008000000000000000000000
0828060080000004000001200000000000000000000000002000000000000000
D00002000D33852A02461401F1A1700000000000000000000000000000000000
9FEF3FFFF7F3C7DFC7FFFFB80757FEF900000000000000000800000000000000
0000000000000000000200000000000008000000000000000000000000000000
02F490A0E58382000324812800E3A33D00000000000000000800000000000000
0000000000000000000000000000000080000000010000000000000000000000
0000000000000000000000000000000000000000000000000001000000000000
0000000000000000000000000000000000000000008080000000000000000000
004540034090400200010C000000000800000000000000000000000100000000
0000000000000000000000000000000008000000000000000000000000000000
0000100200000000000000080000000000000000000001500000000000000000
0000000000000000000400000000000000000000000020000000000000000000
0000402000000000100000000000000000000000000000000000000000000000
0000000000000000000000000000000000000000000000000000000000000000
0020800400886168100000200101000200000000000000000800000000000000
0000000000000000000000000000000000000000000000000000000000000000
034001084440800000AD12100002008800000000000000000000000080000000
0000000000000000000000000000000000000000000000000000000000000000
03745DC6D780000002420300024DDCC000000000000000000800000000000000
0000000000000000000000000000000000080008000000000000000000000000
0000000000000000000000000000000000000000000000000000020000000000
0000000000000000000000000000000000000000000000000000002000000000
000000200000000006003A000080A00420000000000000001000000000000000
0000000000000000000000000000000000000000000000000000000000000000
17FEF7A5FF5FF7FE06F759B803FFFFFF00000000000000000800000000000000
0000000000000000000000000000100000000000000080000000000000000000
0000880000000000000000000000000000000000000000000000000000000000
0000000000000000000000000000000000000000800000000000000000000000
88089FD9008000200010003000ADB04500000000000000000800000000000000
0000000000000000000000003000000000000000000000000000000000000000
00802002040000000140400000000B0000000000000000000000000000000000
0000000000000000000000000000000000000000000200000000000000000000
054C170002020020003000000483966900000000000000000000000000000000
020105440000018201022443F8C2401800000000000000000000000000000000
0008000000000000000000000010000000000000000000000000000000000000
104009101910016102884400A18C91B000000000000000001000000000000000
00000000008000000000000000020600000000000000000010000001C0000000
0000000000000000000000000000000000000000000000000000000000040000
00200000802300200000000000004000000000000000000000000001E0000000
0000000000010000000400000000000000000000800000200000000000000000
11084A00804182300088000801E0D0A000000000000000000000000110000000
0000000000000000000000000000000000000000008000000000000000000000
0000880008008000800000000000000000000000000000000000000000000000
0000000000000000000000000000000000000000000000000000000000000000
0C3AFEBC3B80E00405F9100001CEA78F00000000000000000800000000000000
0000000000000000000000000100000000000000004000000000000000000000
0000000000000000000000000000000000000000000000000000000000000000
0000000000000000000000000000000000000020000000000000000000000000
0000000000000000000000000000000000000000000000002004200000000000
0000000000000000000000000000000000000000800000000000000000000000
0000080000040000004800400200002000000000000000000006920000000000
0000000000000000000000000000000000000000000000000000000000000000
93CF62E401FFF38BB0EC0FBA4008C30000000000000000000800000000000000
0000000000000000000000000000000000000000000200000000000000000000
0660BCA000E209300738004800A571C320000000000000000800000020000000
0000000000000000000000000000000000000000400000000000000000000000
9E5AF6439E0FC8A00414DBB805AD71BE00000000000000000800000000000000
0000000000001000000000000000000000000000000000000000000000000000
0CBB95E0011400240370013F9825AE3100000000000000000800000000000000
0000000000000000000000000000000000020020000000000000000000000000
0400000200004000000000000000100000000000000000000000000000000000
0000000000000000000000000000000008000000000000000000000000000000
0000000000000000000000000000000000000000002001000000000000000000
00000300000010000273004232C0042000000000000000000000000000000000
011E3B0000800000000001480188024000000000000000000000000228000000
109108AC0100104903840446B812021000000000000000000000000000000000
0000000000000000000000000000000000000000000000000000000000000000
0000000000000000000000000000000000000000008000000000000000000000
01080A2000000000008000080002020000000000000010010000000000000000
0000000000000000000000000000000000000000001000000000000000000000
081394A208832C620600000000430E7800000000000000000800000000000000
0000000000000000000000000000000000000200000000000000000000000000
0810000100000000000001080000000000000000000000001000000000000000
0000000000000000000000000000000000000000000000000000000000000000
0000000000800200000000200000000000000000000000000000000020000000
0000000000000000000000000000000000040000000000000000000000000000
0000040000000000000000000000002000000000000000000000000020000000
0000000000000000000000000000000000000000000000000000000000000000
0000302000000000004000000000000100000000000000000000000000000000
0000000000000000010000000000000000000000000000200000000000000000
8A5240143310000C006041170621A00100000000000000000000000000000000
0000000000000000000000000000000000000020000000000000000000000000
11BE2D66ACC2BD72074105180093C10500000000000000000000000000000000
0000000000000000000000000000000008000000000000000000000000000000
4000000000000000000000000000000000000000000000000000000000000000
0000000000000008000000000000000000000000000000002000000000000000
04065EC0028E00000400013800A23C0040000000000000000000000000000000
0000000000000000000000000000000000000000000000010000000000000400
0000100000028010000000000000000000000000000000000000000100000000
0000000000000000000000000000000000040000000000000000000000000000
00241AA080910000000001000000004020000000000000000000000150000000
0000000000000000000000000000000000000000000000000000000004000000
0404000080000000000000000000800000000000000000000000000180000000
0000000000000000000000000000000000000000000000000000010000000000
0404208000007404000000000400800000000000000000000000000020000000
0000000000000000000000000000000008000000000020000000000000000000
000000100800A000020000000000100000000000000000000000000480000000
0000000000000000000000000000000000000000000000000000000000000000
06F9D6D7E1060004062809900FA36D5B00000000000000000000000000000000
0000000000000000000000004000000000000000000000000000000000000000
00040000000100280000120A0200C00000000000000000000000004000000000
0000000000000000000000000000000000000000000000000000000000000000
0000000000000000000000000000000000000000000000900000000000000000
0000000000000000000000008000000000000000000000000000000000000000
0000000000000000000000000000000000000000000000000000200000000000
0000000000000001000000000000000000000000000000000000000000000000
02200688E48000040180000002BC88C400000000000000000000000000000000
0000000000000400000002400000100000000000000000000000000000000000
129938B80601002044114F0003F1A1E320000000000000000800000000000000
0000000000000000000000000000000080000000000000000000000000000000
8F7E5751FD820022076140BAC4BFF35200000000000000000800000000000000
0000000000000000000000000000000000000000000000000000000000000000
0004000000000000000000000000000000000000000000000000000020000000
0000000000000000000000001000000008000000000000000000000000000000
9EF6997F65DFE02000E296A819F6EC8300000000000000000000000000000000
0000000000000000000000000000000000000000000000000000400000000000
14484240800188000000000000000000200000000000000000000000F0000000
0000000000000000000000000000000000000000000000000000000000000000
0800000000000200000000000000000000000000000000000000000020000000
0000000000000000000000000000000000000000000200000000000000000000
000B800000004D00012000000002000000000000000000000000000120000000
0000000100101848400800030080004800000000000000000000000000000000
004901C04002C00000200018000A100000000000000000000000000000000000
0000000000000000000000000000000000000000000000000000000000000000
0000000000000000100000000000000000000000000000000000000000000000
0000000000000100004000000000000008000000000000000000000000000000
0000020000000000000000C000000000000000000000000000000000A8000000
0000000000000000000000000000000000000000000000000000000000000000
17FFFDFE3FF3FFFA07FFF70001FDFFFF000000000000000008000000A0000000
0000000000000042000000001201000000000000000000000000000000000000
0100000050000000000000300100000000000000000000000000000000000000
0000000000000000000000000000000000000000000000000000000000020000
0F495DB87F82002403700008037FDE0100000000000000000800000000000000
0000000000000000000000000000000000000000000000000000080000000000
12565D87D9A07FA2067A4E00008547C900000000000000000800000000000000
0000000000000000000000000000001000000000000000000000000000000000
17018C900480002000C58A0000000098000000000000000000000001C0000000
0000000000000000000000000000000000000000040000000000000000000000
0000000000000000000000000000000000000000000000000000400000000000
0000000000040000000000000000000008000000008020000000000000000000
10120A00008100000080004000458000000000000000000008000000F0000000
0000000000000000000000000000000000000000000000000000002000000000
8F5FFFF7718EB83607F901B001EDFFDF00000000000000000800000000000000
0000000000000000000000000000000000000000000000200000000000000000
0005810320000000003000200020140000000000000000000800000000000000
0000000000000000000000000000000000000000000000000000000000000000
0040100080020000010000C40010880000000000000000001000000000000000
0000000000000000000000000000000000000000200000000000000000000000
0000000080000000000000000000000000000000000400000000000000000000
0000000000000000000400009000000008000000000000000000000000000000
4400221060000000000404000001404000000000000000000000000020000000
0000000000000000000000001000000000000000000000000000000000000000
0000400000042000000000200000000000000000000000000000000110000000
0000000000000000000000000000000000000000000080000000000000000000
0810400000880000000000000204000000000000000000000000000000000000
0000000000000000004014000000209000000000000000000000000000000000
0000000000000000000000000000000000000000000004000000000000000000
0080508048051802021000052808000700000000000000000000000000000000
0000820000000000008000000200000000000000000000020000000000000000
0000000000000000000000000000000000000000000000000000000000000000
0108080000000000000000160001088000000000000000000000020000000000
0000000000000400000000000000000000200000000000000000000000000000
8F7EFFFBFF9A002407E8019FCFFFEEFF00000000000000000800000000000000
0000000000000000000000000000000000000001000000000000000000000000
0000000000000000000000000000000000000000000000000000000000000000
0000000000000000000000000000000000000000000000000000000000000000
0004082000000000000000000000102000000000000000000003500000000000
0000000000000040000112000000000000000000000000000000000000000000
8A3B8E39B492000004200013DEA4188440000000000000000000000000000000
0000000000000000000000000000000000000000000000000000000000000000
8000002020000000040000080000080000000000000000000000000000000000
0000000000000000000000000000000000000000000040000000002000000000
0000000000008000000020000000000000000000000000000000000000000000
0000000000000000000000000000000000000000000000020000000000000000
000020C000800000000000800018000000000000000000002000400000000000
0000000000000000000000000000000000000010000000000000000000000000
0000002000000000000000000000000000000000000000008000000000000000
0000000000000000000000000000000000000000000000000000000040000000
06A516C02700800002001000018925E1000000000000000000000000F0000000
0000000000000000000000000000000000000000000000000000001000004000
10AFCC5E1EF95AB0012BED900115756D00000000000000000000000000000000
0000000000000000000000000000000000000020000000000000000000000000
0A4A0040082050400200020001C3068100000000000000000000000000000000
0000000000000000000000000000000000010000000000000000000000000000
0000000000000000000000000000000000000000000000000000000010000000
0000000000000000000000000000000000000000008000000000000000000000
05008A0000008820008001400100220800000000000000000000000160000000
0000000000000000000000000000000000000000800000000000000000000000
0000084000800000010001080301010400000000000000000000000000000000
0000000000000000000000000000000000000000000000000000000000100000
0000000000008000000000080000000000000000000000000000000000000000
0000000000000000000000000000000000000000000000000000000000008000
0003004000000000000000000100000000000000000000000000000000000000
0000000000000000000000000000000000000000000000200000000000000000
1F1EC98011A3933201A5F90004A0099900000000000000000000000000000000
0000000000000000000000000000000000000000000000000000000000000000
0000200020000000000000100001900000000000000010000000000000000000
0000000000000000000000000000000000000000020000000000000000000000
0000000000000000000000000000000000000000000000000000000010000000
0000000100000000010000000000000000000000008000000000000000000000
80C0000000000000001800000100140000000000000000000000000000000000
000000000000000000051A001000008400000000000020000000000000000000
8000000000000000000001000200000000000000000020830000000000000000
0000000000000000000000000000000008000000000000000000000000000000
0000000000000000000000000000000000000000000000000000020000000000
0000000000000000000000000000000000000000800000000000000000000000
0000000000000000000000000000000000000000000000000000000000000000
0000000000000000000200002000000000000000000000000000000000000000
0800000004020000000000000000000000000000000000000000000000000000
0000000040000400000008020800011000000000000000000000000000000000
87E042402582000000B80198013F8C5100000000000000000800000000000000
0000000000000000000000000000000000000000000000000000000000000000
03DE7DE086020000054801B80363B41400000000000000010000000000000000
0000000000000000000000000000000000000000000000000000000000000000
1E463CE0DC81436604DA180002E063AA00000000000000000000000000000000
0000000000000000000000000000000000000000000000000000000000000000
8DE7AEFDF39E002006788138C7F37E1E00000000000000000800000000000000
0000000000000000000000000000000000000000000000000000000000000000
002828EB85820000028800000049968000000000000000001800000020000000
000000001000000202C402008000800800000000000000001000000000000000
1F0ECC0C0920041001002800002B8F9100000000000000000000000000000000
0000000000000000000000000000000000000000000000000000000000000000
00080200000000000108000202804C8240000000000000000000000000000000
0000000000000000000000000000000000000000008000000000000000000000
9FFFFDFF7FFFBF7F83FFEFB21FF6FEBF00000000000000000800000000000000
0000000180000000000002430800000000000000000000000000000000000000
0000000000000000008000000000000200000000000000000000000000000000
0000000000000000000000000000000000000000008000000000000000000000
0020000000800000200800000002000000000000000000000800000000000000
0000000000000000000000000000000000000000000000000000000000002000
025F23980182000002E801000182E4A3000000000000000000000001D0000000
0000000018000408000000000000000500000000000080000000000000000000
0000000000000000000000000000000000000000000000000000000000000000
0000000000000000000000000000000000001000000000004000000001044000
0000000000000000000000000000000000010000000000000000000000000000
0000000000000000000000000000000000040000000000000000000000001020
007946A0049E0020007000880100624000000000000000000000000000000000
0000000000000000000000000000000000000000000000000000000000000000
8000080000000000000000000000000000000000000000030000000000000000
0000000000000000000000000000000000000000000000000000000000004000
0C65202040092000002000000000D08000000000000000000000000000000000
0141004020000002020400008040000800000000000000000000000000000000
0000000000000000000000000000000000000000000100020000000000000000
0000000000400002000040019080000000000000000000000000000000000000
0000000080000000002000100000000000000000000000030000000000000000
0000000200000000002308001800000000000000000000000000000000000000
8000001000000000000000A00000000000000000000000000001000000000000
0000000000000000000000000000000000000000810000000000000000000000
0FFFFFFFFE9E002406F801BECFFFFFFF00000000000000000800000000000000
0000000000000000000000000000000004000000000000000000000000000000
0000000002000000001000000000000000000000000000000000000000000000
0000000000000000000000000000000000000000000000000000000800000000
047A7BE58C06000402F8013C001A1D5F40000000000000000800000000000000
0000000000000000000000000000000000020000000000000000000200000000
16FBDFF70683C80005FBBB2800CF7FFF00000000000000000800000000000000
0000000000000000000000000000000008000000800000000000000000000000
0000000000000000000000000000000000000000000000000000000000000000
0000000000000000000000000000000000020000000000000000000000000000
4000000000000000001000000000000000000000000000000000000000000000
0000000000000000000000000000000000000000000000000000000000000000
8000030000002800100000200401000040000000000000000000000000000000
0000000000000000000000000000000000040000000000000000000000000000
AF7F7B3FFF9E002407E801A826EFFF7640000000000000000800000000000000
1000000000000700000000008000000000000000000000000000000000000000
0800000000000000000000000000000000000000000000000000000000000000
000000000000000000000000000000A000000000000000001000000000000000
2800000000000000000000000000000000000000000100400000100000000000
0000000000000000000000000000000000200000000000000000000000000000
0000000000000000000000000000001000000000000000000000000000000000
0000400000000000000020000800000000000000000000000000000000000000
0000000000000000000000000000000000000000000000080000000000000000
0000000000000000000000000000000000000000008000000000000000000000
0000000000000000000000000000000000000000000000000002000000000000
0000000000000000000000000000000000000000000000000000002000000000
0000080000000020000000000000000000000000000000000000000080000000
0000000000000000000000000000000000800000000000000000000000000000
08060042800060A00000010000058A0000000000000000000000000000000000
0000000000000000000000000000000000000000000000000000000800000000
0000000004000000000000000000000000000000000000000000000000000000
0000000000000000000000000000000000000000000000000000010000000000
0000000000000000000000000000000000000000000000000000000000000000
00002000020C010000A340001080029400000000000000000000000000000000
0000000000000000000000100000100000000000000000000000000100000000
0000000000000000000000000000000000000000000000000000000800000000
0002000000800020000000000081000000000000000000000000000000000000
0000000000000000000000000000000000000000000008000000000000000000
160CAA40840300300740000001C4E00F200000000000000008000001E0000000
1084234800000005819C7000000827BE40000000000010001000000000000000
0E12231F2141F0854400BF2087043B2000000000000000000800000000000000
0000000000000000000000000000000000080000000000000000000000000000
0000000000000000400000000006000000000000000000001000000150000000
0000000000000000000000000000000000200000000000000000000000000200
8B3DBF344682002001B8004F0BB60FC810000000000000002800120000000000
0000000000000000000102808000040000000000000000000000000000000000
00220000253001300000400000801010000000000000000000000001C0000000
0000000000000000000000000000000000001000000000000000000000000000
0800000000000000000000000000000000000000000000000000000000000000
0000000000000000000000000000000000000000000000200000000000000000
0A30800484040000000001000141800000000000000000000000000000000000
0000000000000000000000000000000000000000000000000000000000001000
0FFFFFFEFF92002407F8012883FFFFFF00000000000000000800000000000000
0000000000000000000000000000000000000000000000000000000000000000
0010000008012000002080000000000000000000000000000000000080000000
0000000000000000000000000000000000000000000000000000000000000000
00020800045230600000010400000A0000000000000000000000000000000000
010000001200400400000000000001C200000000000000000800000000000000
14851B140610C80003E4F4A80033200A00000000000000000800000000000000
0000000000000000000500462000000000000000000000000000000000000000
0000000000000000000000000000000000000000000000000000440000000000
0000000000100000000000000000000008000000000000000000000000000000
0808000112802022020000000010450040000000000000000000000000000000
0000000000000000000000000000000000000000000000000000000000000800
8FEF7FFFBFF6FAEF6213D738026FF19700000000000000000800000000000000
1000000000000000010002000000000008000000000000001000000000000000
0000000000000000000000000000000000000000000000000004000000000000
0000000000000000000000000000000000000000000000020000000000000000
080A010000820000000800000510400000000000000000000800000010000000
0000000000000000000000000000000000000000000000000000000000000000
1406001080010000001000000000820000000000000000000000000100000000
0000000000000000000000000000000080000000000000000000000000000000
0000002000000000000000000000000000000000000000000000000180000000
0000000000000001000000000000000000000000000040000000000000000000
0000000000000000000000000000000000000000000000000000020000000000
0000000000000000000000000000000000000000000000000000000000000000
00008421080002100100000004C1682800000000000000000000000000000000
0000000000000000000000000000000000000000000000000000000000080000
0000000000000000000000000000000000000000000000000000000000000000
0000000040000000000460000000000000000000000000000000000000020000
0000000000000000000000000000000000000000000000000000000000000200
0000004700250080000200421000000000000000000000000000000000000000
0008940000800000004400000080040000000000000000001000000080000000
0000000000000000000200000000000000000000000000000000000000000000
0004E02480E880830010018E002100CC20000000000000000000000020000000
0200000000000000000000000004000000000000000060000000000000000000
048C8220008227100000000000260C2440000000000000000000000190000000
03008128C0000080260CF4700040083100000000000000000000000000000000
0000104000000020002000000000000000000000000000000000000000000000
0000000000000000000000000000000000000800000000000000000000000000
0000000000000000000000000000000000000000000000000000000000000000
0000000000000000000000000000000000000000000000000000000800000000
00000200000000000200000000A0180000000000000000000000000000000000
0000000000000000000000000000000000000000000000000000000000001000
10444000040010A0000000000008000060000000000000000000000110000000
0000000000000000000000000000000000000000000000000000010000000000
00000000000000001000000000000000000000000000000000000000000000C0
0000000000000000000000000000000000000000800040000000000000000000
4000000000008000000000000010000000000000000000000000000020000000
0000000000000000000020000000000000000000000000000000000000000000
0000000000000000000000000000000000000001000000000000000000000000
0000010000000000000000001400000008000000000000000000000000000000
0000000000000000000000000000000000000000000000000000000000000000
00000004783000084600A2100008000100000000000040000000000000000000
0000008080000000000000200000000000000000000000000000000000000000
0000000000000000000000000000000000000000000000000000000000100000
000D06000002C2B2040000000001522120000000000000000000000100000000
400000080000000000043E000000000000000000000000001000000000000000
0C773B50DEE3EE8180C607A80638506500000000000000000800000000000000
0000000000000001000000000000000000000000000000000000000000000000
122F14000002ED22006000000000021080000000000000000000000170000000
0000000000000000000000000000000000000000000080000000000000000000
162E0BB26783002207B8080003F8820A00000000000000000800000000000000
0000000000000000000000000000000000000000000000000000000000000000
0008000400000000000000080000000000000000000000000000000140000000
0000000000000000000000000000000000000000000000200000000000000000
0200800080000000000000000000000000000000000000000000280000000000
0000000000040002000000000000000040040000000000000000000000000000
42401BE00080800000A008A005014023000000000000000018000001B0000000
0000400000001000000000000002000008000000000000000000000000000000
0000000000000000000000000000000000000000000000000004080000000000
0000000000000000000000000000000000000000000000000000000002000000
0000000000000000000000000000000000000000000000001000000100000000
0000000000000000000000000000000008000000000000000000000000000000
0000000000000000000000000000000000000000000000000000000000000000
0000000000000000000000000000000000008000000000000000000000000000
0000080000020000000000200000009000000000000000002000000000000000
0000000000000000000000000000000000000000000000000000000000000000
0000000000000000000000000000000000000000000000000000000000000000
0000000000000000000000000000000000000000000000000000000000004000
0000000000000010800000000000000000000000000000000000000000000000
0000000000000000000000000000000000000000000000000000000000001000
0000000000000000000000000000000000000000000000000000000000000000
0000000000000000000000000000000000000020000000000000000000000000
0001000000000000000000020004100000000000000000080000000000000000
0000000000200000004000002800000000000000000000000000000000000000
0E20114104000000010000000400800000000000000000000000000000000000
00300580102408040220821DE080001000000000000000000000000000000000
0A0900300002C010800000000011080000000000000000000000000000000000
0000000000000000400000012000000000000000000000000000000000000000
021760200094CA32C000010002405A0040000000000000000800000000000000
1000000000000000000000001000000008000000000000000000000000000000
002AB05010114000020000000000020000000000000000000000000030000000
0000000000000000000000000000000000000200000000000000000000000000
9D6FBD5A5483402082A71FB002DBBFB500000000000000000800000000000000
0000000000000000000000000000000000000000000000000000000000000000
00000100E0000000008014200000000200000000000000000000000020000000
0000000000000000000000000000000000040000000000000000000000000000
A81E8040041E0000010000000820010040000000000000000800020000000000
0000000000000000000000000000000000000000000000200000000000000000
0000000000000000000000000000000000000000000000000000000000000000
0400200004000001C00080403000210000000000000000000000000000000000
0000000000000000000000000000000000000000000000000000000000000000
0000000000000000000000000000000000000000000000000000000000000000
0004000000000000000000000000020100000000000000000000000000000000
0000000000000000000000000000000000000000800000000000000000000800
0000000000000000001000000400000000000000000000000000040000000000
0000000000000000000000000000000000040000000000000000000000000000
0800000000000000000000000000000000000000000000000000000000000000
0000000000000008000000000000008000000000000000000000000000000000
