15:05:05 INFO  : Registering command handlers for SDK TCF services
15:05:07 INFO  : Launching XSCT server: xsct.bat -interactive D:\vivado\program\CTM\CTM.sdk\temp_xsdb_launch_script.tcl
15:05:10 INFO  : XSCT server has started successfully.
15:05:15 INFO  : Successfully done setting XSCT server connection channel  
15:05:15 INFO  : Processing command line option -hwspec D:/vivado/program/CTM/CTM.sdk/design_1_wrapper.hdf.
15:05:15 INFO  : Successfully done setting SDK workspace  
23:35:34 INFO  : Registering command handlers for SDK TCF services
23:35:34 INFO  : Launching XSCT server: xsct.bat -interactive E:\tm_Dronfa_xy\TM\CTM.sdk\temp_xsdb_launch_script.tcl
23:35:36 INFO  : XSCT server has started successfully.
23:35:37 INFO  : Successfully done setting XSCT server connection channel  
23:35:37 INFO  : Processing command line option -hwspec E:/tm_Dronfa_xy/TM/CTM.sdk/design_1_wrapper.hdf.
23:35:37 INFO  : Successfully done setting SDK workspace  
10:54:40 INFO  : Registering command handlers for SDK TCF services
10:54:41 INFO  : Launching XSCT server: xsct.bat -interactive E:\tm_Dronfa_xy\TM\CTM.sdk\temp_xsdb_launch_script.tcl
10:54:44 INFO  : XSCT server has started successfully.
10:54:44 INFO  : Successfully done setting XSCT server connection channel  
10:54:48 INFO  : Successfully done setting SDK workspace  
10:54:48 INFO  : Processing command line option -hwspec E:/tm_Dronfa_xy/TM/CTM.sdk/design_1_wrapper.hdf.
10:54:48 INFO  : Checking for hwspec changes in the project design_1_wrapper_hw_platform_1.
10:55:14 INFO  : Connected to target on host '127.0.0.1' and port '3121'.
10:55:15 INFO  : 'targets -set -filter {jtag_cable_name =~ "Digilent JTAG-HS1 210512180081" && level==0} -index 1' command is executed.
10:55:18 INFO  : FPGA configured successfully with bitstream "E:/tm_Dronfa_xy/TM/CTM.sdk/design_1_wrapper_hw_platform_0/design_1_wrapper.bit"
10:59:34 INFO  : 'targets -set -filter {jtag_cable_name =~ "Digilent JTAG-HS1 210512180081" && level==0} -index 1' command is executed.
10:59:34 INFO  : 'fpga -state' command is executed.
10:59:34 INFO  : Connected to target on host '127.0.0.1' and port '3121'.
10:59:35 INFO  : Jtag cable 'Digilent JTAG-HS1 210512180081' is selected.
10:59:35 INFO  : 'jtag frequency' command is executed.
10:59:35 INFO  : Context for 'APU' is selected.
10:59:35 INFO  : Hardware design information is loaded from 'E:/tm_Dronfa_xy/TM/CTM.sdk/design_1_wrapper_hw_platform_0/system.hdf'.
10:59:35 INFO  : 'configparams force-mem-access 1' command is executed.
10:59:35 INFO  : Context for processor 'ps7_cortexa9_0' is selected.
10:59:35 INFO  : Processor reset is completed for 'ps7_cortexa9_0'.
10:59:35 INFO  : Context for processor 'ps7_cortexa9_0' is selected.
10:59:35 ERROR : Memory write error at 0x100000. Cannot access DDR: the controller is held in reset
10:59:35 INFO  : ----------------XSDB Script----------------
connect -url tcp:127.0.0.1:3121
targets -set -nocase -filter {name =~"APU*" && jtag_cable_name =~ "Digilent JTAG-HS1 210512180081"} -index 0
loadhw -hw E:/tm_Dronfa_xy/TM/CTM.sdk/design_1_wrapper_hw_platform_0/system.hdf -mem-ranges [list {0x40000000 0xbfffffff}]
configparams force-mem-access 1
targets -set -nocase -filter {name =~ "ARM*#0" && jtag_cable_name =~ "Digilent JTAG-HS1 210512180081"} -index 0
rst -processor
targets -set -nocase -filter {name =~ "ARM*#0" && jtag_cable_name =~ "Digilent JTAG-HS1 210512180081"} -index 0
dow E:/tm_Dronfa_xy/TM/CTM.sdk/ctm_test/Debug/ctm_test.elf
----------------End of Script----------------

11:14:02 INFO  : Connected to target on host '127.0.0.1' and port '3121'.
11:14:02 INFO  : Jtag cable 'Digilent JTAG-HS1 210512180081' is selected.
11:14:02 INFO  : 'jtag frequency' command is executed.
11:14:02 INFO  : Context for 'APU' is selected.
11:14:03 INFO  : System reset is completed.
11:14:06 INFO  : 'after 3000' command is executed.
11:14:06 INFO  : 'targets -set -filter {jtag_cable_name =~ "Digilent JTAG-HS1 210512180081" && level==0} -index 1' command is executed.
11:14:09 INFO  : FPGA configured successfully with bitstream "E:/tm_Dronfa_xy/TM/CTM.sdk/design_1_wrapper_hw_platform_0/design_1_wrapper.bit"
11:14:09 INFO  : Context for 'APU' is selected.
11:14:09 INFO  : Hardware design information is loaded from 'E:/tm_Dronfa_xy/TM/CTM.sdk/design_1_wrapper_hw_platform_0/system.hdf'.
11:14:09 INFO  : 'configparams force-mem-access 1' command is executed.
11:14:09 INFO  : Context for processor 'ps7_cortexa9_0' is selected.
11:14:09 ERROR : Memory write error at 0x100000. Cannot access DDR: the controller is held in reset
11:14:09 INFO  : ----------------XSDB Script----------------
connect -url tcp:127.0.0.1:3121
targets -set -nocase -filter {name =~"APU*" && jtag_cable_name =~ "Digilent JTAG-HS1 210512180081"} -index 0
rst -system
after 3000
targets -set -filter {jtag_cable_name =~ "Digilent JTAG-HS1 210512180081" && level==0} -index 1
fpga -file E:/tm_Dronfa_xy/TM/CTM.sdk/design_1_wrapper_hw_platform_0/design_1_wrapper.bit
targets -set -nocase -filter {name =~"APU*" && jtag_cable_name =~ "Digilent JTAG-HS1 210512180081"} -index 0
loadhw -hw E:/tm_Dronfa_xy/TM/CTM.sdk/design_1_wrapper_hw_platform_0/system.hdf -mem-ranges [list {0x40000000 0xbfffffff}]
configparams force-mem-access 1
targets -set -nocase -filter {name =~ "ARM*#0" && jtag_cable_name =~ "Digilent JTAG-HS1 210512180081"} -index 0
dow E:/tm_Dronfa_xy/TM/CTM.sdk/ctm_test/Debug/ctm_test.elf
----------------End of Script----------------

11:30:14 INFO  : SDK has detected change in the last modified timestamps for source hardware specification file Source:1775100409432,  Project:1775057138071
11:30:14 INFO  : Project design_1_wrapper_hw_platform_1's source hardware specification located at E:/tm_Dronfa_xy/TM/CTM.sdk/design_1_wrapper.hdf is now different from the local copy.
		 The local copy will be replaced with the source specification and your workspace will be updated.
11:31:18 INFO  : Copied contents of E:/tm_Dronfa_xy/TM/CTM.sdk/design_1_wrapper.hdf into \design_1_wrapper_hw_platform_1\system.hdf.
11:31:19 INFO  : Synchronizing projects in the workspace with the hardware platform specification changes.
11:31:19 INFO  : Clearing existing target manager status.
11:31:19 INFO  : Workspace synchronized with the new hardware specification file. Cleaning dependent projects...
11:31:19 WARN  : Linker script will not be updated automatically. Users need to update it manually.
11:31:46 ERROR : (XSDB Server)ERROR: [HDF 64-5] File not found - E:/tm_Dronfa_xy/TM/CTM.sdk/design_1_wrapper_hw_platform_0/system.hdf

11:31:46 ERROR : (XSDB Server)ERROR: [Hsi 55-1451] Error: running open_hw_design.

11:31:46 ERROR : Failed to openhw "E:/tm_Dronfa_xy/TM/CTM.sdk/design_1_wrapper_hw_platform_0/system.hdf"
Reason: ERROR: [Common 17-39] 'hsi::open_hw_design' failed due to earlier errors.

12:18:25 INFO  : SDK has detected change in the last modified timestamps for source hardware specification file Source:1775103454867,  Project:1775100409432
12:18:25 INFO  : Project design_1_wrapper_hw_platform_1's source hardware specification located at E:/tm_Dronfa_xy/TM/CTM.sdk/design_1_wrapper.hdf is now different from the local copy.
		 The local copy will be replaced with the source specification and your workspace will be updated.
12:18:33 ERROR : Unable to save current hardware specification file in a temporary location.
12:18:33 INFO  : Copied contents of E:/tm_Dronfa_xy/TM/CTM.sdk/design_1_wrapper.hdf into \design_1_wrapper_hw_platform_1\system.hdf.
12:19:18 INFO  : Registering command handlers for SDK TCF services
12:19:18 INFO  : Launching XSCT server: xsct.bat -interactive E:\tm_Dronfa_xy\TM\CTM.sdk\temp_xsdb_launch_script.tcl
12:19:21 INFO  : XSCT server has started successfully.
12:19:25 INFO  : Successfully done setting XSCT server connection channel  
12:19:25 INFO  : Successfully done setting SDK workspace  
12:19:25 INFO  : Processing command line option -hwspec E:/tm_Dronfa_xy/TM/CTM.sdk/design_1_wrapper.hdf.
12:19:25 INFO  : Checking for hwspec changes in the project design_1_wrapper_hw_platform_1.
12:19:36 INFO  : Connected to target on host '127.0.0.1' and port '3121'.
12:19:37 INFO  : 'targets -set -filter {jtag_cable_name =~ "Digilent JTAG-HS1 210512180081" && level==0} -index 1' command is executed.
12:19:40 INFO  : FPGA configured successfully with bitstream "E:/tm_Dronfa_xy/TM/CTM.sdk/design_1_wrapper_hw_platform_1/design_1_wrapper.bit"
15:44:30 INFO  : Registering command handlers for SDK TCF services
15:44:32 INFO  : Launching XSCT server: xsct.bat -interactive E:\tm_Dronfa_xy\TM\CTM.sdk\temp_xsdb_launch_script.tcl
15:44:35 INFO  : XSCT server has started successfully.
15:44:39 INFO  : Successfully done setting XSCT server connection channel  
15:44:39 INFO  : Successfully done setting SDK workspace  
15:44:39 INFO  : Processing command line option -hwspec E:/tm_Dronfa_xy/TM/CTM.sdk/design_1_wrapper.hdf.
15:44:39 INFO  : Checking for hwspec changes in the project design_1_wrapper_hw_platform_1.
22:35:52 INFO  : Registering command handlers for SDK TCF services
22:35:53 INFO  : Launching XSCT server: xsct.bat -interactive E:\tm_Dronfa_xy\TM\CTM.sdk\temp_xsdb_launch_script.tcl
22:35:56 INFO  : XSCT server has started successfully.
22:36:00 INFO  : Successfully done setting XSCT server connection channel  
22:36:00 INFO  : Processing command line option -hwspec E:/tm_Dronfa_xy/TM/CTM.sdk/design_1_wrapper.hdf.
22:36:00 INFO  : Successfully done setting SDK workspace  
22:36:00 INFO  : Checking for hwspec changes in the project design_1_wrapper_hw_platform_1.
22:36:03 INFO  : SDK has detected change in the last modified timestamps for source hardware specification file Source:1775119894867,  Project:1775103454867
22:36:03 INFO  : The hardware specification for project 'design_1_wrapper_hw_platform_1' is different from E:/tm_Dronfa_xy/TM/CTM.sdk/design_1_wrapper.hdf.
22:36:03 INFO  : Copied contents of E:/tm_Dronfa_xy/TM/CTM.sdk/design_1_wrapper.hdf into \design_1_wrapper_hw_platform_1\system.hdf.
22:36:22 INFO  : Synchronizing projects in the workspace with the hardware platform specification changes.
22:36:24 INFO  : Clearing existing target manager status.
22:36:24 INFO  : Workspace synchronized with the new hardware specification file. Cleaning dependent projects...
22:36:24 WARN  : Linker script will not be updated automatically. Users need to update it manually.
22:42:57 INFO  : Connected to target on host '127.0.0.1' and port '3121'.
22:42:58 INFO  : 'targets -set -filter {jtag_cable_name =~ "Digilent JTAG-HS1 210512180081" && level==0} -index 1' command is executed.
22:43:01 INFO  : FPGA configured successfully with bitstream "E:/tm_Dronfa_xy/TM/CTM.sdk/design_1_wrapper_hw_platform_1/design_1_wrapper.bit"
22:48:42 INFO  : Connected to target on host '127.0.0.1' and port '3121'.
22:48:42 INFO  : 'targets -set -filter {jtag_cable_name =~ "Digilent JTAG-HS1 210512180081" && level==0} -index 1' command is executed.
22:48:46 INFO  : FPGA configured successfully with bitstream "E:/tm_Dronfa_xy/TM/CTM.sdk/design_1_wrapper_hw_platform_1/design_1_wrapper.bit"
22:49:49 INFO  : Connected to target on host '127.0.0.1' and port '3121'.
22:49:49 INFO  : Jtag cable 'Digilent JTAG-HS1 210512180081' is selected.
22:49:49 INFO  : 'jtag frequency' command is executed.
22:49:49 INFO  : Context for 'APU' is selected.
22:49:49 INFO  : System reset is completed.
22:49:52 INFO  : 'after 3000' command is executed.
22:49:52 INFO  : 'targets -set -filter {jtag_cable_name =~ "Digilent JTAG-HS1 210512180081" && level==0} -index 1' command is executed.
22:49:56 INFO  : FPGA configured successfully with bitstream "E:/tm_Dronfa_xy/TM/CTM.sdk/design_1_wrapper_hw_platform_1/design_1_wrapper.bit"
22:49:56 INFO  : Context for 'APU' is selected.
22:49:56 INFO  : Hardware design information is loaded from 'E:/tm_Dronfa_xy/TM/CTM.sdk/design_1_wrapper_hw_platform_1/system.hdf'.
22:49:56 INFO  : 'configparams force-mem-access 1' command is executed.
22:49:56 INFO  : 'configparams force-mem-access 0' command is executed.
22:49:56 INFO  : ----------------XSDB Script----------------
connect -url tcp:127.0.0.1:3121
targets -set -nocase -filter {name =~"APU*" && jtag_cable_name =~ "Digilent JTAG-HS1 210512180081"} -index 0
rst -system
after 3000
targets -set -filter {jtag_cable_name =~ "Digilent JTAG-HS1 210512180081" && level==0} -index 1
fpga -file E:/tm_Dronfa_xy/TM/CTM.sdk/design_1_wrapper_hw_platform_1/design_1_wrapper.bit
targets -set -nocase -filter {name =~"APU*" && jtag_cable_name =~ "Digilent JTAG-HS1 210512180081"} -index 0
loadhw -hw E:/tm_Dronfa_xy/TM/CTM.sdk/design_1_wrapper_hw_platform_1/system.hdf -mem-ranges [list {0x40000000 0xbfffffff}]
configparams force-mem-access 1
configparams force-mem-access 0
----------------End of Script----------------

22:49:56 INFO  : Memory regions updated for context APU
22:49:56 INFO  : Launch script is exported to file 'E:\tm_Dronfa_xy\TM\CTM.sdk\.sdk\launch_scripts\xilinx_c-c++_application_(system_debugger)\system_debugger_using_debug_ctm_test.elf_on_local.tcl'
22:57:15 INFO  : Disconnected from the channel tcfchan#1.
22:57:32 INFO  : Registering command handlers for SDK TCF services
22:57:33 INFO  : Launching XSCT server: xsct.bat -interactive E:\tm_Dronfa_xy\TM\CTM.sdk\temp_xsdb_launch_script.tcl
22:57:35 INFO  : XSCT server has started successfully.
22:57:35 INFO  : Successfully done setting XSCT server connection channel  
22:57:35 INFO  : Successfully done setting SDK workspace  
22:57:35 INFO  : Processing command line option -hwspec E:/tm_Dronfa_xy/TM/CTM.sdk/design_1_wrapper.hdf.
22:57:35 INFO  : Checking for hwspec changes in the project design_1_wrapper_hw_platform_1.
23:02:38 INFO  : The new hardware specification file contains the same information as the current specification file. No changes were done to the workspace.
23:06:47 INFO  : Registering command handlers for SDK TCF services
23:06:47 INFO  : Launching XSCT server: xsct.bat -interactive E:\tm_Dronfa_xy\TM\CTM.sdk\temp_xsdb_launch_script.tcl
23:06:49 INFO  : XSCT server has started successfully.
23:06:50 INFO  : Successfully done setting XSCT server connection channel  
23:06:50 INFO  : Processing command line option -hwspec E:/tm_Dronfa_xy/TM/CTM.sdk/design_1_wrapper.hdf.
23:06:50 INFO  : Successfully done setting SDK workspace  
23:06:50 INFO  : Checking for hwspec changes in the project design_1_wrapper_hw_platform_1.
23:06:52 INFO  : SDK has detected change in the last modified timestamps for source hardware specification file Source:1775142364929,  Project:1775119894867
23:06:52 INFO  : The hardware specification for project 'design_1_wrapper_hw_platform_1' is different from E:/tm_Dronfa_xy/TM/CTM.sdk/design_1_wrapper.hdf.
23:06:52 INFO  : Copied contents of E:/tm_Dronfa_xy/TM/CTM.sdk/design_1_wrapper.hdf into \design_1_wrapper_hw_platform_1\system.hdf.
23:07:06 INFO  : Synchronizing projects in the workspace with the hardware platform specification changes.
23:07:07 INFO  : Clearing existing target manager status.
23:07:07 INFO  : Workspace synchronized with the new hardware specification file. Cleaning dependent projects...
23:07:07 WARN  : Linker script will not be updated automatically. Users need to update it manually.
23:08:27 INFO  : Connected to target on host '127.0.0.1' and port '3121'.
23:08:28 INFO  : 'targets -set -filter {jtag_cable_name =~ "Digilent JTAG-HS1 210512180081" && level==0} -index 1' command is executed.
23:08:31 INFO  : FPGA configured successfully with bitstream "E:/tm_Dronfa_xy/TM/CTM.sdk/design_1_wrapper_hw_platform_1/design_1_wrapper.bit"
23:09:06 INFO  : Connected to target on host '127.0.0.1' and port '3121'.
23:09:06 INFO  : Jtag cable 'Digilent JTAG-HS1 210512180081' is selected.
23:09:06 INFO  : 'jtag frequency' command is executed.
23:09:06 INFO  : Context for 'APU' is selected.
23:09:06 INFO  : System reset is completed.
23:09:09 INFO  : 'after 3000' command is executed.
23:09:09 INFO  : 'targets -set -filter {jtag_cable_name =~ "Digilent JTAG-HS1 210512180081" && level==0} -index 1' command is executed.
23:09:13 INFO  : FPGA configured successfully with bitstream "E:/tm_Dronfa_xy/TM/CTM.sdk/design_1_wrapper_hw_platform_1/design_1_wrapper.bit"
23:09:13 INFO  : Context for 'APU' is selected.
23:09:13 INFO  : Hardware design information is loaded from 'E:/tm_Dronfa_xy/TM/CTM.sdk/design_1_wrapper_hw_platform_1/system.hdf'.
23:09:13 INFO  : 'configparams force-mem-access 1' command is executed.
23:09:13 INFO  : 'configparams force-mem-access 0' command is executed.
23:09:13 INFO  : ----------------XSDB Script----------------
connect -url tcp:127.0.0.1:3121
targets -set -nocase -filter {name =~"APU*" && jtag_cable_name =~ "Digilent JTAG-HS1 210512180081"} -index 0
rst -system
after 3000
targets -set -filter {jtag_cable_name =~ "Digilent JTAG-HS1 210512180081" && level==0} -index 1
fpga -file E:/tm_Dronfa_xy/TM/CTM.sdk/design_1_wrapper_hw_platform_1/design_1_wrapper.bit
targets -set -nocase -filter {name =~"APU*" && jtag_cable_name =~ "Digilent JTAG-HS1 210512180081"} -index 0
loadhw -hw E:/tm_Dronfa_xy/TM/CTM.sdk/design_1_wrapper_hw_platform_1/system.hdf -mem-ranges [list {0x40000000 0xbfffffff}]
configparams force-mem-access 1
configparams force-mem-access 0
----------------End of Script----------------

23:09:13 INFO  : Memory regions updated for context APU
23:09:13 INFO  : Launch script is exported to file 'E:\tm_Dronfa_xy\TM\CTM.sdk\.sdk\launch_scripts\xilinx_c-c++_application_(system_debugger)\system_debugger_using_debug_ctm_test.elf_on_local.tcl'
23:34:43 INFO  : Registering command handlers for SDK TCF services
23:34:44 INFO  : Launching XSCT server: xsct.bat -interactive E:\tm_Dronfa_xy\TM\CTM.sdk\temp_xsdb_launch_script.tcl
23:34:46 INFO  : XSCT server has started successfully.
23:34:46 INFO  : Successfully done setting XSCT server connection channel  
23:34:46 INFO  : Successfully done setting SDK workspace  
23:34:46 INFO  : Processing command line option -hwspec E:/tm_Dronfa_xy/TM/CTM.sdk/design_1_wrapper.hdf.
23:38:24 INFO  : Launching XSCT server: xsct.bat -interactive E:\tm_Dronfa_xy\TM\CTM.sdk\temp_xsdb_launch_script.tcl
23:38:26 INFO  : XSCT server has started successfully.
23:38:27 INFO  : Successfully done setting XSCT server connection channel  
23:38:27 INFO  : Successfully done setting SDK workspace  
23:38:28 INFO  : Registering command handlers for SDK TCF services
23:38:28 INFO  : Processing command line option -hwspec E:/tm_Dronfa_xy/TM/CTM.sdk/design_1_wrapper.hdf.
23:40:05 ERROR : Unable to load properties file .sdkproject for project tm_new_test_bsp.
23:43:17 INFO  : 'targets -set -filter {jtag_cable_name =~ "Digilent JTAG-HS1 210512180081" && level==0} -index 1' command is executed.
23:43:17 INFO  : 'fpga -state' command is executed.
23:43:26 INFO  : Memory regions updated for context APU
23:43:30 INFO  : Connected to target on host '127.0.0.1' and port '3121'.
23:43:30 INFO  : 'targets -set -filter {jtag_cable_name =~ "Digilent JTAG-HS1 210512180081" && level==0} -index 1' command is executed.
23:43:33 INFO  : FPGA configured successfully with bitstream "E:/tm_Dronfa_xy/TM/CTM.sdk/design_1_wrapper_hw_platform_1/design_1_wrapper.bit"
23:43:41 INFO  : 'targets -set -filter {jtag_cable_name =~ "Digilent JTAG-HS1 210512180081" && level==0} -index 1' command is executed.
23:43:41 INFO  : 'fpga -state' command is executed.
23:43:41 INFO  : Connected to target on host '127.0.0.1' and port '3121'.
23:43:42 INFO  : Jtag cable 'Digilent JTAG-HS1 210512180081' is selected.
23:43:42 INFO  : 'jtag frequency' command is executed.
23:43:42 INFO  : Sourcing of 'E:/tm_Dronfa_xy/TM/CTM.sdk/design_1_wrapper_hw_platform_1/ps7_init.tcl' is done.
23:43:42 INFO  : Context for 'APU' is selected.
23:43:42 INFO  : Hardware design information is loaded from 'E:/tm_Dronfa_xy/TM/CTM.sdk/design_1_wrapper_hw_platform_1/system.hdf'.
23:43:42 INFO  : 'configparams force-mem-access 1' command is executed.
23:43:42 INFO  : Context for 'APU' is selected.
23:43:42 INFO  : 'stop' command is executed.
23:43:42 INFO  : 'ps7_init' command is executed.
23:43:42 INFO  : 'ps7_post_config' command is executed.
23:43:42 INFO  : Context for processor 'ps7_cortexa9_0' is selected.
23:43:42 INFO  : Processor reset is completed for 'ps7_cortexa9_0'.
23:43:42 INFO  : Context for processor 'ps7_cortexa9_0' is selected.
23:43:42 INFO  : The application 'E:/tm_Dronfa_xy/TM/CTM.sdk/tm_new_test/Debug/tm_new_test.elf' is downloaded to processor 'ps7_cortexa9_0'.
23:43:42 INFO  : 'configparams force-mem-access 0' command is executed.
23:43:42 INFO  : ----------------XSDB Script----------------
connect -url tcp:127.0.0.1:3121
source E:/tm_Dronfa_xy/TM/CTM.sdk/design_1_wrapper_hw_platform_1/ps7_init.tcl
targets -set -nocase -filter {name =~"APU*" && jtag_cable_name =~ "Digilent JTAG-HS1 210512180081"} -index 0
loadhw -hw E:/tm_Dronfa_xy/TM/CTM.sdk/design_1_wrapper_hw_platform_1/system.hdf -mem-ranges [list {0x40000000 0xbfffffff}]
configparams force-mem-access 1
targets -set -nocase -filter {name =~"APU*" && jtag_cable_name =~ "Digilent JTAG-HS1 210512180081"} -index 0
stop
ps7_init
ps7_post_config
targets -set -nocase -filter {name =~ "ARM*#0" && jtag_cable_name =~ "Digilent JTAG-HS1 210512180081"} -index 0
rst -processor
targets -set -nocase -filter {name =~ "ARM*#0" && jtag_cable_name =~ "Digilent JTAG-HS1 210512180081"} -index 0
dow E:/tm_Dronfa_xy/TM/CTM.sdk/tm_new_test/Debug/tm_new_test.elf
configparams force-mem-access 0
----------------End of Script----------------

23:43:42 INFO  : Memory regions updated for context APU
23:43:42 INFO  : Context for processor 'ps7_cortexa9_0' is selected.
23:43:42 INFO  : 'con' command is executed.
23:43:42 INFO  : ----------------XSDB Script (After Launch)----------------
targets -set -nocase -filter {name =~ "ARM*#0" && jtag_cable_name =~ "Digilent JTAG-HS1 210512180081"} -index 0
con
----------------End of Script----------------

23:43:42 INFO  : Launch script is exported to file 'E:\tm_Dronfa_xy\TM\CTM.sdk\.sdk\launch_scripts\xilinx_c-c++_application_(system_debugger)\system_debugger_using_debug_tm_new_test.elf_on_local.tcl'
23:45:24 INFO  : Disconnected from the channel tcfchan#1.
23:45:25 INFO  : 'targets -set -filter {jtag_cable_name =~ "Digilent JTAG-HS1 210512180081" && level==0} -index 1' command is executed.
23:45:26 INFO  : 'fpga -state' command is executed.
23:45:26 INFO  : Connected to target on host '127.0.0.1' and port '3121'.
23:45:26 INFO  : Jtag cable 'Digilent JTAG-HS1 210512180081' is selected.
23:45:26 INFO  : 'jtag frequency' command is executed.
23:45:26 INFO  : Sourcing of 'E:/tm_Dronfa_xy/TM/CTM.sdk/design_1_wrapper_hw_platform_1/ps7_init.tcl' is done.
23:45:26 INFO  : Context for 'APU' is selected.
23:45:27 INFO  : Hardware design information is loaded from 'E:/tm_Dronfa_xy/TM/CTM.sdk/design_1_wrapper_hw_platform_1/system.hdf'.
23:45:27 INFO  : 'configparams force-mem-access 1' command is executed.
23:45:27 INFO  : Context for 'APU' is selected.
23:45:27 INFO  : 'stop' command is executed.
23:45:28 INFO  : 'ps7_init' command is executed.
23:45:28 INFO  : 'ps7_post_config' command is executed.
23:45:28 INFO  : Context for processor 'ps7_cortexa9_0' is selected.
23:45:28 INFO  : Processor reset is completed for 'ps7_cortexa9_0'.
23:45:28 INFO  : Context for processor 'ps7_cortexa9_0' is selected.
23:45:30 ERROR : Memory write error at 0x100000. APB AP transaction error, DAP status f0000021
23:45:30 INFO  : ----------------XSDB Script----------------
connect -url tcp:127.0.0.1:3121
source E:/tm_Dronfa_xy/TM/CTM.sdk/design_1_wrapper_hw_platform_1/ps7_init.tcl
targets -set -nocase -filter {name =~"APU*" && jtag_cable_name =~ "Digilent JTAG-HS1 210512180081"} -index 0
loadhw -hw E:/tm_Dronfa_xy/TM/CTM.sdk/design_1_wrapper_hw_platform_1/system.hdf -mem-ranges [list {0x40000000 0xbfffffff}]
configparams force-mem-access 1
targets -set -nocase -filter {name =~"APU*" && jtag_cable_name =~ "Digilent JTAG-HS1 210512180081"} -index 0
stop
ps7_init
ps7_post_config
targets -set -nocase -filter {name =~ "ARM*#0" && jtag_cable_name =~ "Digilent JTAG-HS1 210512180081"} -index 0
rst -processor
targets -set -nocase -filter {name =~ "ARM*#0" && jtag_cable_name =~ "Digilent JTAG-HS1 210512180081"} -index 0
dow E:/tm_Dronfa_xy/TM/CTM.sdk/tm_new_test/Debug/tm_new_test.elf
----------------End of Script----------------

23:47:26 INFO  : Connected to target on host '127.0.0.1' and port '3121'.
23:47:26 INFO  : 'targets -set -filter {jtag_cable_name =~ "Digilent JTAG-HS1 210512180081" && level==0} -index 1' command is executed.
23:47:30 INFO  : FPGA configured successfully with bitstream "E:/tm_Dronfa_xy/TM/CTM.sdk/design_1_wrapper_hw_platform_1/design_1_wrapper.bit"
23:48:47 INFO  : 'targets -set -filter {jtag_cable_name =~ "Digilent JTAG-HS1 210512180081" && level==0} -index 1' command is executed.
23:48:47 INFO  : 'fpga -state' command is executed.
23:48:47 INFO  : Connected to target on host '127.0.0.1' and port '3121'.
23:48:47 INFO  : Jtag cable 'Digilent JTAG-HS1 210512180081' is selected.
23:48:47 INFO  : 'jtag frequency' command is executed.
23:48:47 INFO  : Sourcing of 'E:/tm_Dronfa_xy/TM/CTM.sdk/design_1_wrapper_hw_platform_1/ps7_init.tcl' is done.
23:48:47 INFO  : Context for 'APU' is selected.
23:48:47 INFO  : Hardware design information is loaded from 'E:/tm_Dronfa_xy/TM/CTM.sdk/design_1_wrapper_hw_platform_1/system.hdf'.
23:48:47 INFO  : 'configparams force-mem-access 1' command is executed.
23:48:47 INFO  : Context for 'APU' is selected.
23:48:47 INFO  : 'stop' command is executed.
23:48:47 INFO  : 'ps7_init' command is executed.
23:48:47 INFO  : 'ps7_post_config' command is executed.
23:48:47 INFO  : Context for processor 'ps7_cortexa9_0' is selected.
23:48:48 INFO  : Processor reset is completed for 'ps7_cortexa9_0'.
23:48:48 INFO  : Context for processor 'ps7_cortexa9_0' is selected.
23:48:48 INFO  : The application 'E:/tm_Dronfa_xy/TM/CTM.sdk/tm_new_test/Debug/tm_new_test.elf' is downloaded to processor 'ps7_cortexa9_0'.
23:48:48 INFO  : 'configparams force-mem-access 0' command is executed.
23:48:48 INFO  : ----------------XSDB Script----------------
connect -url tcp:127.0.0.1:3121
source E:/tm_Dronfa_xy/TM/CTM.sdk/design_1_wrapper_hw_platform_1/ps7_init.tcl
targets -set -nocase -filter {name =~"APU*" && jtag_cable_name =~ "Digilent JTAG-HS1 210512180081"} -index 0
loadhw -hw E:/tm_Dronfa_xy/TM/CTM.sdk/design_1_wrapper_hw_platform_1/system.hdf -mem-ranges [list {0x40000000 0xbfffffff}]
configparams force-mem-access 1
targets -set -nocase -filter {name =~"APU*" && jtag_cable_name =~ "Digilent JTAG-HS1 210512180081"} -index 0
stop
ps7_init
ps7_post_config
targets -set -nocase -filter {name =~ "ARM*#0" && jtag_cable_name =~ "Digilent JTAG-HS1 210512180081"} -index 0
rst -processor
targets -set -nocase -filter {name =~ "ARM*#0" && jtag_cable_name =~ "Digilent JTAG-HS1 210512180081"} -index 0
dow E:/tm_Dronfa_xy/TM/CTM.sdk/tm_new_test/Debug/tm_new_test.elf
configparams force-mem-access 0
----------------End of Script----------------

23:48:48 INFO  : Memory regions updated for context APU
23:48:48 INFO  : Context for processor 'ps7_cortexa9_0' is selected.
23:48:48 INFO  : 'con' command is executed.
23:48:48 INFO  : ----------------XSDB Script (After Launch)----------------
targets -set -nocase -filter {name =~ "ARM*#0" && jtag_cable_name =~ "Digilent JTAG-HS1 210512180081"} -index 0
con
----------------End of Script----------------

23:48:48 INFO  : Launch script is exported to file 'E:\tm_Dronfa_xy\TM\CTM.sdk\.sdk\launch_scripts\xilinx_c-c++_application_(system_debugger)\system_debugger_using_debug_tm_new_test.elf_on_local.tcl'
23:55:41 INFO  : Disconnected from the channel tcfchan#2.
23:55:43 INFO  : 'targets -set -filter {jtag_cable_name =~ "Digilent JTAG-HS1 210512180081" && level==0} -index 1' command is executed.
23:55:43 INFO  : 'fpga -state' command is executed.
23:55:43 INFO  : Connected to target on host '127.0.0.1' and port '3121'.
23:55:43 INFO  : Jtag cable 'Digilent JTAG-HS1 210512180081' is selected.
23:55:43 INFO  : 'jtag frequency' command is executed.
23:55:43 INFO  : Sourcing of 'E:/tm_Dronfa_xy/TM/CTM.sdk/design_1_wrapper_hw_platform_1/ps7_init.tcl' is done.
23:55:43 INFO  : Context for 'APU' is selected.
23:55:44 INFO  : Hardware design information is loaded from 'E:/tm_Dronfa_xy/TM/CTM.sdk/design_1_wrapper_hw_platform_1/system.hdf'.
23:55:44 INFO  : 'configparams force-mem-access 1' command is executed.
23:55:44 INFO  : Context for 'APU' is selected.
23:55:44 INFO  : 'stop' command is executed.
23:55:45 INFO  : 'ps7_init' command is executed.
23:55:45 INFO  : 'ps7_post_config' command is executed.
23:55:45 INFO  : Context for processor 'ps7_cortexa9_0' is selected.
23:55:45 INFO  : Processor reset is completed for 'ps7_cortexa9_0'.
23:55:45 INFO  : Context for processor 'ps7_cortexa9_0' is selected.
23:55:47 ERROR : Memory write error at 0x100000. APB AP transaction error, DAP status f0000021
23:55:47 INFO  : ----------------XSDB Script----------------
connect -url tcp:127.0.0.1:3121
source E:/tm_Dronfa_xy/TM/CTM.sdk/design_1_wrapper_hw_platform_1/ps7_init.tcl
targets -set -nocase -filter {name =~"APU*" && jtag_cable_name =~ "Digilent JTAG-HS1 210512180081"} -index 0
loadhw -hw E:/tm_Dronfa_xy/TM/CTM.sdk/design_1_wrapper_hw_platform_1/system.hdf -mem-ranges [list {0x40000000 0xbfffffff}]
configparams force-mem-access 1
targets -set -nocase -filter {name =~"APU*" && jtag_cable_name =~ "Digilent JTAG-HS1 210512180081"} -index 0
stop
ps7_init
ps7_post_config
targets -set -nocase -filter {name =~ "ARM*#0" && jtag_cable_name =~ "Digilent JTAG-HS1 210512180081"} -index 0
rst -processor
targets -set -nocase -filter {name =~ "ARM*#0" && jtag_cable_name =~ "Digilent JTAG-HS1 210512180081"} -index 0
dow E:/tm_Dronfa_xy/TM/CTM.sdk/tm_new_test/Debug/tm_new_test.elf
----------------End of Script----------------

23:56:15 INFO  : 'targets -set -filter {jtag_cable_name =~ "Digilent JTAG-HS1 210512180081" && level==0} -index 1' command is executed.
23:56:15 INFO  : 'fpga -state' command is executed.
23:56:15 INFO  : Connected to target on host '127.0.0.1' and port '3121'.
23:56:15 INFO  : Jtag cable 'Digilent JTAG-HS1 210512180081' is selected.
23:56:15 INFO  : 'jtag frequency' command is executed.
23:56:15 INFO  : Context for 'APU' is selected.
23:56:15 INFO  : Hardware design information is loaded from 'E:/tm_Dronfa_xy/TM/CTM.sdk/design_1_wrapper_hw_platform_1/system.hdf'.
23:56:15 INFO  : 'configparams force-mem-access 1' command is executed.
23:56:15 INFO  : Context for processor 'ps7_cortexa9_0' is selected.
23:56:15 ERROR : AP transaction error, DAP status f0000021
23:56:15 INFO  : ----------------XSDB Script----------------
connect -url tcp:127.0.0.1:3121
targets -set -nocase -filter {name =~"APU*" && jtag_cable_name =~ "Digilent JTAG-HS1 210512180081"} -index 0
loadhw -hw E:/tm_Dronfa_xy/TM/CTM.sdk/design_1_wrapper_hw_platform_1/system.hdf -mem-ranges [list {0x40000000 0xbfffffff}]
configparams force-mem-access 1
targets -set -nocase -filter {name =~ "ARM*#0" && jtag_cable_name =~ "Digilent JTAG-HS1 210512180081"} -index 0
rst -processor
----------------End of Script----------------

23:56:30 INFO  : 'targets -set -filter {jtag_cable_name =~ "Digilent JTAG-HS1 210512180081" && level==0} -index 1' command is executed.
23:56:30 INFO  : 'fpga -state' command is executed.
23:56:30 INFO  : Connected to target on host '127.0.0.1' and port '3121'.
23:56:30 INFO  : Jtag cable 'Digilent JTAG-HS1 210512180081' is selected.
23:56:30 INFO  : 'jtag frequency' command is executed.
23:56:30 INFO  : Sourcing of 'E:/tm_Dronfa_xy/TM/CTM.sdk/design_1_wrapper_hw_platform_1/ps7_init.tcl' is done.
23:56:30 INFO  : Context for 'APU' is selected.
23:56:30 INFO  : Hardware design information is loaded from 'E:/tm_Dronfa_xy/TM/CTM.sdk/design_1_wrapper_hw_platform_1/system.hdf'.
23:56:30 INFO  : 'configparams force-mem-access 1' command is executed.
23:56:30 INFO  : Context for 'APU' is selected.
23:56:30 INFO  : 'stop' command is executed.
23:56:30 ERROR : AP transaction error, DAP status f0000021
23:56:30 INFO  : ----------------XSDB Script----------------
connect -url tcp:127.0.0.1:3121
source E:/tm_Dronfa_xy/TM/CTM.sdk/design_1_wrapper_hw_platform_1/ps7_init.tcl
targets -set -nocase -filter {name =~"APU*" && jtag_cable_name =~ "Digilent JTAG-HS1 210512180081"} -index 0
loadhw -hw E:/tm_Dronfa_xy/TM/CTM.sdk/design_1_wrapper_hw_platform_1/system.hdf -mem-ranges [list {0x40000000 0xbfffffff}]
configparams force-mem-access 1
targets -set -nocase -filter {name =~"APU*" && jtag_cable_name =~ "Digilent JTAG-HS1 210512180081"} -index 0
stop
ps7_init
----------------End of Script----------------

23:58:20 INFO  : Connected to target on host '127.0.0.1' and port '3121'.
23:58:20 INFO  : 'targets -set -filter {jtag_cable_name =~ "Digilent JTAG-HS1 210512180081" && level==0} -index 1' command is executed.
23:58:24 INFO  : FPGA configured successfully with bitstream "E:/tm_Dronfa_xy/TM/CTM.sdk/design_1_wrapper_hw_platform_1/design_1_wrapper.bit"
23:58:34 INFO  : 'targets -set -filter {jtag_cable_name =~ "Digilent JTAG-HS1 210512180081" && level==0} -index 1' command is executed.
23:58:34 INFO  : 'fpga -state' command is executed.
23:58:34 INFO  : Connected to target on host '127.0.0.1' and port '3121'.
23:58:34 INFO  : Jtag cable 'Digilent JTAG-HS1 210512180081' is selected.
23:58:34 INFO  : 'jtag frequency' command is executed.
23:58:34 INFO  : Sourcing of 'E:/tm_Dronfa_xy/TM/CTM.sdk/design_1_wrapper_hw_platform_1/ps7_init.tcl' is done.
23:58:34 INFO  : Context for 'APU' is selected.
23:58:34 INFO  : Hardware design information is loaded from 'E:/tm_Dronfa_xy/TM/CTM.sdk/design_1_wrapper_hw_platform_1/system.hdf'.
23:58:34 INFO  : 'configparams force-mem-access 1' command is executed.
23:58:34 INFO  : Context for 'APU' is selected.
23:58:35 INFO  : 'stop' command is executed.
23:58:35 INFO  : 'ps7_init' command is executed.
23:58:35 INFO  : 'ps7_post_config' command is executed.
23:58:35 INFO  : Context for processor 'ps7_cortexa9_0' is selected.
23:58:35 INFO  : Processor reset is completed for 'ps7_cortexa9_0'.
23:58:35 INFO  : Context for processor 'ps7_cortexa9_0' is selected.
23:58:35 INFO  : The application 'E:/tm_Dronfa_xy/TM/CTM.sdk/tm_new_test/Debug/tm_new_test.elf' is downloaded to processor 'ps7_cortexa9_0'.
23:58:35 INFO  : 'configparams force-mem-access 0' command is executed.
23:58:35 INFO  : ----------------XSDB Script----------------
connect -url tcp:127.0.0.1:3121
source E:/tm_Dronfa_xy/TM/CTM.sdk/design_1_wrapper_hw_platform_1/ps7_init.tcl
targets -set -nocase -filter {name =~"APU*" && jtag_cable_name =~ "Digilent JTAG-HS1 210512180081"} -index 0
loadhw -hw E:/tm_Dronfa_xy/TM/CTM.sdk/design_1_wrapper_hw_platform_1/system.hdf -mem-ranges [list {0x40000000 0xbfffffff}]
configparams force-mem-access 1
targets -set -nocase -filter {name =~"APU*" && jtag_cable_name =~ "Digilent JTAG-HS1 210512180081"} -index 0
stop
ps7_init
ps7_post_config
targets -set -nocase -filter {name =~ "ARM*#0" && jtag_cable_name =~ "Digilent JTAG-HS1 210512180081"} -index 0
rst -processor
targets -set -nocase -filter {name =~ "ARM*#0" && jtag_cable_name =~ "Digilent JTAG-HS1 210512180081"} -index 0
dow E:/tm_Dronfa_xy/TM/CTM.sdk/tm_new_test/Debug/tm_new_test.elf
configparams force-mem-access 0
----------------End of Script----------------

23:58:35 INFO  : Memory regions updated for context APU
23:58:35 INFO  : Context for processor 'ps7_cortexa9_0' is selected.
23:58:35 INFO  : 'con' command is executed.
23:58:35 INFO  : ----------------XSDB Script (After Launch)----------------
targets -set -nocase -filter {name =~ "ARM*#0" && jtag_cable_name =~ "Digilent JTAG-HS1 210512180081"} -index 0
con
----------------End of Script----------------

23:58:35 INFO  : Launch script is exported to file 'E:\tm_Dronfa_xy\TM\CTM.sdk\.sdk\launch_scripts\xilinx_c-c++_application_(system_debugger)\system_debugger_using_debug_tm_new_test.elf_on_local.tcl'
00:01:20 INFO  : Disconnected from the channel tcfchan#3.
11:32:15 INFO  : Registering command handlers for SDK TCF services
11:32:17 INFO  : Launching XSCT server: xsct.bat -interactive E:\tm_Dronfa_xy\TM\CTM.sdk\temp_xsdb_launch_script.tcl
11:32:20 INFO  : XSCT server has started successfully.
11:32:20 INFO  : Successfully done setting XSCT server connection channel  
11:32:24 INFO  : Successfully done setting SDK workspace  
11:32:24 INFO  : Processing command line option -hwspec E:/tm_Dronfa_xy/TM/CTM.sdk/design_1_wrapper.hdf.
11:32:24 INFO  : Checking for hwspec changes in the project design_1_wrapper_hw_platform_1.
11:32:28 INFO  : SDK has detected change in the last modified timestamps for source hardware specification file Source:1775187052750,  Project:1775142364929
11:32:28 INFO  : The hardware specification for project 'design_1_wrapper_hw_platform_1' is different from E:/tm_Dronfa_xy/TM/CTM.sdk/design_1_wrapper.hdf.
11:32:28 INFO  : Copied contents of E:/tm_Dronfa_xy/TM/CTM.sdk/design_1_wrapper.hdf into \design_1_wrapper_hw_platform_1\system.hdf.
11:32:30 INFO  : Synchronizing projects in the workspace with the hardware platform specification changes.
11:32:33 INFO  : 
11:32:34 INFO  : Updating hardware inferred compiler options for tm_new_test.
11:32:34 INFO  : Clearing existing target manager status.
11:33:48 INFO  : Connected to target on host '127.0.0.1' and port '3121'.
11:33:49 INFO  : 'targets -set -filter {jtag_cable_name =~ "Digilent JTAG-HS1 210512180081" && level==0} -index 1' command is executed.
11:33:52 INFO  : FPGA configured successfully with bitstream "E:/tm_Dronfa_xy/TM/CTM.sdk/design_1_wrapper_hw_platform_1/design_1_wrapper.bit"
11:34:32 INFO  : 'targets -set -filter {jtag_cable_name =~ "Digilent JTAG-HS1 210512180081" && level==0} -index 1' command is executed.
11:34:32 INFO  : 'fpga -state' command is executed.
11:34:32 INFO  : Connected to target on host '127.0.0.1' and port '3121'.
11:34:33 INFO  : Jtag cable 'Digilent JTAG-HS1 210512180081' is selected.
11:34:33 INFO  : 'jtag frequency' command is executed.
11:34:33 INFO  : Sourcing of 'E:/tm_Dronfa_xy/TM/CTM.sdk/design_1_wrapper_hw_platform_1/ps7_init.tcl' is done.
11:34:33 INFO  : Context for 'APU' is selected.
11:34:33 INFO  : Hardware design information is loaded from 'E:/tm_Dronfa_xy/TM/CTM.sdk/design_1_wrapper_hw_platform_1/system.hdf'.
11:34:33 INFO  : 'configparams force-mem-access 1' command is executed.
11:34:33 INFO  : Context for 'APU' is selected.
11:34:33 INFO  : 'stop' command is executed.
11:34:33 INFO  : 'ps7_init' command is executed.
11:34:33 INFO  : 'ps7_post_config' command is executed.
11:34:33 INFO  : Context for processor 'ps7_cortexa9_0' is selected.
11:34:33 INFO  : Processor reset is completed for 'ps7_cortexa9_0'.
11:34:33 INFO  : Context for processor 'ps7_cortexa9_0' is selected.
11:34:33 INFO  : The application 'E:/tm_Dronfa_xy/TM/CTM.sdk/tm_new_test/Debug/tm_new_test.elf' is downloaded to processor 'ps7_cortexa9_0'.
11:34:33 INFO  : 'configparams force-mem-access 0' command is executed.
11:34:33 INFO  : ----------------XSDB Script----------------
connect -url tcp:127.0.0.1:3121
source E:/tm_Dronfa_xy/TM/CTM.sdk/design_1_wrapper_hw_platform_1/ps7_init.tcl
targets -set -nocase -filter {name =~"APU*" && jtag_cable_name =~ "Digilent JTAG-HS1 210512180081"} -index 0
loadhw -hw E:/tm_Dronfa_xy/TM/CTM.sdk/design_1_wrapper_hw_platform_1/system.hdf -mem-ranges [list {0x40000000 0xbfffffff}]
configparams force-mem-access 1
targets -set -nocase -filter {name =~"APU*" && jtag_cable_name =~ "Digilent JTAG-HS1 210512180081"} -index 0
stop
ps7_init
ps7_post_config
targets -set -nocase -filter {name =~ "ARM*#0" && jtag_cable_name =~ "Digilent JTAG-HS1 210512180081"} -index 0
rst -processor
targets -set -nocase -filter {name =~ "ARM*#0" && jtag_cable_name =~ "Digilent JTAG-HS1 210512180081"} -index 0
dow E:/tm_Dronfa_xy/TM/CTM.sdk/tm_new_test/Debug/tm_new_test.elf
configparams force-mem-access 0
----------------End of Script----------------

11:34:33 INFO  : Memory regions updated for context APU
11:34:33 INFO  : Context for processor 'ps7_cortexa9_0' is selected.
11:34:33 INFO  : 'con' command is executed.
11:34:33 INFO  : ----------------XSDB Script (After Launch)----------------
targets -set -nocase -filter {name =~ "ARM*#0" && jtag_cable_name =~ "Digilent JTAG-HS1 210512180081"} -index 0
con
----------------End of Script----------------

11:34:33 INFO  : Launch script is exported to file 'E:\tm_Dronfa_xy\TM\CTM.sdk\.sdk\launch_scripts\xilinx_c-c++_application_(system_debugger)\system_debugger_using_debug_tm_new_test.elf_on_local.tcl'
11:40:24 INFO  : Connected to target on host '127.0.0.1' and port '3121'.
11:41:01 INFO  : Disconnected from the channel tcfchan#1.
11:41:02 INFO  : 'targets -set -filter {jtag_cable_name =~ "Digilent JTAG-HS1 210512180081" && level==0} -index 1' command is executed.
11:41:02 INFO  : 'fpga -state' command is executed.
11:41:03 INFO  : Connected to target on host '127.0.0.1' and port '3121'.
11:41:03 INFO  : Jtag cable 'Digilent JTAG-HS1 210512180081' is selected.
11:41:03 INFO  : 'jtag frequency' command is executed.
11:41:03 INFO  : Sourcing of 'E:/tm_Dronfa_xy/TM/CTM.sdk/design_1_wrapper_hw_platform_1/ps7_init.tcl' is done.
11:41:03 INFO  : Context for 'APU' is selected.
11:41:04 INFO  : Hardware design information is loaded from 'E:/tm_Dronfa_xy/TM/CTM.sdk/design_1_wrapper_hw_platform_1/system.hdf'.
11:41:04 INFO  : 'configparams force-mem-access 1' command is executed.
11:41:04 INFO  : Context for 'APU' is selected.
11:41:04 INFO  : 'stop' command is executed.
11:41:04 INFO  : 'ps7_init' command is executed.
11:41:04 INFO  : 'ps7_post_config' command is executed.
11:41:04 INFO  : Context for processor 'ps7_cortexa9_0' is selected.
11:41:04 INFO  : Processor reset is completed for 'ps7_cortexa9_0'.
11:41:04 INFO  : Context for processor 'ps7_cortexa9_0' is selected.
11:41:04 INFO  : The application 'E:/tm_Dronfa_xy/TM/CTM.sdk/tm_new_test/Debug/tm_new_test.elf' is downloaded to processor 'ps7_cortexa9_0'.
11:41:04 INFO  : 'configparams force-mem-access 0' command is executed.
11:41:04 INFO  : ----------------XSDB Script----------------
connect -url tcp:127.0.0.1:3121
source E:/tm_Dronfa_xy/TM/CTM.sdk/design_1_wrapper_hw_platform_1/ps7_init.tcl
targets -set -nocase -filter {name =~"APU*" && jtag_cable_name =~ "Digilent JTAG-HS1 210512180081"} -index 0
loadhw -hw E:/tm_Dronfa_xy/TM/CTM.sdk/design_1_wrapper_hw_platform_1/system.hdf -mem-ranges [list {0x40000000 0xbfffffff}]
configparams force-mem-access 1
targets -set -nocase -filter {name =~"APU*" && jtag_cable_name =~ "Digilent JTAG-HS1 210512180081"} -index 0
stop
ps7_init
ps7_post_config
targets -set -nocase -filter {name =~ "ARM*#0" && jtag_cable_name =~ "Digilent JTAG-HS1 210512180081"} -index 0
rst -processor
targets -set -nocase -filter {name =~ "ARM*#0" && jtag_cable_name =~ "Digilent JTAG-HS1 210512180081"} -index 0
dow E:/tm_Dronfa_xy/TM/CTM.sdk/tm_new_test/Debug/tm_new_test.elf
configparams force-mem-access 0
----------------End of Script----------------

11:41:04 INFO  : Memory regions updated for context APU
11:41:04 INFO  : Context for processor 'ps7_cortexa9_0' is selected.
11:41:05 INFO  : 'con' command is executed.
11:41:05 INFO  : ----------------XSDB Script (After Launch)----------------
targets -set -nocase -filter {name =~ "ARM*#0" && jtag_cable_name =~ "Digilent JTAG-HS1 210512180081"} -index 0
con
----------------End of Script----------------

11:41:05 INFO  : Launch script is exported to file 'E:\tm_Dronfa_xy\TM\CTM.sdk\.sdk\launch_scripts\xilinx_c-c++_application_(system_debugger)\system_debugger_using_debug_tm_new_test.elf_on_local.tcl'
11:41:11 INFO  : Connected to target on host '127.0.0.1' and port '3121'.
11:41:11 INFO  : 'targets -set -filter {jtag_cable_name =~ "Digilent JTAG-HS1 210512180081" && level==0} -index 1' command is executed.
11:41:14 INFO  : FPGA configured successfully with bitstream "E:/tm_Dronfa_xy/TM/CTM.sdk/design_1_wrapper_hw_platform_1/design_1_wrapper.bit"
11:44:54 INFO  : Disconnected from the channel tcfchan#2.
11:44:55 INFO  : 'targets -set -filter {jtag_cable_name =~ "Digilent JTAG-HS1 210512180081" && level==0} -index 1' command is executed.
11:44:55 INFO  : 'fpga -state' command is executed.
11:44:55 INFO  : Connected to target on host '127.0.0.1' and port '3121'.
11:44:55 INFO  : Jtag cable 'Digilent JTAG-HS1 210512180081' is selected.
11:44:55 INFO  : 'jtag frequency' command is executed.
11:44:55 INFO  : Sourcing of 'E:/tm_Dronfa_xy/TM/CTM.sdk/design_1_wrapper_hw_platform_1/ps7_init.tcl' is done.
11:44:55 INFO  : Context for 'APU' is selected.
11:44:55 INFO  : Hardware design information is loaded from 'E:/tm_Dronfa_xy/TM/CTM.sdk/design_1_wrapper_hw_platform_1/system.hdf'.
11:44:55 INFO  : 'configparams force-mem-access 1' command is executed.
11:44:55 INFO  : Context for 'APU' is selected.
11:44:55 INFO  : 'stop' command is executed.
11:44:55 INFO  : 'ps7_init' command is executed.
11:44:55 INFO  : 'ps7_post_config' command is executed.
11:44:55 INFO  : Context for processor 'ps7_cortexa9_0' is selected.
11:44:55 INFO  : Processor reset is completed for 'ps7_cortexa9_0'.
11:44:55 INFO  : Context for processor 'ps7_cortexa9_0' is selected.
11:44:56 INFO  : The application 'E:/tm_Dronfa_xy/TM/CTM.sdk/tm_new_test/Debug/tm_new_test.elf' is downloaded to processor 'ps7_cortexa9_0'.
11:44:56 INFO  : 'configparams force-mem-access 0' command is executed.
11:44:56 INFO  : ----------------XSDB Script----------------
connect -url tcp:127.0.0.1:3121
source E:/tm_Dronfa_xy/TM/CTM.sdk/design_1_wrapper_hw_platform_1/ps7_init.tcl
targets -set -nocase -filter {name =~"APU*" && jtag_cable_name =~ "Digilent JTAG-HS1 210512180081"} -index 0
loadhw -hw E:/tm_Dronfa_xy/TM/CTM.sdk/design_1_wrapper_hw_platform_1/system.hdf -mem-ranges [list {0x40000000 0xbfffffff}]
configparams force-mem-access 1
targets -set -nocase -filter {name =~"APU*" && jtag_cable_name =~ "Digilent JTAG-HS1 210512180081"} -index 0
stop
ps7_init
ps7_post_config
targets -set -nocase -filter {name =~ "ARM*#0" && jtag_cable_name =~ "Digilent JTAG-HS1 210512180081"} -index 0
rst -processor
targets -set -nocase -filter {name =~ "ARM*#0" && jtag_cable_name =~ "Digilent JTAG-HS1 210512180081"} -index 0
dow E:/tm_Dronfa_xy/TM/CTM.sdk/tm_new_test/Debug/tm_new_test.elf
configparams force-mem-access 0
----------------End of Script----------------

11:44:56 INFO  : Memory regions updated for context APU
11:44:56 INFO  : Context for processor 'ps7_cortexa9_0' is selected.
11:44:56 INFO  : 'con' command is executed.
11:44:56 INFO  : ----------------XSDB Script (After Launch)----------------
targets -set -nocase -filter {name =~ "ARM*#0" && jtag_cable_name =~ "Digilent JTAG-HS1 210512180081"} -index 0
con
----------------End of Script----------------

11:44:56 INFO  : Launch script is exported to file 'E:\tm_Dronfa_xy\TM\CTM.sdk\.sdk\launch_scripts\xilinx_c-c++_application_(system_debugger)\system_debugger_using_debug_tm_new_test.elf_on_local.tcl'
11:50:19 INFO  : Disconnected from the channel tcfchan#3.
11:50:20 INFO  : 'targets -set -filter {jtag_cable_name =~ "Digilent JTAG-HS1 210512180081" && level==0} -index 1' command is executed.
11:50:20 INFO  : 'fpga -state' command is executed.
11:50:20 INFO  : Connected to target on host '127.0.0.1' and port '3121'.
11:50:20 INFO  : Jtag cable 'Digilent JTAG-HS1 210512180081' is selected.
11:50:20 INFO  : 'jtag frequency' command is executed.
11:50:20 INFO  : Sourcing of 'E:/tm_Dronfa_xy/TM/CTM.sdk/design_1_wrapper_hw_platform_1/ps7_init.tcl' is done.
11:50:20 INFO  : Context for 'APU' is selected.
11:50:20 INFO  : Hardware design information is loaded from 'E:/tm_Dronfa_xy/TM/CTM.sdk/design_1_wrapper_hw_platform_1/system.hdf'.
11:50:20 INFO  : 'configparams force-mem-access 1' command is executed.
11:50:20 INFO  : Context for 'APU' is selected.
11:50:20 INFO  : 'stop' command is executed.
11:50:20 INFO  : 'ps7_init' command is executed.
11:50:20 INFO  : 'ps7_post_config' command is executed.
11:50:20 INFO  : Context for processor 'ps7_cortexa9_0' is selected.
11:50:20 INFO  : Processor reset is completed for 'ps7_cortexa9_0'.
11:50:20 INFO  : Context for processor 'ps7_cortexa9_0' is selected.
11:50:21 INFO  : The application 'E:/tm_Dronfa_xy/TM/CTM.sdk/tm_new_test/Debug/tm_new_test.elf' is downloaded to processor 'ps7_cortexa9_0'.
11:50:21 INFO  : 'configparams force-mem-access 0' command is executed.
11:50:21 INFO  : ----------------XSDB Script----------------
connect -url tcp:127.0.0.1:3121
source E:/tm_Dronfa_xy/TM/CTM.sdk/design_1_wrapper_hw_platform_1/ps7_init.tcl
targets -set -nocase -filter {name =~"APU*" && jtag_cable_name =~ "Digilent JTAG-HS1 210512180081"} -index 0
loadhw -hw E:/tm_Dronfa_xy/TM/CTM.sdk/design_1_wrapper_hw_platform_1/system.hdf -mem-ranges [list {0x40000000 0xbfffffff}]
configparams force-mem-access 1
targets -set -nocase -filter {name =~"APU*" && jtag_cable_name =~ "Digilent JTAG-HS1 210512180081"} -index 0
stop
ps7_init
ps7_post_config
targets -set -nocase -filter {name =~ "ARM*#0" && jtag_cable_name =~ "Digilent JTAG-HS1 210512180081"} -index 0
rst -processor
targets -set -nocase -filter {name =~ "ARM*#0" && jtag_cable_name =~ "Digilent JTAG-HS1 210512180081"} -index 0
dow E:/tm_Dronfa_xy/TM/CTM.sdk/tm_new_test/Debug/tm_new_test.elf
configparams force-mem-access 0
----------------End of Script----------------

11:50:21 INFO  : Memory regions updated for context APU
11:50:21 INFO  : Context for processor 'ps7_cortexa9_0' is selected.
11:50:21 INFO  : 'con' command is executed.
11:50:21 INFO  : ----------------XSDB Script (After Launch)----------------
targets -set -nocase -filter {name =~ "ARM*#0" && jtag_cable_name =~ "Digilent JTAG-HS1 210512180081"} -index 0
con
----------------End of Script----------------

11:50:21 INFO  : Launch script is exported to file 'E:\tm_Dronfa_xy\TM\CTM.sdk\.sdk\launch_scripts\xilinx_c-c++_application_(system_debugger)\system_debugger_using_debug_tm_new_test.elf_on_local.tcl'
11:51:20 INFO  : Disconnected from the channel tcfchan#4.
11:51:21 INFO  : 'targets -set -filter {jtag_cable_name =~ "Digilent JTAG-HS1 210512180081" && level==0} -index 1' command is executed.
11:51:22 INFO  : 'fpga -state' command is executed.
11:51:22 INFO  : Connected to target on host '127.0.0.1' and port '3121'.
11:51:22 INFO  : Jtag cable 'Digilent JTAG-HS1 210512180081' is selected.
11:51:22 INFO  : 'jtag frequency' command is executed.
11:51:22 INFO  : Sourcing of 'E:/tm_Dronfa_xy/TM/CTM.sdk/design_1_wrapper_hw_platform_1/ps7_init.tcl' is done.
11:51:22 INFO  : Context for 'APU' is selected.
11:51:22 INFO  : Hardware design information is loaded from 'E:/tm_Dronfa_xy/TM/CTM.sdk/design_1_wrapper_hw_platform_1/system.hdf'.
11:51:22 INFO  : 'configparams force-mem-access 1' command is executed.
11:51:22 INFO  : Context for 'APU' is selected.
11:51:22 INFO  : 'stop' command is executed.
11:51:22 INFO  : 'ps7_init' command is executed.
11:51:22 INFO  : 'ps7_post_config' command is executed.
11:51:22 INFO  : Context for processor 'ps7_cortexa9_0' is selected.
11:51:22 INFO  : Processor reset is completed for 'ps7_cortexa9_0'.
11:51:22 INFO  : Context for processor 'ps7_cortexa9_0' is selected.
11:51:22 INFO  : The application 'E:/tm_Dronfa_xy/TM/CTM.sdk/tm_new_test/Debug/tm_new_test.elf' is downloaded to processor 'ps7_cortexa9_0'.
11:51:22 INFO  : 'configparams force-mem-access 0' command is executed.
11:51:22 INFO  : ----------------XSDB Script----------------
connect -url tcp:127.0.0.1:3121
source E:/tm_Dronfa_xy/TM/CTM.sdk/design_1_wrapper_hw_platform_1/ps7_init.tcl
targets -set -nocase -filter {name =~"APU*" && jtag_cable_name =~ "Digilent JTAG-HS1 210512180081"} -index 0
loadhw -hw E:/tm_Dronfa_xy/TM/CTM.sdk/design_1_wrapper_hw_platform_1/system.hdf -mem-ranges [list {0x40000000 0xbfffffff}]
configparams force-mem-access 1
targets -set -nocase -filter {name =~"APU*" && jtag_cable_name =~ "Digilent JTAG-HS1 210512180081"} -index 0
stop
ps7_init
ps7_post_config
targets -set -nocase -filter {name =~ "ARM*#0" && jtag_cable_name =~ "Digilent JTAG-HS1 210512180081"} -index 0
rst -processor
targets -set -nocase -filter {name =~ "ARM*#0" && jtag_cable_name =~ "Digilent JTAG-HS1 210512180081"} -index 0
dow E:/tm_Dronfa_xy/TM/CTM.sdk/tm_new_test/Debug/tm_new_test.elf
configparams force-mem-access 0
----------------End of Script----------------

11:51:22 INFO  : Memory regions updated for context APU
11:51:22 INFO  : Context for processor 'ps7_cortexa9_0' is selected.
11:51:22 INFO  : 'con' command is executed.
11:51:22 INFO  : ----------------XSDB Script (After Launch)----------------
targets -set -nocase -filter {name =~ "ARM*#0" && jtag_cable_name =~ "Digilent JTAG-HS1 210512180081"} -index 0
con
----------------End of Script----------------

11:51:22 INFO  : Launch script is exported to file 'E:\tm_Dronfa_xy\TM\CTM.sdk\.sdk\launch_scripts\xilinx_c-c++_application_(system_debugger)\system_debugger_using_debug_tm_new_test.elf_on_local.tcl'
12:04:24 INFO  : SDK has detected change in the last modified timestamps for source hardware specification file Source:1775189045762,  Project:1775187052750
12:04:24 INFO  : Project design_1_wrapper_hw_platform_1's source hardware specification located at E:/tm_Dronfa_xy/TM/CTM.sdk/design_1_wrapper.hdf is now different from the local copy.
		 The local copy will be replaced with the source specification and your workspace will be updated.
12:04:59 INFO  : Copied contents of E:/tm_Dronfa_xy/TM/CTM.sdk/design_1_wrapper.hdf into \design_1_wrapper_hw_platform_1\system.hdf.
12:05:01 INFO  : Synchronizing projects in the workspace with the hardware platform specification changes.
12:05:04 INFO  : 
12:05:04 INFO  : Updating hardware inferred compiler options for tm_new_test.
12:05:04 INFO  : Clearing existing target manager status.
12:05:34 INFO  : Disconnected from the channel tcfchan#5.
12:05:35 INFO  : 'targets -set -filter {jtag_cable_name =~ "Digilent JTAG-HS1 210512180081" && level==0} -index 1' command is executed.
12:05:35 INFO  : 'fpga -state' command is executed.
12:05:35 INFO  : Connected to target on host '127.0.0.1' and port '3121'.
12:05:35 INFO  : Jtag cable 'Digilent JTAG-HS1 210512180081' is selected.
12:05:35 INFO  : 'jtag frequency' command is executed.
12:05:35 INFO  : Sourcing of 'E:/tm_Dronfa_xy/TM/CTM.sdk/design_1_wrapper_hw_platform_1/ps7_init.tcl' is done.
12:05:35 INFO  : Context for 'APU' is selected.
12:05:35 INFO  : Hardware design information is loaded from 'E:/tm_Dronfa_xy/TM/CTM.sdk/design_1_wrapper_hw_platform_1/system.hdf'.
12:05:35 INFO  : 'configparams force-mem-access 1' command is executed.
12:05:35 INFO  : Context for 'APU' is selected.
12:05:35 INFO  : 'stop' command is executed.
12:05:36 INFO  : 'ps7_init' command is executed.
12:05:36 INFO  : 'ps7_post_config' command is executed.
12:05:36 INFO  : Context for processor 'ps7_cortexa9_0' is selected.
12:05:36 INFO  : Processor reset is completed for 'ps7_cortexa9_0'.
12:05:36 INFO  : Context for processor 'ps7_cortexa9_0' is selected.
12:05:36 INFO  : The application 'E:/tm_Dronfa_xy/TM/CTM.sdk/tm_new_test/Debug/tm_new_test.elf' is downloaded to processor 'ps7_cortexa9_0'.
12:05:36 INFO  : 'configparams force-mem-access 0' command is executed.
12:05:36 INFO  : ----------------XSDB Script----------------
connect -url tcp:127.0.0.1:3121
source E:/tm_Dronfa_xy/TM/CTM.sdk/design_1_wrapper_hw_platform_1/ps7_init.tcl
targets -set -nocase -filter {name =~"APU*" && jtag_cable_name =~ "Digilent JTAG-HS1 210512180081"} -index 0
loadhw -hw E:/tm_Dronfa_xy/TM/CTM.sdk/design_1_wrapper_hw_platform_1/system.hdf -mem-ranges [list {0x40000000 0xbfffffff}]
configparams force-mem-access 1
targets -set -nocase -filter {name =~"APU*" && jtag_cable_name =~ "Digilent JTAG-HS1 210512180081"} -index 0
stop
ps7_init
ps7_post_config
targets -set -nocase -filter {name =~ "ARM*#0" && jtag_cable_name =~ "Digilent JTAG-HS1 210512180081"} -index 0
rst -processor
targets -set -nocase -filter {name =~ "ARM*#0" && jtag_cable_name =~ "Digilent JTAG-HS1 210512180081"} -index 0
dow E:/tm_Dronfa_xy/TM/CTM.sdk/tm_new_test/Debug/tm_new_test.elf
configparams force-mem-access 0
----------------End of Script----------------

12:05:36 INFO  : Memory regions updated for context APU
12:05:36 INFO  : Context for processor 'ps7_cortexa9_0' is selected.
12:05:36 INFO  : 'con' command is executed.
12:05:36 INFO  : ----------------XSDB Script (After Launch)----------------
targets -set -nocase -filter {name =~ "ARM*#0" && jtag_cable_name =~ "Digilent JTAG-HS1 210512180081"} -index 0
con
----------------End of Script----------------

12:05:36 INFO  : Launch script is exported to file 'E:\tm_Dronfa_xy\TM\CTM.sdk\.sdk\launch_scripts\xilinx_c-c++_application_(system_debugger)\system_debugger_using_debug_tm_new_test.elf_on_local.tcl'
12:08:55 INFO  : Disconnected from the channel tcfchan#6.
15:54:05 INFO  : Registering command handlers for SDK TCF services
15:54:06 INFO  : Launching XSCT server: xsct.bat -interactive E:\tm_Dronfa_xy\TM\CTM.sdk\temp_xsdb_launch_script.tcl
15:54:09 INFO  : XSCT server has started successfully.
15:54:13 INFO  : Successfully done setting XSCT server connection channel  
15:54:13 INFO  : Successfully done setting SDK workspace  
15:54:13 INFO  : Processing command line option -hwspec E:/tm_Dronfa_xy/TM/CTM.sdk/design_1_wrapper.hdf.
15:54:13 INFO  : Checking for hwspec changes in the project design_1_wrapper_hw_platform_1.
15:54:39 INFO  : 'targets -set -filter {jtag_cable_name =~ "Digilent JTAG-HS1 210512180081" && level==0} -index 1' command is executed.
15:54:39 INFO  : 'fpga -state' command is executed.
15:54:47 INFO  : Connected to target on host '127.0.0.1' and port '3121'.
15:54:47 INFO  : Jtag cable 'Digilent JTAG-HS1 210512180081' is selected.
15:54:47 INFO  : 'jtag frequency' command is executed.
15:54:47 INFO  : Sourcing of 'E:/tm_Dronfa_xy/TM/CTM.sdk/design_1_wrapper_hw_platform_1/ps7_init.tcl' is done.
15:54:47 INFO  : Context for 'APU' is selected.
15:54:47 INFO  : Hardware design information is loaded from 'E:/tm_Dronfa_xy/TM/CTM.sdk/design_1_wrapper_hw_platform_1/system.hdf'.
15:54:47 INFO  : 'configparams force-mem-access 1' command is executed.
15:54:47 INFO  : Context for 'APU' is selected.
15:54:47 INFO  : 'stop' command is executed.
15:54:48 INFO  : 'ps7_init' command is executed.
15:54:48 INFO  : 'ps7_post_config' command is executed.
15:54:48 INFO  : Context for processor 'ps7_cortexa9_0' is selected.
15:54:48 INFO  : Processor reset is completed for 'ps7_cortexa9_0'.
15:54:48 INFO  : Context for processor 'ps7_cortexa9_0' is selected.
15:54:48 INFO  : The application 'E:/tm_Dronfa_xy/TM/CTM.sdk/tm_new_test/Debug/tm_new_test.elf' is downloaded to processor 'ps7_cortexa9_0'.
15:54:48 INFO  : 'configparams force-mem-access 0' command is executed.
15:54:48 INFO  : ----------------XSDB Script----------------
connect -url tcp:127.0.0.1:3121
source E:/tm_Dronfa_xy/TM/CTM.sdk/design_1_wrapper_hw_platform_1/ps7_init.tcl
targets -set -nocase -filter {name =~"APU*" && jtag_cable_name =~ "Digilent JTAG-HS1 210512180081"} -index 0
loadhw -hw E:/tm_Dronfa_xy/TM/CTM.sdk/design_1_wrapper_hw_platform_1/system.hdf -mem-ranges [list {0x40000000 0xbfffffff}]
configparams force-mem-access 1
targets -set -nocase -filter {name =~"APU*" && jtag_cable_name =~ "Digilent JTAG-HS1 210512180081"} -index 0
stop
ps7_init
ps7_post_config
targets -set -nocase -filter {name =~ "ARM*#0" && jtag_cable_name =~ "Digilent JTAG-HS1 210512180081"} -index 0
rst -processor
targets -set -nocase -filter {name =~ "ARM*#0" && jtag_cable_name =~ "Digilent JTAG-HS1 210512180081"} -index 0
dow E:/tm_Dronfa_xy/TM/CTM.sdk/tm_new_test/Debug/tm_new_test.elf
configparams force-mem-access 0
----------------End of Script----------------

15:54:48 INFO  : Memory regions updated for context APU
15:54:48 INFO  : Context for processor 'ps7_cortexa9_0' is selected.
15:54:48 INFO  : 'con' command is executed.
15:54:48 INFO  : ----------------XSDB Script (After Launch)----------------
targets -set -nocase -filter {name =~ "ARM*#0" && jtag_cable_name =~ "Digilent JTAG-HS1 210512180081"} -index 0
con
----------------End of Script----------------

15:54:48 INFO  : Launch script is exported to file 'E:\tm_Dronfa_xy\TM\CTM.sdk\.sdk\launch_scripts\xilinx_c-c++_application_(system_debugger)\system_debugger_using_debug_tm_new_test.elf_on_local.tcl'
15:55:04 INFO  : Connected to target on host '127.0.0.1' and port '3121'.
15:55:04 INFO  : 'targets -set -filter {jtag_cable_name =~ "Digilent JTAG-HS1 210512180081" && level==0} -index 1' command is executed.
15:55:07 INFO  : FPGA configured successfully with bitstream "E:/tm_Dronfa_xy/TM/CTM.sdk/design_1_wrapper_hw_platform_1/design_1_wrapper.bit"
16:05:01 INFO  : Connected to target on host '127.0.0.1' and port '3121'.
16:05:01 INFO  : 'targets -set -filter {jtag_cable_name =~ "Digilent JTAG-HS1 210512180081" && level==0} -index 1' command is executed.
16:05:05 INFO  : FPGA configured successfully with bitstream "E:/tm_Dronfa_xy/TM/CTM.runs/impl_1/design_1_wrapper.bit"
16:05:17 INFO  : Disconnected from the channel tcfchan#1.
16:05:18 INFO  : 'targets -set -filter {jtag_cable_name =~ "Digilent JTAG-HS1 210512180081" && level==0} -index 1' command is executed.
16:05:18 INFO  : 'fpga -state' command is executed.
16:05:18 INFO  : Connected to target on host '127.0.0.1' and port '3121'.
16:05:19 INFO  : Jtag cable 'Digilent JTAG-HS1 210512180081' is selected.
16:05:19 INFO  : 'jtag frequency' command is executed.
16:05:19 INFO  : Sourcing of 'E:/tm_Dronfa_xy/TM/CTM.sdk/design_1_wrapper_hw_platform_1/ps7_init.tcl' is done.
16:05:19 INFO  : Context for 'APU' is selected.
16:05:19 INFO  : Hardware design information is loaded from 'E:/tm_Dronfa_xy/TM/CTM.sdk/design_1_wrapper_hw_platform_1/system.hdf'.
16:05:19 INFO  : 'configparams force-mem-access 1' command is executed.
16:05:19 INFO  : Context for 'APU' is selected.
16:05:19 INFO  : 'stop' command is executed.
16:05:20 INFO  : 'ps7_init' command is executed.
16:05:20 INFO  : 'ps7_post_config' command is executed.
16:05:20 INFO  : Context for processor 'ps7_cortexa9_0' is selected.
16:05:20 INFO  : Processor reset is completed for 'ps7_cortexa9_0'.
16:05:20 INFO  : Context for processor 'ps7_cortexa9_0' is selected.
16:05:20 INFO  : The application 'E:/tm_Dronfa_xy/TM/CTM.sdk/tm_new_test/Debug/tm_new_test.elf' is downloaded to processor 'ps7_cortexa9_0'.
16:05:20 INFO  : 'configparams force-mem-access 0' command is executed.
16:05:20 INFO  : ----------------XSDB Script----------------
connect -url tcp:127.0.0.1:3121
source E:/tm_Dronfa_xy/TM/CTM.sdk/design_1_wrapper_hw_platform_1/ps7_init.tcl
targets -set -nocase -filter {name =~"APU*" && jtag_cable_name =~ "Digilent JTAG-HS1 210512180081"} -index 0
loadhw -hw E:/tm_Dronfa_xy/TM/CTM.sdk/design_1_wrapper_hw_platform_1/system.hdf -mem-ranges [list {0x40000000 0xbfffffff}]
configparams force-mem-access 1
targets -set -nocase -filter {name =~"APU*" && jtag_cable_name =~ "Digilent JTAG-HS1 210512180081"} -index 0
stop
ps7_init
ps7_post_config
targets -set -nocase -filter {name =~ "ARM*#0" && jtag_cable_name =~ "Digilent JTAG-HS1 210512180081"} -index 0
rst -processor
targets -set -nocase -filter {name =~ "ARM*#0" && jtag_cable_name =~ "Digilent JTAG-HS1 210512180081"} -index 0
dow E:/tm_Dronfa_xy/TM/CTM.sdk/tm_new_test/Debug/tm_new_test.elf
configparams force-mem-access 0
----------------End of Script----------------

16:05:20 INFO  : Memory regions updated for context APU
16:05:20 INFO  : Context for processor 'ps7_cortexa9_0' is selected.
16:05:20 INFO  : 'con' command is executed.
16:05:20 INFO  : ----------------XSDB Script (After Launch)----------------
targets -set -nocase -filter {name =~ "ARM*#0" && jtag_cable_name =~ "Digilent JTAG-HS1 210512180081"} -index 0
con
----------------End of Script----------------

16:05:20 INFO  : Launch script is exported to file 'E:\tm_Dronfa_xy\TM\CTM.sdk\.sdk\launch_scripts\xilinx_c-c++_application_(system_debugger)\system_debugger_using_debug_tm_new_test.elf_on_local.tcl'
16:05:46 INFO  : Disconnected from the channel tcfchan#2.
16:05:47 INFO  : 'targets -set -filter {jtag_cable_name =~ "Digilent JTAG-HS1 210512180081" && level==0} -index 1' command is executed.
16:05:47 INFO  : 'fpga -state' command is executed.
16:05:47 INFO  : Connected to target on host '127.0.0.1' and port '3121'.
16:05:47 INFO  : Jtag cable 'Digilent JTAG-HS1 210512180081' is selected.
16:05:47 INFO  : 'jtag frequency' command is executed.
16:05:47 INFO  : Sourcing of 'E:/tm_Dronfa_xy/TM/CTM.sdk/design_1_wrapper_hw_platform_1/ps7_init.tcl' is done.
16:05:47 INFO  : Context for 'APU' is selected.
16:05:48 INFO  : Hardware design information is loaded from 'E:/tm_Dronfa_xy/TM/CTM.sdk/design_1_wrapper_hw_platform_1/system.hdf'.
16:05:48 INFO  : 'configparams force-mem-access 1' command is executed.
16:05:48 INFO  : Context for 'APU' is selected.
16:05:48 INFO  : 'stop' command is executed.
16:05:48 INFO  : 'ps7_init' command is executed.
16:05:48 INFO  : 'ps7_post_config' command is executed.
16:05:49 INFO  : Context for processor 'ps7_cortexa9_0' is selected.
16:05:49 INFO  : Processor reset is completed for 'ps7_cortexa9_0'.
16:05:49 INFO  : Context for processor 'ps7_cortexa9_0' is selected.
16:05:49 INFO  : The application 'E:/tm_Dronfa_xy/TM/CTM.sdk/tm_new_test/Debug/tm_new_test.elf' is downloaded to processor 'ps7_cortexa9_0'.
16:05:49 INFO  : 'configparams force-mem-access 0' command is executed.
16:05:49 INFO  : ----------------XSDB Script----------------
connect -url tcp:127.0.0.1:3121
source E:/tm_Dronfa_xy/TM/CTM.sdk/design_1_wrapper_hw_platform_1/ps7_init.tcl
targets -set -nocase -filter {name =~"APU*" && jtag_cable_name =~ "Digilent JTAG-HS1 210512180081"} -index 0
loadhw -hw E:/tm_Dronfa_xy/TM/CTM.sdk/design_1_wrapper_hw_platform_1/system.hdf -mem-ranges [list {0x40000000 0xbfffffff}]
configparams force-mem-access 1
targets -set -nocase -filter {name =~"APU*" && jtag_cable_name =~ "Digilent JTAG-HS1 210512180081"} -index 0
stop
ps7_init
ps7_post_config
targets -set -nocase -filter {name =~ "ARM*#0" && jtag_cable_name =~ "Digilent JTAG-HS1 210512180081"} -index 0
rst -processor
targets -set -nocase -filter {name =~ "ARM*#0" && jtag_cable_name =~ "Digilent JTAG-HS1 210512180081"} -index 0
dow E:/tm_Dronfa_xy/TM/CTM.sdk/tm_new_test/Debug/tm_new_test.elf
configparams force-mem-access 0
----------------End of Script----------------

16:05:49 INFO  : Memory regions updated for context APU
16:05:49 INFO  : Context for processor 'ps7_cortexa9_0' is selected.
16:05:49 INFO  : 'con' command is executed.
16:05:49 INFO  : ----------------XSDB Script (After Launch)----------------
targets -set -nocase -filter {name =~ "ARM*#0" && jtag_cable_name =~ "Digilent JTAG-HS1 210512180081"} -index 0
con
----------------End of Script----------------

16:05:49 INFO  : Launch script is exported to file 'E:\tm_Dronfa_xy\TM\CTM.sdk\.sdk\launch_scripts\xilinx_c-c++_application_(system_debugger)\system_debugger_using_debug_tm_new_test.elf_on_local.tcl'
16:06:44 INFO  : Disconnected from the channel tcfchan#3.
16:06:45 INFO  : 'targets -set -filter {jtag_cable_name =~ "Digilent JTAG-HS1 210512180081" && level==0} -index 1' command is executed.
16:06:45 INFO  : 'fpga -state' command is executed.
16:06:45 INFO  : Connected to target on host '127.0.0.1' and port '3121'.
16:06:45 INFO  : Jtag cable 'Digilent JTAG-HS1 210512180081' is selected.
16:06:45 INFO  : 'jtag frequency' command is executed.
16:06:45 INFO  : Sourcing of 'E:/tm_Dronfa_xy/TM/CTM.sdk/design_1_wrapper_hw_platform_1/ps7_init.tcl' is done.
16:06:45 INFO  : Context for 'APU' is selected.
16:06:46 INFO  : Hardware design information is loaded from 'E:/tm_Dronfa_xy/TM/CTM.sdk/design_1_wrapper_hw_platform_1/system.hdf'.
16:06:46 INFO  : 'configparams force-mem-access 1' command is executed.
16:06:46 INFO  : Context for 'APU' is selected.
16:06:46 INFO  : 'stop' command is executed.
16:06:46 INFO  : 'ps7_init' command is executed.
16:06:46 INFO  : 'ps7_post_config' command is executed.
16:06:46 INFO  : Context for processor 'ps7_cortexa9_0' is selected.
16:06:46 INFO  : Processor reset is completed for 'ps7_cortexa9_0'.
16:06:46 INFO  : Context for processor 'ps7_cortexa9_0' is selected.
16:06:46 INFO  : The application 'E:/tm_Dronfa_xy/TM/CTM.sdk/tm_new_test/Debug/tm_new_test.elf' is downloaded to processor 'ps7_cortexa9_0'.
16:06:46 INFO  : 'configparams force-mem-access 0' command is executed.
16:06:46 INFO  : ----------------XSDB Script----------------
connect -url tcp:127.0.0.1:3121
source E:/tm_Dronfa_xy/TM/CTM.sdk/design_1_wrapper_hw_platform_1/ps7_init.tcl
targets -set -nocase -filter {name =~"APU*" && jtag_cable_name =~ "Digilent JTAG-HS1 210512180081"} -index 0
loadhw -hw E:/tm_Dronfa_xy/TM/CTM.sdk/design_1_wrapper_hw_platform_1/system.hdf -mem-ranges [list {0x40000000 0xbfffffff}]
configparams force-mem-access 1
targets -set -nocase -filter {name =~"APU*" && jtag_cable_name =~ "Digilent JTAG-HS1 210512180081"} -index 0
stop
ps7_init
ps7_post_config
targets -set -nocase -filter {name =~ "ARM*#0" && jtag_cable_name =~ "Digilent JTAG-HS1 210512180081"} -index 0
rst -processor
targets -set -nocase -filter {name =~ "ARM*#0" && jtag_cable_name =~ "Digilent JTAG-HS1 210512180081"} -index 0
dow E:/tm_Dronfa_xy/TM/CTM.sdk/tm_new_test/Debug/tm_new_test.elf
configparams force-mem-access 0
----------------End of Script----------------

16:06:46 INFO  : Memory regions updated for context APU
16:06:46 INFO  : Context for processor 'ps7_cortexa9_0' is selected.
16:06:46 INFO  : 'con' command is executed.
16:06:46 INFO  : ----------------XSDB Script (After Launch)----------------
targets -set -nocase -filter {name =~ "ARM*#0" && jtag_cable_name =~ "Digilent JTAG-HS1 210512180081"} -index 0
con
----------------End of Script----------------

16:06:46 INFO  : Launch script is exported to file 'E:\tm_Dronfa_xy\TM\CTM.sdk\.sdk\launch_scripts\xilinx_c-c++_application_(system_debugger)\system_debugger_using_debug_tm_new_test.elf_on_local.tcl'
16:10:46 INFO  : Disconnected from the channel tcfchan#4.
16:10:47 INFO  : 'targets -set -filter {jtag_cable_name =~ "Digilent JTAG-HS1 210512180081" && level==0} -index 1' command is executed.
16:10:47 INFO  : 'fpga -state' command is executed.
16:10:47 INFO  : Connected to target on host '127.0.0.1' and port '3121'.
16:10:48 INFO  : Jtag cable 'Digilent JTAG-HS1 210512180081' is selected.
16:10:48 INFO  : 'jtag frequency' command is executed.
16:10:48 INFO  : Sourcing of 'E:/tm_Dronfa_xy/TM/CTM.sdk/design_1_wrapper_hw_platform_1/ps7_init.tcl' is done.
16:10:48 INFO  : Context for 'APU' is selected.
16:10:48 INFO  : Hardware design information is loaded from 'E:/tm_Dronfa_xy/TM/CTM.sdk/design_1_wrapper_hw_platform_1/system.hdf'.
16:10:48 INFO  : 'configparams force-mem-access 1' command is executed.
16:10:48 INFO  : Context for 'APU' is selected.
16:10:48 INFO  : 'stop' command is executed.
16:10:49 INFO  : 'ps7_init' command is executed.
16:10:49 INFO  : 'ps7_post_config' command is executed.
16:10:49 INFO  : Context for processor 'ps7_cortexa9_0' is selected.
16:10:49 INFO  : Processor reset is completed for 'ps7_cortexa9_0'.
16:10:49 INFO  : Context for processor 'ps7_cortexa9_0' is selected.
16:10:49 INFO  : The application 'E:/tm_Dronfa_xy/TM/CTM.sdk/tm_new_test/Debug/tm_new_test.elf' is downloaded to processor 'ps7_cortexa9_0'.
16:10:49 INFO  : 'configparams force-mem-access 0' command is executed.
16:10:49 INFO  : ----------------XSDB Script----------------
connect -url tcp:127.0.0.1:3121
source E:/tm_Dronfa_xy/TM/CTM.sdk/design_1_wrapper_hw_platform_1/ps7_init.tcl
targets -set -nocase -filter {name =~"APU*" && jtag_cable_name =~ "Digilent JTAG-HS1 210512180081"} -index 0
loadhw -hw E:/tm_Dronfa_xy/TM/CTM.sdk/design_1_wrapper_hw_platform_1/system.hdf -mem-ranges [list {0x40000000 0xbfffffff}]
configparams force-mem-access 1
targets -set -nocase -filter {name =~"APU*" && jtag_cable_name =~ "Digilent JTAG-HS1 210512180081"} -index 0
stop
ps7_init
ps7_post_config
targets -set -nocase -filter {name =~ "ARM*#0" && jtag_cable_name =~ "Digilent JTAG-HS1 210512180081"} -index 0
rst -processor
targets -set -nocase -filter {name =~ "ARM*#0" && jtag_cable_name =~ "Digilent JTAG-HS1 210512180081"} -index 0
dow E:/tm_Dronfa_xy/TM/CTM.sdk/tm_new_test/Debug/tm_new_test.elf
configparams force-mem-access 0
----------------End of Script----------------

16:10:49 INFO  : Memory regions updated for context APU
16:10:49 INFO  : Context for processor 'ps7_cortexa9_0' is selected.
16:10:49 INFO  : 'con' command is executed.
16:10:49 INFO  : ----------------XSDB Script (After Launch)----------------
targets -set -nocase -filter {name =~ "ARM*#0" && jtag_cable_name =~ "Digilent JTAG-HS1 210512180081"} -index 0
con
----------------End of Script----------------

16:10:49 INFO  : Launch script is exported to file 'E:\tm_Dronfa_xy\TM\CTM.sdk\.sdk\launch_scripts\xilinx_c-c++_application_(system_debugger)\system_debugger_using_debug_tm_new_test.elf_on_local.tcl'
16:11:54 INFO  : Disconnected from the channel tcfchan#5.
16:11:55 INFO  : 'targets -set -filter {jtag_cable_name =~ "Digilent JTAG-HS1 210512180081" && level==0} -index 1' command is executed.
16:11:55 INFO  : 'fpga -state' command is executed.
16:11:55 INFO  : Connected to target on host '127.0.0.1' and port '3121'.
16:11:55 INFO  : Jtag cable 'Digilent JTAG-HS1 210512180081' is selected.
16:11:55 INFO  : 'jtag frequency' command is executed.
16:11:55 INFO  : Sourcing of 'E:/tm_Dronfa_xy/TM/CTM.sdk/design_1_wrapper_hw_platform_1/ps7_init.tcl' is done.
16:11:55 INFO  : Context for 'APU' is selected.
16:11:55 INFO  : Hardware design information is loaded from 'E:/tm_Dronfa_xy/TM/CTM.sdk/design_1_wrapper_hw_platform_1/system.hdf'.
16:11:55 INFO  : 'configparams force-mem-access 1' command is executed.
16:11:55 INFO  : Context for 'APU' is selected.
16:11:55 INFO  : 'stop' command is executed.
16:11:56 INFO  : 'ps7_init' command is executed.
16:11:56 INFO  : 'ps7_post_config' command is executed.
16:11:56 INFO  : Context for processor 'ps7_cortexa9_0' is selected.
16:11:56 INFO  : Processor reset is completed for 'ps7_cortexa9_0'.
16:11:56 INFO  : Context for processor 'ps7_cortexa9_0' is selected.
16:11:56 INFO  : The application 'E:/tm_Dronfa_xy/TM/CTM.sdk/tm_new_test/Debug/tm_new_test.elf' is downloaded to processor 'ps7_cortexa9_0'.
16:11:56 INFO  : 'configparams force-mem-access 0' command is executed.
16:11:56 INFO  : ----------------XSDB Script----------------
connect -url tcp:127.0.0.1:3121
source E:/tm_Dronfa_xy/TM/CTM.sdk/design_1_wrapper_hw_platform_1/ps7_init.tcl
targets -set -nocase -filter {name =~"APU*" && jtag_cable_name =~ "Digilent JTAG-HS1 210512180081"} -index 0
loadhw -hw E:/tm_Dronfa_xy/TM/CTM.sdk/design_1_wrapper_hw_platform_1/system.hdf -mem-ranges [list {0x40000000 0xbfffffff}]
configparams force-mem-access 1
targets -set -nocase -filter {name =~"APU*" && jtag_cable_name =~ "Digilent JTAG-HS1 210512180081"} -index 0
stop
ps7_init
ps7_post_config
targets -set -nocase -filter {name =~ "ARM*#0" && jtag_cable_name =~ "Digilent JTAG-HS1 210512180081"} -index 0
rst -processor
targets -set -nocase -filter {name =~ "ARM*#0" && jtag_cable_name =~ "Digilent JTAG-HS1 210512180081"} -index 0
dow E:/tm_Dronfa_xy/TM/CTM.sdk/tm_new_test/Debug/tm_new_test.elf
configparams force-mem-access 0
----------------End of Script----------------

16:11:56 INFO  : Memory regions updated for context APU
16:11:56 INFO  : Context for processor 'ps7_cortexa9_0' is selected.
16:11:56 INFO  : 'con' command is executed.
16:11:56 INFO  : ----------------XSDB Script (After Launch)----------------
targets -set -nocase -filter {name =~ "ARM*#0" && jtag_cable_name =~ "Digilent JTAG-HS1 210512180081"} -index 0
con
----------------End of Script----------------

16:11:56 INFO  : Launch script is exported to file 'E:\tm_Dronfa_xy\TM\CTM.sdk\.sdk\launch_scripts\xilinx_c-c++_application_(system_debugger)\system_debugger_using_debug_tm_new_test.elf_on_local.tcl'
16:21:16 INFO  : Disconnected from the channel tcfchan#6.
15:43:52 INFO  : Registering command handlers for SDK TCF services
15:43:54 INFO  : Launching XSCT server: xsct.bat -interactive E:\tm_Dronfa_xy\TM\CTM.sdk\temp_xsdb_launch_script.tcl
15:43:58 INFO  : XSCT server has started successfully.
15:43:58 INFO  : Successfully done setting XSCT server connection channel  
15:44:04 INFO  : Successfully done setting SDK workspace  
15:44:04 INFO  : Processing command line option -hwspec E:/tm_Dronfa_xy/TM/CTM.sdk/design_1_wrapper.hdf.
15:44:04 INFO  : Checking for hwspec changes in the project design_1_wrapper_hw_platform_1.
16:07:50 INFO  : SDK has detected change in the last modified timestamps for source hardware specification file Source:1775981215238,  Project:1775189045762
16:07:50 INFO  : Project design_1_wrapper_hw_platform_1's source hardware specification located at E:/tm_Dronfa_xy/TM/CTM.sdk/design_1_wrapper.hdf is now different from the local copy.
		 The local copy will be replaced with the source specification and your workspace will be updated.
16:08:39 INFO  : Copied contents of E:/tm_Dronfa_xy/TM/CTM.sdk/design_1_wrapper.hdf into \design_1_wrapper_hw_platform_1\system.hdf.
16:08:42 INFO  : Synchronizing projects in the workspace with the hardware platform specification changes.
16:08:44 INFO  : 
16:08:45 INFO  : Updating hardware inferred compiler options for tm_new_test.
16:08:45 INFO  : Clearing existing target manager status.
16:10:47 INFO  : Registering command handlers for SDK TCF services
16:10:47 INFO  : Launching XSCT server: xsct.bat -interactive E:\tm_Dronfa_xy\TM\CTM.sdk\temp_xsdb_launch_script.tcl
16:10:49 INFO  : XSCT server has started successfully.
16:10:50 INFO  : Successfully done setting XSCT server connection channel  
16:10:50 INFO  : Successfully done setting SDK workspace  
16:10:50 INFO  : Processing command line option -hwspec E:/tm_Dronfa_xy/TM/CTM.sdk/design_1_wrapper.hdf.
16:10:50 INFO  : Checking for hwspec changes in the project design_1_wrapper_hw_platform_1.
11:57:07 INFO  : Registering command handlers for SDK TCF services
11:57:08 INFO  : Launching XSCT server: xsct.bat -interactive E:\tm_Dronfa_xy\TM\CTM.sdk\temp_xsdb_launch_script.tcl
11:57:11 INFO  : XSCT server has started successfully.
11:57:11 INFO  : Successfully done setting XSCT server connection channel  
11:57:16 INFO  : Successfully done setting SDK workspace  
11:57:16 INFO  : Processing command line option -hwspec E:/tm_Dronfa_xy/TM/CTM.sdk/design_1_wrapper.hdf.
11:57:16 INFO  : Checking for hwspec changes in the project design_1_wrapper_hw_platform_1.
11:58:04 INFO  : Connected to target on host '127.0.0.1' and port '3121'.
11:59:06 INFO  : Connected to target on host '127.0.0.1' and port '3121'.
12:00:51 INFO  : Connected to target on host '127.0.0.1' and port '3121'.
12:00:51 INFO  : 'targets -set -filter {jtag_cable_name =~ "Digilent JTAG-HS1 210512180081" && level==0} -index 1' command is executed.
12:00:54 INFO  : FPGA configured successfully with bitstream "E:/tm_Dronfa_xy/TM/CTM.runs/impl_1/design_1_wrapper.bit"
12:01:25 INFO  : 'targets -set -filter {jtag_cable_name =~ "Digilent JTAG-HS1 210512180081" && level==0} -index 1' command is executed.
12:01:25 INFO  : 'fpga -state' command is executed.
12:01:25 INFO  : Connected to target on host '127.0.0.1' and port '3121'.
12:01:25 INFO  : Jtag cable 'Digilent JTAG-HS1 210512180081' is selected.
12:01:25 INFO  : 'jtag frequency' command is executed.
12:01:25 INFO  : Sourcing of 'E:/tm_Dronfa_xy/TM/CTM.sdk/design_1_wrapper_hw_platform_1/ps7_init.tcl' is done.
12:01:25 INFO  : Context for 'APU' is selected.
12:01:25 INFO  : Hardware design information is loaded from 'E:/tm_Dronfa_xy/TM/CTM.sdk/design_1_wrapper_hw_platform_1/system.hdf'.
12:01:25 INFO  : 'configparams force-mem-access 1' command is executed.
12:01:25 INFO  : Context for 'APU' is selected.
12:01:25 INFO  : 'stop' command is executed.
12:01:26 INFO  : 'ps7_init' command is executed.
12:01:26 INFO  : 'ps7_post_config' command is executed.
12:01:26 INFO  : Context for processor 'ps7_cortexa9_0' is selected.
12:01:26 INFO  : Processor reset is completed for 'ps7_cortexa9_0'.
12:01:26 INFO  : Context for processor 'ps7_cortexa9_0' is selected.
12:01:26 INFO  : The application 'E:/tm_Dronfa_xy/TM/CTM.sdk/tm_new_test/Debug/tm_new_test.elf' is downloaded to processor 'ps7_cortexa9_0'.
12:01:26 INFO  : 'configparams force-mem-access 0' command is executed.
12:01:26 INFO  : ----------------XSDB Script----------------
connect -url tcp:127.0.0.1:3121
source E:/tm_Dronfa_xy/TM/CTM.sdk/design_1_wrapper_hw_platform_1/ps7_init.tcl
targets -set -nocase -filter {name =~"APU*" && jtag_cable_name =~ "Digilent JTAG-HS1 210512180081"} -index 0
loadhw -hw E:/tm_Dronfa_xy/TM/CTM.sdk/design_1_wrapper_hw_platform_1/system.hdf -mem-ranges [list {0x40000000 0xbfffffff}]
configparams force-mem-access 1
targets -set -nocase -filter {name =~"APU*" && jtag_cable_name =~ "Digilent JTAG-HS1 210512180081"} -index 0
stop
ps7_init
ps7_post_config
targets -set -nocase -filter {name =~ "ARM*#0" && jtag_cable_name =~ "Digilent JTAG-HS1 210512180081"} -index 0
rst -processor
targets -set -nocase -filter {name =~ "ARM*#0" && jtag_cable_name =~ "Digilent JTAG-HS1 210512180081"} -index 0
dow E:/tm_Dronfa_xy/TM/CTM.sdk/tm_new_test/Debug/tm_new_test.elf
configparams force-mem-access 0
----------------End of Script----------------

12:01:26 INFO  : Memory regions updated for context APU
12:01:26 INFO  : Context for processor 'ps7_cortexa9_0' is selected.
12:01:26 INFO  : 'con' command is executed.
12:01:26 INFO  : ----------------XSDB Script (After Launch)----------------
targets -set -nocase -filter {name =~ "ARM*#0" && jtag_cable_name =~ "Digilent JTAG-HS1 210512180081"} -index 0
con
----------------End of Script----------------

12:01:26 INFO  : Launch script is exported to file 'E:\tm_Dronfa_xy\TM\CTM.sdk\.sdk\launch_scripts\xilinx_c-c++_application_(system_debugger)\system_debugger_using_debug_tm_new_test.elf_on_local.tcl'
12:01:51 INFO  : Disconnected from the channel tcfchan#1.
12:01:52 INFO  : 'targets -set -filter {jtag_cable_name =~ "Digilent JTAG-HS1 210512180081" && level==0} -index 1' command is executed.
12:01:52 INFO  : 'fpga -state' command is executed.
12:01:52 INFO  : Connected to target on host '127.0.0.1' and port '3121'.
12:01:52 INFO  : Jtag cable 'Digilent JTAG-HS1 210512180081' is selected.
12:01:52 INFO  : 'jtag frequency' command is executed.
12:01:52 INFO  : Sourcing of 'E:/tm_Dronfa_xy/TM/CTM.sdk/design_1_wrapper_hw_platform_1/ps7_init.tcl' is done.
12:01:52 INFO  : Context for 'APU' is selected.
12:01:53 INFO  : Hardware design information is loaded from 'E:/tm_Dronfa_xy/TM/CTM.sdk/design_1_wrapper_hw_platform_1/system.hdf'.
12:01:53 INFO  : 'configparams force-mem-access 1' command is executed.
12:01:53 INFO  : Context for 'APU' is selected.
12:01:53 INFO  : 'stop' command is executed.
12:01:53 INFO  : 'ps7_init' command is executed.
12:01:53 INFO  : 'ps7_post_config' command is executed.
12:01:53 INFO  : Context for processor 'ps7_cortexa9_0' is selected.
12:01:53 INFO  : Processor reset is completed for 'ps7_cortexa9_0'.
12:01:53 INFO  : Context for processor 'ps7_cortexa9_0' is selected.
12:01:54 INFO  : The application 'E:/tm_Dronfa_xy/TM/CTM.sdk/tm_new_test/Debug/tm_new_test.elf' is downloaded to processor 'ps7_cortexa9_0'.
12:01:54 INFO  : 'configparams force-mem-access 0' command is executed.
12:01:54 INFO  : ----------------XSDB Script----------------
connect -url tcp:127.0.0.1:3121
source E:/tm_Dronfa_xy/TM/CTM.sdk/design_1_wrapper_hw_platform_1/ps7_init.tcl
targets -set -nocase -filter {name =~"APU*" && jtag_cable_name =~ "Digilent JTAG-HS1 210512180081"} -index 0
loadhw -hw E:/tm_Dronfa_xy/TM/CTM.sdk/design_1_wrapper_hw_platform_1/system.hdf -mem-ranges [list {0x40000000 0xbfffffff}]
configparams force-mem-access 1
targets -set -nocase -filter {name =~"APU*" && jtag_cable_name =~ "Digilent JTAG-HS1 210512180081"} -index 0
stop
ps7_init
ps7_post_config
targets -set -nocase -filter {name =~ "ARM*#0" && jtag_cable_name =~ "Digilent JTAG-HS1 210512180081"} -index 0
rst -processor
targets -set -nocase -filter {name =~ "ARM*#0" && jtag_cable_name =~ "Digilent JTAG-HS1 210512180081"} -index 0
dow E:/tm_Dronfa_xy/TM/CTM.sdk/tm_new_test/Debug/tm_new_test.elf
configparams force-mem-access 0
----------------End of Script----------------

12:01:54 INFO  : Memory regions updated for context APU
12:01:54 INFO  : Context for processor 'ps7_cortexa9_0' is selected.
12:01:54 INFO  : 'con' command is executed.
12:01:54 INFO  : ----------------XSDB Script (After Launch)----------------
targets -set -nocase -filter {name =~ "ARM*#0" && jtag_cable_name =~ "Digilent JTAG-HS1 210512180081"} -index 0
con
----------------End of Script----------------

12:01:54 INFO  : Launch script is exported to file 'E:\tm_Dronfa_xy\TM\CTM.sdk\.sdk\launch_scripts\xilinx_c-c++_application_(system_debugger)\system_debugger_using_debug_tm_new_test.elf_on_local.tcl'
12:13:30 INFO  : Disconnected from the channel tcfchan#2.
12:13:31 INFO  : 'targets -set -filter {jtag_cable_name =~ "Digilent JTAG-HS1 210512180081" && level==0} -index 1' command is executed.
12:13:31 INFO  : 'fpga -state' command is executed.
12:13:31 INFO  : Connected to target on host '127.0.0.1' and port '3121'.
12:13:31 INFO  : Jtag cable 'Digilent JTAG-HS1 210512180081' is selected.
12:13:31 INFO  : 'jtag frequency' command is executed.
12:13:31 INFO  : Sourcing of 'E:/tm_Dronfa_xy/TM/CTM.sdk/design_1_wrapper_hw_platform_1/ps7_init.tcl' is done.
12:13:31 INFO  : Context for 'APU' is selected.
12:13:32 INFO  : Hardware design information is loaded from 'E:/tm_Dronfa_xy/TM/CTM.sdk/design_1_wrapper_hw_platform_1/system.hdf'.
12:13:32 INFO  : 'configparams force-mem-access 1' command is executed.
12:13:32 INFO  : Context for 'APU' is selected.
12:13:32 INFO  : 'stop' command is executed.
12:13:32 INFO  : 'ps7_init' command is executed.
12:13:32 INFO  : 'ps7_post_config' command is executed.
12:13:32 INFO  : Context for processor 'ps7_cortexa9_0' is selected.
12:13:32 INFO  : Processor reset is completed for 'ps7_cortexa9_0'.
12:13:32 INFO  : Context for processor 'ps7_cortexa9_0' is selected.
12:13:32 INFO  : The application 'E:/tm_Dronfa_xy/TM/CTM.sdk/tm_new_test/Debug/tm_new_test.elf' is downloaded to processor 'ps7_cortexa9_0'.
12:13:32 INFO  : 'configparams force-mem-access 0' command is executed.
12:13:32 INFO  : ----------------XSDB Script----------------
connect -url tcp:127.0.0.1:3121
source E:/tm_Dronfa_xy/TM/CTM.sdk/design_1_wrapper_hw_platform_1/ps7_init.tcl
targets -set -nocase -filter {name =~"APU*" && jtag_cable_name =~ "Digilent JTAG-HS1 210512180081"} -index 0
loadhw -hw E:/tm_Dronfa_xy/TM/CTM.sdk/design_1_wrapper_hw_platform_1/system.hdf -mem-ranges [list {0x40000000 0xbfffffff}]
configparams force-mem-access 1
targets -set -nocase -filter {name =~"APU*" && jtag_cable_name =~ "Digilent JTAG-HS1 210512180081"} -index 0
stop
ps7_init
ps7_post_config
targets -set -nocase -filter {name =~ "ARM*#0" && jtag_cable_name =~ "Digilent JTAG-HS1 210512180081"} -index 0
rst -processor
targets -set -nocase -filter {name =~ "ARM*#0" && jtag_cable_name =~ "Digilent JTAG-HS1 210512180081"} -index 0
dow E:/tm_Dronfa_xy/TM/CTM.sdk/tm_new_test/Debug/tm_new_test.elf
configparams force-mem-access 0
----------------End of Script----------------

12:13:32 INFO  : Memory regions updated for context APU
12:13:32 INFO  : Context for processor 'ps7_cortexa9_0' is selected.
12:13:32 INFO  : 'con' command is executed.
12:13:32 INFO  : ----------------XSDB Script (After Launch)----------------
targets -set -nocase -filter {name =~ "ARM*#0" && jtag_cable_name =~ "Digilent JTAG-HS1 210512180081"} -index 0
con
----------------End of Script----------------

12:13:32 INFO  : Launch script is exported to file 'E:\tm_Dronfa_xy\TM\CTM.sdk\.sdk\launch_scripts\xilinx_c-c++_application_(system_debugger)\system_debugger_using_debug_tm_new_test.elf_on_local.tcl'
12:14:45 INFO  : Disconnected from the channel tcfchan#3.
12:14:46 INFO  : 'targets -set -filter {jtag_cable_name =~ "Digilent JTAG-HS1 210512180081" && level==0} -index 1' command is executed.
12:14:46 INFO  : 'fpga -state' command is executed.
12:14:46 INFO  : Connected to target on host '127.0.0.1' and port '3121'.
12:14:46 INFO  : Jtag cable 'Digilent JTAG-HS1 210512180081' is selected.
12:14:46 INFO  : 'jtag frequency' command is executed.
12:14:46 INFO  : Sourcing of 'E:/tm_Dronfa_xy/TM/CTM.sdk/design_1_wrapper_hw_platform_1/ps7_init.tcl' is done.
12:14:47 INFO  : Context for 'APU' is selected.
12:14:47 INFO  : Hardware design information is loaded from 'E:/tm_Dronfa_xy/TM/CTM.sdk/design_1_wrapper_hw_platform_1/system.hdf'.
12:14:47 INFO  : 'configparams force-mem-access 1' command is executed.
12:14:47 INFO  : Context for 'APU' is selected.
12:14:47 INFO  : 'stop' command is executed.
12:14:47 INFO  : 'ps7_init' command is executed.
12:14:47 INFO  : 'ps7_post_config' command is executed.
12:14:47 INFO  : Context for processor 'ps7_cortexa9_0' is selected.
12:14:47 INFO  : Processor reset is completed for 'ps7_cortexa9_0'.
12:14:48 INFO  : Context for processor 'ps7_cortexa9_0' is selected.
12:14:48 INFO  : The application 'E:/tm_Dronfa_xy/TM/CTM.sdk/tm_new_test/Debug/tm_new_test.elf' is downloaded to processor 'ps7_cortexa9_0'.
12:14:48 INFO  : 'configparams force-mem-access 0' command is executed.
12:14:48 INFO  : ----------------XSDB Script----------------
connect -url tcp:127.0.0.1:3121
source E:/tm_Dronfa_xy/TM/CTM.sdk/design_1_wrapper_hw_platform_1/ps7_init.tcl
targets -set -nocase -filter {name =~"APU*" && jtag_cable_name =~ "Digilent JTAG-HS1 210512180081"} -index 0
loadhw -hw E:/tm_Dronfa_xy/TM/CTM.sdk/design_1_wrapper_hw_platform_1/system.hdf -mem-ranges [list {0x40000000 0xbfffffff}]
configparams force-mem-access 1
targets -set -nocase -filter {name =~"APU*" && jtag_cable_name =~ "Digilent JTAG-HS1 210512180081"} -index 0
stop
ps7_init
ps7_post_config
targets -set -nocase -filter {name =~ "ARM*#0" && jtag_cable_name =~ "Digilent JTAG-HS1 210512180081"} -index 0
rst -processor
targets -set -nocase -filter {name =~ "ARM*#0" && jtag_cable_name =~ "Digilent JTAG-HS1 210512180081"} -index 0
dow E:/tm_Dronfa_xy/TM/CTM.sdk/tm_new_test/Debug/tm_new_test.elf
configparams force-mem-access 0
----------------End of Script----------------

12:14:48 INFO  : Memory regions updated for context APU
12:14:48 INFO  : Context for processor 'ps7_cortexa9_0' is selected.
12:14:48 INFO  : 'con' command is executed.
12:14:48 INFO  : ----------------XSDB Script (After Launch)----------------
targets -set -nocase -filter {name =~ "ARM*#0" && jtag_cable_name =~ "Digilent JTAG-HS1 210512180081"} -index 0
con
----------------End of Script----------------

12:14:48 INFO  : Launch script is exported to file 'E:\tm_Dronfa_xy\TM\CTM.sdk\.sdk\launch_scripts\xilinx_c-c++_application_(system_debugger)\system_debugger_using_debug_tm_new_test.elf_on_local.tcl'
12:19:20 INFO  : Disconnected from the channel tcfchan#4.
12:19:22 INFO  : 'targets -set -filter {jtag_cable_name =~ "Digilent JTAG-HS1 210512180081" && level==0} -index 1' command is executed.
12:19:22 INFO  : 'fpga -state' command is executed.
12:19:22 INFO  : Connected to target on host '127.0.0.1' and port '3121'.
12:19:22 INFO  : Jtag cable 'Digilent JTAG-HS1 210512180081' is selected.
12:19:22 INFO  : 'jtag frequency' command is executed.
12:19:22 INFO  : Sourcing of 'E:/tm_Dronfa_xy/TM/CTM.sdk/design_1_wrapper_hw_platform_1/ps7_init.tcl' is done.
12:19:22 INFO  : Context for 'APU' is selected.
12:19:22 INFO  : Hardware design information is loaded from 'E:/tm_Dronfa_xy/TM/CTM.sdk/design_1_wrapper_hw_platform_1/system.hdf'.
12:19:22 INFO  : 'configparams force-mem-access 1' command is executed.
12:19:22 INFO  : Context for 'APU' is selected.
12:19:22 INFO  : 'stop' command is executed.
12:19:23 INFO  : 'ps7_init' command is executed.
12:19:23 INFO  : 'ps7_post_config' command is executed.
12:19:23 INFO  : Context for processor 'ps7_cortexa9_0' is selected.
12:19:23 INFO  : Processor reset is completed for 'ps7_cortexa9_0'.
12:19:23 INFO  : Context for processor 'ps7_cortexa9_0' is selected.
12:19:23 INFO  : The application 'E:/tm_Dronfa_xy/TM/CTM.sdk/tm_new_test/Debug/tm_new_test.elf' is downloaded to processor 'ps7_cortexa9_0'.
12:19:23 INFO  : 'configparams force-mem-access 0' command is executed.
12:19:23 INFO  : ----------------XSDB Script----------------
connect -url tcp:127.0.0.1:3121
source E:/tm_Dronfa_xy/TM/CTM.sdk/design_1_wrapper_hw_platform_1/ps7_init.tcl
targets -set -nocase -filter {name =~"APU*" && jtag_cable_name =~ "Digilent JTAG-HS1 210512180081"} -index 0
loadhw -hw E:/tm_Dronfa_xy/TM/CTM.sdk/design_1_wrapper_hw_platform_1/system.hdf -mem-ranges [list {0x40000000 0xbfffffff}]
configparams force-mem-access 1
targets -set -nocase -filter {name =~"APU*" && jtag_cable_name =~ "Digilent JTAG-HS1 210512180081"} -index 0
stop
ps7_init
ps7_post_config
targets -set -nocase -filter {name =~ "ARM*#0" && jtag_cable_name =~ "Digilent JTAG-HS1 210512180081"} -index 0
rst -processor
targets -set -nocase -filter {name =~ "ARM*#0" && jtag_cable_name =~ "Digilent JTAG-HS1 210512180081"} -index 0
dow E:/tm_Dronfa_xy/TM/CTM.sdk/tm_new_test/Debug/tm_new_test.elf
configparams force-mem-access 0
----------------End of Script----------------

12:19:23 INFO  : Memory regions updated for context APU
12:19:23 INFO  : Context for processor 'ps7_cortexa9_0' is selected.
12:19:23 INFO  : 'con' command is executed.
12:19:23 INFO  : ----------------XSDB Script (After Launch)----------------
targets -set -nocase -filter {name =~ "ARM*#0" && jtag_cable_name =~ "Digilent JTAG-HS1 210512180081"} -index 0
con
----------------End of Script----------------

12:19:23 INFO  : Launch script is exported to file 'E:\tm_Dronfa_xy\TM\CTM.sdk\.sdk\launch_scripts\xilinx_c-c++_application_(system_debugger)\system_debugger_using_debug_tm_new_test.elf_on_local.tcl'
12:20:42 INFO  : Disconnected from the channel tcfchan#5.
12:20:43 INFO  : 'targets -set -filter {jtag_cable_name =~ "Digilent JTAG-HS1 210512180081" && level==0} -index 1' command is executed.
12:20:43 INFO  : 'fpga -state' command is executed.
12:20:43 INFO  : Connected to target on host '127.0.0.1' and port '3121'.
12:20:43 INFO  : Jtag cable 'Digilent JTAG-HS1 210512180081' is selected.
12:20:43 INFO  : 'jtag frequency' command is executed.
12:20:43 INFO  : Sourcing of 'E:/tm_Dronfa_xy/TM/CTM.sdk/design_1_wrapper_hw_platform_1/ps7_init.tcl' is done.
12:20:43 INFO  : Context for 'APU' is selected.
12:20:44 INFO  : Hardware design information is loaded from 'E:/tm_Dronfa_xy/TM/CTM.sdk/design_1_wrapper_hw_platform_1/system.hdf'.
12:20:44 INFO  : 'configparams force-mem-access 1' command is executed.
12:20:44 INFO  : Context for 'APU' is selected.
12:20:44 INFO  : 'stop' command is executed.
12:20:44 INFO  : 'ps7_init' command is executed.
12:20:44 INFO  : 'ps7_post_config' command is executed.
12:20:44 INFO  : Context for processor 'ps7_cortexa9_0' is selected.
12:20:44 INFO  : Processor reset is completed for 'ps7_cortexa9_0'.
12:20:44 INFO  : Context for processor 'ps7_cortexa9_0' is selected.
12:20:44 INFO  : The application 'E:/tm_Dronfa_xy/TM/CTM.sdk/tm_new_test/Debug/tm_new_test.elf' is downloaded to processor 'ps7_cortexa9_0'.
12:20:44 INFO  : 'configparams force-mem-access 0' command is executed.
12:20:44 INFO  : ----------------XSDB Script----------------
connect -url tcp:127.0.0.1:3121
source E:/tm_Dronfa_xy/TM/CTM.sdk/design_1_wrapper_hw_platform_1/ps7_init.tcl
targets -set -nocase -filter {name =~"APU*" && jtag_cable_name =~ "Digilent JTAG-HS1 210512180081"} -index 0
loadhw -hw E:/tm_Dronfa_xy/TM/CTM.sdk/design_1_wrapper_hw_platform_1/system.hdf -mem-ranges [list {0x40000000 0xbfffffff}]
configparams force-mem-access 1
targets -set -nocase -filter {name =~"APU*" && jtag_cable_name =~ "Digilent JTAG-HS1 210512180081"} -index 0
stop
ps7_init
ps7_post_config
targets -set -nocase -filter {name =~ "ARM*#0" && jtag_cable_name =~ "Digilent JTAG-HS1 210512180081"} -index 0
rst -processor
targets -set -nocase -filter {name =~ "ARM*#0" && jtag_cable_name =~ "Digilent JTAG-HS1 210512180081"} -index 0
dow E:/tm_Dronfa_xy/TM/CTM.sdk/tm_new_test/Debug/tm_new_test.elf
configparams force-mem-access 0
----------------End of Script----------------

12:20:44 INFO  : Memory regions updated for context APU
12:20:44 INFO  : Context for processor 'ps7_cortexa9_0' is selected.
12:20:44 INFO  : 'con' command is executed.
12:20:44 INFO  : ----------------XSDB Script (After Launch)----------------
targets -set -nocase -filter {name =~ "ARM*#0" && jtag_cable_name =~ "Digilent JTAG-HS1 210512180081"} -index 0
con
----------------End of Script----------------

12:20:44 INFO  : Launch script is exported to file 'E:\tm_Dronfa_xy\TM\CTM.sdk\.sdk\launch_scripts\xilinx_c-c++_application_(system_debugger)\system_debugger_using_debug_tm_new_test.elf_on_local.tcl'
12:25:53 INFO  : Refreshed build settings on project tm_new_test
12:27:13 INFO  : Connected to target on host '127.0.0.1' and port '3121'.
12:27:13 INFO  : 'targets -set -filter {jtag_cable_name =~ "Digilent JTAG-HS1 210512180081" && level==0} -index 1' command is executed.
12:27:17 INFO  : FPGA configured successfully with bitstream "E:/tm_Dronfa_xy/TM/CTM.runs/impl_1/design_1_wrapper.bit"
12:27:46 INFO  : Disconnected from the channel tcfchan#6.
12:27:47 INFO  : 'targets -set -filter {jtag_cable_name =~ "Digilent JTAG-HS1 210512180081" && level==0} -index 1' command is executed.
12:27:47 INFO  : 'fpga -state' command is executed.
12:27:47 INFO  : Connected to target on host '127.0.0.1' and port '3121'.
12:27:47 INFO  : Jtag cable 'Digilent JTAG-HS1 210512180081' is selected.
12:27:47 INFO  : 'jtag frequency' command is executed.
12:27:47 INFO  : Sourcing of 'E:/tm_Dronfa_xy/TM/CTM.sdk/design_1_wrapper_hw_platform_1/ps7_init.tcl' is done.
12:27:47 INFO  : Context for 'APU' is selected.
12:27:48 INFO  : Hardware design information is loaded from 'E:/tm_Dronfa_xy/TM/CTM.sdk/design_1_wrapper_hw_platform_1/system.hdf'.
12:27:48 INFO  : 'configparams force-mem-access 1' command is executed.
12:27:48 INFO  : Context for 'APU' is selected.
12:27:48 INFO  : 'stop' command is executed.
12:27:48 INFO  : 'ps7_init' command is executed.
12:27:48 INFO  : 'ps7_post_config' command is executed.
12:27:48 INFO  : Context for processor 'ps7_cortexa9_0' is selected.
12:27:48 INFO  : Processor reset is completed for 'ps7_cortexa9_0'.
12:27:48 INFO  : Context for processor 'ps7_cortexa9_0' is selected.
12:27:48 INFO  : The application 'E:/tm_Dronfa_xy/TM/CTM.sdk/tm_new_test/Debug/tm_new_test.elf' is downloaded to processor 'ps7_cortexa9_0'.
12:27:48 INFO  : 'configparams force-mem-access 0' command is executed.
12:27:48 INFO  : ----------------XSDB Script----------------
connect -url tcp:127.0.0.1:3121
source E:/tm_Dronfa_xy/TM/CTM.sdk/design_1_wrapper_hw_platform_1/ps7_init.tcl
targets -set -nocase -filter {name =~"APU*" && jtag_cable_name =~ "Digilent JTAG-HS1 210512180081"} -index 0
loadhw -hw E:/tm_Dronfa_xy/TM/CTM.sdk/design_1_wrapper_hw_platform_1/system.hdf -mem-ranges [list {0x40000000 0xbfffffff}]
configparams force-mem-access 1
targets -set -nocase -filter {name =~"APU*" && jtag_cable_name =~ "Digilent JTAG-HS1 210512180081"} -index 0
stop
ps7_init
ps7_post_config
targets -set -nocase -filter {name =~ "ARM*#0" && jtag_cable_name =~ "Digilent JTAG-HS1 210512180081"} -index 0
rst -processor
targets -set -nocase -filter {name =~ "ARM*#0" && jtag_cable_name =~ "Digilent JTAG-HS1 210512180081"} -index 0
dow E:/tm_Dronfa_xy/TM/CTM.sdk/tm_new_test/Debug/tm_new_test.elf
configparams force-mem-access 0
----------------End of Script----------------

12:27:48 INFO  : Memory regions updated for context APU
12:27:48 INFO  : Context for processor 'ps7_cortexa9_0' is selected.
12:27:48 INFO  : 'con' command is executed.
12:27:48 INFO  : ----------------XSDB Script (After Launch)----------------
targets -set -nocase -filter {name =~ "ARM*#0" && jtag_cable_name =~ "Digilent JTAG-HS1 210512180081"} -index 0
con
----------------End of Script----------------

12:27:48 INFO  : Launch script is exported to file 'E:\tm_Dronfa_xy\TM\CTM.sdk\.sdk\launch_scripts\xilinx_c-c++_application_(system_debugger)\system_debugger_using_debug_tm_new_test.elf_on_local.tcl'
12:31:45 INFO  : Refreshed build settings on project tm_new_test
12:32:15 INFO  : Connected to target on host '127.0.0.1' and port '3121'.
12:32:15 INFO  : 'targets -set -filter {jtag_cable_name =~ "Digilent JTAG-HS1 210512180081" && level==0} -index 1' command is executed.
12:32:18 INFO  : FPGA configured successfully with bitstream "E:/tm_Dronfa_xy/TM/CTM.runs/impl_1/design_1_wrapper.bit"
12:32:33 INFO  : Disconnected from the channel tcfchan#7.
12:32:34 INFO  : 'targets -set -filter {jtag_cable_name =~ "Digilent JTAG-HS1 210512180081" && level==0} -index 1' command is executed.
12:32:34 INFO  : 'fpga -state' command is executed.
12:32:34 INFO  : Connected to target on host '127.0.0.1' and port '3121'.
12:32:34 INFO  : Jtag cable 'Digilent JTAG-HS1 210512180081' is selected.
12:32:34 INFO  : 'jtag frequency' command is executed.
12:32:34 INFO  : Sourcing of 'E:/tm_Dronfa_xy/TM/CTM.sdk/design_1_wrapper_hw_platform_1/ps7_init.tcl' is done.
12:32:34 INFO  : Context for 'APU' is selected.
12:32:35 INFO  : Hardware design information is loaded from 'E:/tm_Dronfa_xy/TM/CTM.sdk/design_1_wrapper_hw_platform_1/system.hdf'.
12:32:35 INFO  : 'configparams force-mem-access 1' command is executed.
12:32:35 INFO  : Context for 'APU' is selected.
12:32:35 INFO  : 'stop' command is executed.
12:32:35 INFO  : 'ps7_init' command is executed.
12:32:35 INFO  : 'ps7_post_config' command is executed.
12:32:35 INFO  : Context for processor 'ps7_cortexa9_0' is selected.
12:32:35 INFO  : Processor reset is completed for 'ps7_cortexa9_0'.
12:32:35 INFO  : Context for processor 'ps7_cortexa9_0' is selected.
12:32:35 INFO  : The application 'E:/tm_Dronfa_xy/TM/CTM.sdk/tm_new_test/Debug/tm_new_test.elf' is downloaded to processor 'ps7_cortexa9_0'.
12:32:35 INFO  : 'configparams force-mem-access 0' command is executed.
12:32:35 INFO  : ----------------XSDB Script----------------
connect -url tcp:127.0.0.1:3121
source E:/tm_Dronfa_xy/TM/CTM.sdk/design_1_wrapper_hw_platform_1/ps7_init.tcl
targets -set -nocase -filter {name =~"APU*" && jtag_cable_name =~ "Digilent JTAG-HS1 210512180081"} -index 0
loadhw -hw E:/tm_Dronfa_xy/TM/CTM.sdk/design_1_wrapper_hw_platform_1/system.hdf -mem-ranges [list {0x40000000 0xbfffffff}]
configparams force-mem-access 1
targets -set -nocase -filter {name =~"APU*" && jtag_cable_name =~ "Digilent JTAG-HS1 210512180081"} -index 0
stop
ps7_init
ps7_post_config
targets -set -nocase -filter {name =~ "ARM*#0" && jtag_cable_name =~ "Digilent JTAG-HS1 210512180081"} -index 0
rst -processor
targets -set -nocase -filter {name =~ "ARM*#0" && jtag_cable_name =~ "Digilent JTAG-HS1 210512180081"} -index 0
dow E:/tm_Dronfa_xy/TM/CTM.sdk/tm_new_test/Debug/tm_new_test.elf
configparams force-mem-access 0
----------------End of Script----------------

12:32:35 INFO  : Memory regions updated for context APU
12:32:35 INFO  : Context for processor 'ps7_cortexa9_0' is selected.
12:32:35 INFO  : 'con' command is executed.
12:32:35 INFO  : ----------------XSDB Script (After Launch)----------------
targets -set -nocase -filter {name =~ "ARM*#0" && jtag_cable_name =~ "Digilent JTAG-HS1 210512180081"} -index 0
con
----------------End of Script----------------

12:32:35 INFO  : Launch script is exported to file 'E:\tm_Dronfa_xy\TM\CTM.sdk\.sdk\launch_scripts\xilinx_c-c++_application_(system_debugger)\system_debugger_using_debug_tm_new_test.elf_on_local.tcl'
12:36:27 INFO  : Disconnected from the channel tcfchan#8.
12:36:28 INFO  : 'targets -set -filter {jtag_cable_name =~ "Digilent JTAG-HS1 210512180081" && level==0} -index 1' command is executed.
12:36:28 INFO  : 'fpga -state' command is executed.
12:36:28 INFO  : Connected to target on host '127.0.0.1' and port '3121'.
12:36:28 INFO  : Jtag cable 'Digilent JTAG-HS1 210512180081' is selected.
12:36:28 INFO  : 'jtag frequency' command is executed.
12:36:28 INFO  : Sourcing of 'E:/tm_Dronfa_xy/TM/CTM.sdk/design_1_wrapper_hw_platform_1/ps7_init.tcl' is done.
12:36:28 INFO  : Context for 'APU' is selected.
12:36:29 INFO  : Hardware design information is loaded from 'E:/tm_Dronfa_xy/TM/CTM.sdk/design_1_wrapper_hw_platform_1/system.hdf'.
12:36:29 INFO  : 'configparams force-mem-access 1' command is executed.
12:36:29 INFO  : Context for 'APU' is selected.
12:36:29 INFO  : 'stop' command is executed.
12:36:29 INFO  : 'ps7_init' command is executed.
12:36:29 INFO  : 'ps7_post_config' command is executed.
12:36:29 INFO  : Context for processor 'ps7_cortexa9_0' is selected.
12:36:29 INFO  : Processor reset is completed for 'ps7_cortexa9_0'.
12:36:29 INFO  : Context for processor 'ps7_cortexa9_0' is selected.
12:36:29 INFO  : The application 'E:/tm_Dronfa_xy/TM/CTM.sdk/tm_new_test/Debug/tm_new_test.elf' is downloaded to processor 'ps7_cortexa9_0'.
12:36:29 INFO  : 'configparams force-mem-access 0' command is executed.
12:36:29 INFO  : ----------------XSDB Script----------------
connect -url tcp:127.0.0.1:3121
source E:/tm_Dronfa_xy/TM/CTM.sdk/design_1_wrapper_hw_platform_1/ps7_init.tcl
targets -set -nocase -filter {name =~"APU*" && jtag_cable_name =~ "Digilent JTAG-HS1 210512180081"} -index 0
loadhw -hw E:/tm_Dronfa_xy/TM/CTM.sdk/design_1_wrapper_hw_platform_1/system.hdf -mem-ranges [list {0x40000000 0xbfffffff}]
configparams force-mem-access 1
targets -set -nocase -filter {name =~"APU*" && jtag_cable_name =~ "Digilent JTAG-HS1 210512180081"} -index 0
stop
ps7_init
ps7_post_config
targets -set -nocase -filter {name =~ "ARM*#0" && jtag_cable_name =~ "Digilent JTAG-HS1 210512180081"} -index 0
rst -processor
targets -set -nocase -filter {name =~ "ARM*#0" && jtag_cable_name =~ "Digilent JTAG-HS1 210512180081"} -index 0
dow E:/tm_Dronfa_xy/TM/CTM.sdk/tm_new_test/Debug/tm_new_test.elf
configparams force-mem-access 0
----------------End of Script----------------

12:36:29 INFO  : Memory regions updated for context APU
12:36:29 INFO  : Context for processor 'ps7_cortexa9_0' is selected.
12:36:29 INFO  : 'con' command is executed.
12:36:29 INFO  : ----------------XSDB Script (After Launch)----------------
targets -set -nocase -filter {name =~ "ARM*#0" && jtag_cable_name =~ "Digilent JTAG-HS1 210512180081"} -index 0
con
----------------End of Script----------------

12:36:29 INFO  : Launch script is exported to file 'E:\tm_Dronfa_xy\TM\CTM.sdk\.sdk\launch_scripts\xilinx_c-c++_application_(system_debugger)\system_debugger_using_debug_tm_new_test.elf_on_local.tcl'
12:41:04 INFO  : Refreshed build settings on project tm_new_test
12:41:49 INFO  : Disconnected from the channel tcfchan#9.
12:41:50 INFO  : 'targets -set -filter {jtag_cable_name =~ "Digilent JTAG-HS1 210512180081" && level==0} -index 1' command is executed.
12:41:50 INFO  : 'fpga -state' command is executed.
12:41:50 INFO  : Connected to target on host '127.0.0.1' and port '3121'.
12:41:50 INFO  : Jtag cable 'Digilent JTAG-HS1 210512180081' is selected.
12:41:50 INFO  : 'jtag frequency' command is executed.
12:41:50 INFO  : Sourcing of 'E:/tm_Dronfa_xy/TM/CTM.sdk/design_1_wrapper_hw_platform_1/ps7_init.tcl' is done.
12:41:50 INFO  : Context for 'APU' is selected.
12:41:51 INFO  : Hardware design information is loaded from 'E:/tm_Dronfa_xy/TM/CTM.sdk/design_1_wrapper_hw_platform_1/system.hdf'.
12:41:51 INFO  : 'configparams force-mem-access 1' command is executed.
12:41:51 INFO  : Context for 'APU' is selected.
12:41:51 INFO  : 'stop' command is executed.
12:41:51 INFO  : 'ps7_init' command is executed.
12:41:51 INFO  : 'ps7_post_config' command is executed.
12:41:51 INFO  : Context for processor 'ps7_cortexa9_0' is selected.
12:41:51 INFO  : Processor reset is completed for 'ps7_cortexa9_0'.
12:41:51 INFO  : Context for processor 'ps7_cortexa9_0' is selected.
12:41:51 INFO  : The application 'E:/tm_Dronfa_xy/TM/CTM.sdk/tm_new_test/Debug/tm_new_test.elf' is downloaded to processor 'ps7_cortexa9_0'.
12:41:51 INFO  : 'configparams force-mem-access 0' command is executed.
12:41:51 INFO  : ----------------XSDB Script----------------
connect -url tcp:127.0.0.1:3121
source E:/tm_Dronfa_xy/TM/CTM.sdk/design_1_wrapper_hw_platform_1/ps7_init.tcl
targets -set -nocase -filter {name =~"APU*" && jtag_cable_name =~ "Digilent JTAG-HS1 210512180081"} -index 0
loadhw -hw E:/tm_Dronfa_xy/TM/CTM.sdk/design_1_wrapper_hw_platform_1/system.hdf -mem-ranges [list {0x40000000 0xbfffffff}]
configparams force-mem-access 1
targets -set -nocase -filter {name =~"APU*" && jtag_cable_name =~ "Digilent JTAG-HS1 210512180081"} -index 0
stop
ps7_init
ps7_post_config
targets -set -nocase -filter {name =~ "ARM*#0" && jtag_cable_name =~ "Digilent JTAG-HS1 210512180081"} -index 0
rst -processor
targets -set -nocase -filter {name =~ "ARM*#0" && jtag_cable_name =~ "Digilent JTAG-HS1 210512180081"} -index 0
dow E:/tm_Dronfa_xy/TM/CTM.sdk/tm_new_test/Debug/tm_new_test.elf
configparams force-mem-access 0
----------------End of Script----------------

12:41:51 INFO  : Memory regions updated for context APU
12:41:51 INFO  : Context for processor 'ps7_cortexa9_0' is selected.
12:41:51 INFO  : 'con' command is executed.
12:41:51 INFO  : ----------------XSDB Script (After Launch)----------------
targets -set -nocase -filter {name =~ "ARM*#0" && jtag_cable_name =~ "Digilent JTAG-HS1 210512180081"} -index 0
con
----------------End of Script----------------

12:41:51 INFO  : Launch script is exported to file 'E:\tm_Dronfa_xy\TM\CTM.sdk\.sdk\launch_scripts\xilinx_c-c++_application_(system_debugger)\system_debugger_using_debug_tm_new_test.elf_on_local.tcl'
14:14:45 INFO  : Connected to target on host '127.0.0.1' and port '3121'.
14:14:45 INFO  : 'targets -set -filter {jtag_cable_name =~ "Digilent JTAG-HS1 210512180081" && level==0} -index 1' command is executed.
14:14:49 INFO  : FPGA configured successfully with bitstream "E:/tm_Dronfa_xy/TM/CTM.runs/impl_1/design_1_wrapper.bit"
14:15:03 INFO  : Disconnected from the channel tcfchan#10.
14:15:04 INFO  : 'targets -set -filter {jtag_cable_name =~ "Digilent JTAG-HS1 210512180081" && level==0} -index 1' command is executed.
14:15:04 INFO  : 'fpga -state' command is executed.
14:15:04 INFO  : Connected to target on host '127.0.0.1' and port '3121'.
14:15:04 INFO  : Jtag cable 'Digilent JTAG-HS1 210512180081' is selected.
14:15:04 INFO  : 'jtag frequency' command is executed.
14:15:04 INFO  : Sourcing of 'E:/tm_Dronfa_xy/TM/CTM.sdk/design_1_wrapper_hw_platform_1/ps7_init.tcl' is done.
14:15:04 INFO  : Context for 'APU' is selected.
14:15:05 INFO  : Hardware design information is loaded from 'E:/tm_Dronfa_xy/TM/CTM.sdk/design_1_wrapper_hw_platform_1/system.hdf'.
14:15:05 INFO  : 'configparams force-mem-access 1' command is executed.
14:15:05 INFO  : Context for 'APU' is selected.
14:15:05 INFO  : 'stop' command is executed.
14:15:06 INFO  : 'ps7_init' command is executed.
14:15:06 INFO  : 'ps7_post_config' command is executed.
14:15:06 INFO  : Context for processor 'ps7_cortexa9_0' is selected.
14:15:06 INFO  : Processor reset is completed for 'ps7_cortexa9_0'.
14:15:06 INFO  : Context for processor 'ps7_cortexa9_0' is selected.
14:15:06 INFO  : The application 'E:/tm_Dronfa_xy/TM/CTM.sdk/tm_new_test/Debug/tm_new_test.elf' is downloaded to processor 'ps7_cortexa9_0'.
14:15:06 INFO  : 'configparams force-mem-access 0' command is executed.
14:15:06 INFO  : ----------------XSDB Script----------------
connect -url tcp:127.0.0.1:3121
source E:/tm_Dronfa_xy/TM/CTM.sdk/design_1_wrapper_hw_platform_1/ps7_init.tcl
targets -set -nocase -filter {name =~"APU*" && jtag_cable_name =~ "Digilent JTAG-HS1 210512180081"} -index 0
loadhw -hw E:/tm_Dronfa_xy/TM/CTM.sdk/design_1_wrapper_hw_platform_1/system.hdf -mem-ranges [list {0x40000000 0xbfffffff}]
configparams force-mem-access 1
targets -set -nocase -filter {name =~"APU*" && jtag_cable_name =~ "Digilent JTAG-HS1 210512180081"} -index 0
stop
ps7_init
ps7_post_config
targets -set -nocase -filter {name =~ "ARM*#0" && jtag_cable_name =~ "Digilent JTAG-HS1 210512180081"} -index 0
rst -processor
targets -set -nocase -filter {name =~ "ARM*#0" && jtag_cable_name =~ "Digilent JTAG-HS1 210512180081"} -index 0
dow E:/tm_Dronfa_xy/TM/CTM.sdk/tm_new_test/Debug/tm_new_test.elf
configparams force-mem-access 0
----------------End of Script----------------

14:15:06 INFO  : Memory regions updated for context APU
14:15:06 INFO  : Context for processor 'ps7_cortexa9_0' is selected.
14:15:06 INFO  : 'con' command is executed.
14:15:06 INFO  : ----------------XSDB Script (After Launch)----------------
targets -set -nocase -filter {name =~ "ARM*#0" && jtag_cable_name =~ "Digilent JTAG-HS1 210512180081"} -index 0
con
----------------End of Script----------------

14:15:06 INFO  : Launch script is exported to file 'E:\tm_Dronfa_xy\TM\CTM.sdk\.sdk\launch_scripts\xilinx_c-c++_application_(system_debugger)\system_debugger_using_debug_tm_new_test.elf_on_local.tcl'
14:20:54 INFO  : Disconnected from the channel tcfchan#11.
14:20:55 INFO  : Connected to target on host '127.0.0.1' and port '3121'.
14:20:55 INFO  : Jtag cable 'Digilent JTAG-HS1 210512180081' is selected.
14:20:55 INFO  : 'jtag frequency' command is executed.
14:20:55 INFO  : Sourcing of 'E:/tm_Dronfa_xy/TM/CTM.sdk/design_1_wrapper_hw_platform_1/ps7_init.tcl' is done.
14:20:55 INFO  : Context for 'APU' is selected.
14:20:55 INFO  : System reset is completed.
14:20:58 INFO  : 'after 3000' command is executed.
14:20:58 INFO  : 'targets -set -filter {jtag_cable_name =~ "Digilent JTAG-HS1 210512180081" && level==0} -index 1' command is executed.
14:21:02 INFO  : FPGA configured successfully with bitstream "E:/tm_Dronfa_xy/TM/CTM.sdk/design_1_wrapper_hw_platform_1/design_1_wrapper.bit"
14:21:02 INFO  : Context for 'APU' is selected.
14:21:03 INFO  : Hardware design information is loaded from 'E:/tm_Dronfa_xy/TM/CTM.sdk/design_1_wrapper_hw_platform_1/system.hdf'.
14:21:03 INFO  : 'configparams force-mem-access 1' command is executed.
14:21:03 INFO  : Context for 'APU' is selected.
14:21:03 INFO  : 'ps7_init' command is executed.
14:21:03 INFO  : 'ps7_post_config' command is executed.
14:21:03 INFO  : Context for processor 'ps7_cortexa9_0' is selected.
14:21:04 INFO  : The application 'E:/tm_Dronfa_xy/TM/CTM.sdk/tm_new_test/Debug/tm_new_test.elf' is downloaded to processor 'ps7_cortexa9_0'.
14:21:04 INFO  : 'configparams force-mem-access 0' command is executed.
14:21:04 INFO  : ----------------XSDB Script----------------
connect -url tcp:127.0.0.1:3121
source E:/tm_Dronfa_xy/TM/CTM.sdk/design_1_wrapper_hw_platform_1/ps7_init.tcl
targets -set -nocase -filter {name =~"APU*" && jtag_cable_name =~ "Digilent JTAG-HS1 210512180081"} -index 0
rst -system
after 3000
targets -set -filter {jtag_cable_name =~ "Digilent JTAG-HS1 210512180081" && level==0} -index 1
fpga -file E:/tm_Dronfa_xy/TM/CTM.sdk/design_1_wrapper_hw_platform_1/design_1_wrapper.bit
targets -set -nocase -filter {name =~"APU*" && jtag_cable_name =~ "Digilent JTAG-HS1 210512180081"} -index 0
loadhw -hw E:/tm_Dronfa_xy/TM/CTM.sdk/design_1_wrapper_hw_platform_1/system.hdf -mem-ranges [list {0x40000000 0xbfffffff}]
configparams force-mem-access 1
targets -set -nocase -filter {name =~"APU*" && jtag_cable_name =~ "Digilent JTAG-HS1 210512180081"} -index 0
ps7_init
ps7_post_config
targets -set -nocase -filter {name =~ "ARM*#0" && jtag_cable_name =~ "Digilent JTAG-HS1 210512180081"} -index 0
dow E:/tm_Dronfa_xy/TM/CTM.sdk/tm_new_test/Debug/tm_new_test.elf
configparams force-mem-access 0
----------------End of Script----------------

14:21:04 INFO  : Memory regions updated for context APU
14:21:04 INFO  : Context for processor 'ps7_cortexa9_0' is selected.
14:21:04 INFO  : 'con' command is executed.
14:21:04 INFO  : ----------------XSDB Script (After Launch)----------------
targets -set -nocase -filter {name =~ "ARM*#0" && jtag_cable_name =~ "Digilent JTAG-HS1 210512180081"} -index 0
con
----------------End of Script----------------

14:21:04 INFO  : Launch script is exported to file 'E:\tm_Dronfa_xy\TM\CTM.sdk\.sdk\launch_scripts\xilinx_c-c++_application_(system_debugger)\system_debugger_using_debug_tm_new_test.elf_on_local.tcl'
14:40:55 INFO  : Disconnected from the channel tcfchan#12.
14:40:56 INFO  : Connected to target on host '127.0.0.1' and port '3121'.
14:40:56 INFO  : Jtag cable 'Digilent JTAG-HS1 210512180081' is selected.
14:40:56 INFO  : 'jtag frequency' command is executed.
14:40:56 INFO  : Sourcing of 'E:/tm_Dronfa_xy/TM/CTM.sdk/design_1_wrapper_hw_platform_1/ps7_init.tcl' is done.
14:40:56 INFO  : Context for 'APU' is selected.
14:40:56 INFO  : System reset is completed.
14:40:59 INFO  : 'after 3000' command is executed.
14:40:59 INFO  : 'targets -set -filter {jtag_cable_name =~ "Digilent JTAG-HS1 210512180081" && level==0} -index 1' command is executed.
14:41:03 INFO  : FPGA configured successfully with bitstream "E:/tm_Dronfa_xy/TM/CTM.sdk/design_1_wrapper_hw_platform_1/design_1_wrapper.bit"
14:41:03 INFO  : Context for 'APU' is selected.
14:41:04 INFO  : Hardware design information is loaded from 'E:/tm_Dronfa_xy/TM/CTM.sdk/design_1_wrapper_hw_platform_1/system.hdf'.
14:41:04 INFO  : 'configparams force-mem-access 1' command is executed.
14:41:04 INFO  : Context for 'APU' is selected.
14:41:04 INFO  : 'ps7_init' command is executed.
14:41:04 INFO  : 'ps7_post_config' command is executed.
14:41:04 INFO  : Context for processor 'ps7_cortexa9_0' is selected.
14:41:05 INFO  : The application 'E:/tm_Dronfa_xy/TM/CTM.sdk/tm_new_test/Debug/tm_new_test.elf' is downloaded to processor 'ps7_cortexa9_0'.
14:41:05 INFO  : 'configparams force-mem-access 0' command is executed.
14:41:05 INFO  : ----------------XSDB Script----------------
connect -url tcp:127.0.0.1:3121
source E:/tm_Dronfa_xy/TM/CTM.sdk/design_1_wrapper_hw_platform_1/ps7_init.tcl
targets -set -nocase -filter {name =~"APU*" && jtag_cable_name =~ "Digilent JTAG-HS1 210512180081"} -index 0
rst -system
after 3000
targets -set -filter {jtag_cable_name =~ "Digilent JTAG-HS1 210512180081" && level==0} -index 1
fpga -file E:/tm_Dronfa_xy/TM/CTM.sdk/design_1_wrapper_hw_platform_1/design_1_wrapper.bit
targets -set -nocase -filter {name =~"APU*" && jtag_cable_name =~ "Digilent JTAG-HS1 210512180081"} -index 0
loadhw -hw E:/tm_Dronfa_xy/TM/CTM.sdk/design_1_wrapper_hw_platform_1/system.hdf -mem-ranges [list {0x40000000 0xbfffffff}]
configparams force-mem-access 1
targets -set -nocase -filter {name =~"APU*" && jtag_cable_name =~ "Digilent JTAG-HS1 210512180081"} -index 0
ps7_init
ps7_post_config
targets -set -nocase -filter {name =~ "ARM*#0" && jtag_cable_name =~ "Digilent JTAG-HS1 210512180081"} -index 0
dow E:/tm_Dronfa_xy/TM/CTM.sdk/tm_new_test/Debug/tm_new_test.elf
configparams force-mem-access 0
----------------End of Script----------------

14:41:05 INFO  : Memory regions updated for context APU
14:41:05 INFO  : Context for processor 'ps7_cortexa9_0' is selected.
14:41:05 INFO  : 'con' command is executed.
14:41:05 INFO  : ----------------XSDB Script (After Launch)----------------
targets -set -nocase -filter {name =~ "ARM*#0" && jtag_cable_name =~ "Digilent JTAG-HS1 210512180081"} -index 0
con
----------------End of Script----------------

14:41:05 INFO  : Launch script is exported to file 'E:\tm_Dronfa_xy\TM\CTM.sdk\.sdk\launch_scripts\xilinx_c-c++_application_(system_debugger)\system_debugger_using_debug_tm_new_test.elf_on_local.tcl'
14:46:02 INFO  : Connected to target on host '127.0.0.1' and port '3121'.
14:46:02 INFO  : 'targets -set -filter {jtag_cable_name =~ "Digilent JTAG-HS1 210512180081" && level==0} -index 1' command is executed.
14:46:06 INFO  : FPGA configured successfully with bitstream "E:/tm_Dronfa_xy/TM/CTM.runs/impl_1/design_1_wrapper.bit"
14:47:00 INFO  : Disconnected from the channel tcfchan#13.
14:47:01 INFO  : Connected to target on host '127.0.0.1' and port '3121'.
14:47:02 INFO  : Jtag cable 'Digilent JTAG-HS1 210512180081' is selected.
14:47:02 INFO  : 'jtag frequency' command is executed.
14:47:02 INFO  : Sourcing of 'E:/tm_Dronfa_xy/TM/CTM.sdk/design_1_wrapper_hw_platform_1/ps7_init.tcl' is done.
14:47:02 INFO  : Context for 'APU' is selected.
14:47:02 INFO  : System reset is completed.
14:47:05 INFO  : 'after 3000' command is executed.
14:47:05 INFO  : 'targets -set -filter {jtag_cable_name =~ "Digilent JTAG-HS1 210512180081" && level==0} -index 1' command is executed.
14:47:09 INFO  : FPGA configured successfully with bitstream "E:/tm_Dronfa_xy/TM/CTM.sdk/design_1_wrapper_hw_platform_1/design_1_wrapper.bit"
14:47:09 INFO  : Context for 'APU' is selected.
14:47:10 INFO  : Hardware design information is loaded from 'E:/tm_Dronfa_xy/TM/CTM.sdk/design_1_wrapper_hw_platform_1/system.hdf'.
14:47:10 INFO  : 'configparams force-mem-access 1' command is executed.
14:47:10 INFO  : Context for 'APU' is selected.
14:47:10 INFO  : 'ps7_init' command is executed.
14:47:10 INFO  : 'ps7_post_config' command is executed.
14:47:10 INFO  : Context for processor 'ps7_cortexa9_0' is selected.
14:47:10 INFO  : The application 'E:/tm_Dronfa_xy/TM/CTM.sdk/tm_new_test/Debug/tm_new_test.elf' is downloaded to processor 'ps7_cortexa9_0'.
14:47:10 INFO  : 'configparams force-mem-access 0' command is executed.
14:47:10 INFO  : ----------------XSDB Script----------------
connect -url tcp:127.0.0.1:3121
source E:/tm_Dronfa_xy/TM/CTM.sdk/design_1_wrapper_hw_platform_1/ps7_init.tcl
targets -set -nocase -filter {name =~"APU*" && jtag_cable_name =~ "Digilent JTAG-HS1 210512180081"} -index 0
rst -system
after 3000
targets -set -filter {jtag_cable_name =~ "Digilent JTAG-HS1 210512180081" && level==0} -index 1
fpga -file E:/tm_Dronfa_xy/TM/CTM.sdk/design_1_wrapper_hw_platform_1/design_1_wrapper.bit
targets -set -nocase -filter {name =~"APU*" && jtag_cable_name =~ "Digilent JTAG-HS1 210512180081"} -index 0
loadhw -hw E:/tm_Dronfa_xy/TM/CTM.sdk/design_1_wrapper_hw_platform_1/system.hdf -mem-ranges [list {0x40000000 0xbfffffff}]
configparams force-mem-access 1
targets -set -nocase -filter {name =~"APU*" && jtag_cable_name =~ "Digilent JTAG-HS1 210512180081"} -index 0
ps7_init
ps7_post_config
targets -set -nocase -filter {name =~ "ARM*#0" && jtag_cable_name =~ "Digilent JTAG-HS1 210512180081"} -index 0
dow E:/tm_Dronfa_xy/TM/CTM.sdk/tm_new_test/Debug/tm_new_test.elf
configparams force-mem-access 0
----------------End of Script----------------

14:47:10 INFO  : Memory regions updated for context APU
14:47:10 INFO  : Context for processor 'ps7_cortexa9_0' is selected.
14:47:10 INFO  : 'con' command is executed.
14:47:10 INFO  : ----------------XSDB Script (After Launch)----------------
targets -set -nocase -filter {name =~ "ARM*#0" && jtag_cable_name =~ "Digilent JTAG-HS1 210512180081"} -index 0
con
----------------End of Script----------------

14:47:10 INFO  : Launch script is exported to file 'E:\tm_Dronfa_xy\TM\CTM.sdk\.sdk\launch_scripts\xilinx_c-c++_application_(system_debugger)\system_debugger_using_debug_tm_new_test.elf_on_local.tcl'
15:00:53 INFO  : Disconnected from the channel tcfchan#14.
15:00:54 INFO  : Connected to target on host '127.0.0.1' and port '3121'.
15:00:55 INFO  : Jtag cable 'Digilent JTAG-HS1 210512180081' is selected.
15:00:55 INFO  : 'jtag frequency' command is executed.
15:00:55 INFO  : Sourcing of 'E:/tm_Dronfa_xy/TM/CTM.sdk/design_1_wrapper_hw_platform_1/ps7_init.tcl' is done.
15:00:55 INFO  : Context for 'APU' is selected.
15:00:55 INFO  : System reset is completed.
15:00:58 INFO  : 'after 3000' command is executed.
15:00:58 INFO  : 'targets -set -filter {jtag_cable_name =~ "Digilent JTAG-HS1 210512180081" && level==0} -index 1' command is executed.
15:01:02 INFO  : FPGA configured successfully with bitstream "E:/tm_Dronfa_xy/TM/CTM.sdk/design_1_wrapper_hw_platform_1/design_1_wrapper.bit"
15:01:02 INFO  : Context for 'APU' is selected.
15:01:03 INFO  : Hardware design information is loaded from 'E:/tm_Dronfa_xy/TM/CTM.sdk/design_1_wrapper_hw_platform_1/system.hdf'.
15:01:03 INFO  : 'configparams force-mem-access 1' command is executed.
15:01:03 INFO  : Context for 'APU' is selected.
15:01:03 INFO  : 'ps7_init' command is executed.
15:01:03 INFO  : 'ps7_post_config' command is executed.
15:01:03 INFO  : Context for processor 'ps7_cortexa9_0' is selected.
15:01:04 INFO  : The application 'E:/tm_Dronfa_xy/TM/CTM.sdk/tm_new_test/Debug/tm_new_test.elf' is downloaded to processor 'ps7_cortexa9_0'.
15:01:04 INFO  : 'configparams force-mem-access 0' command is executed.
15:01:04 INFO  : ----------------XSDB Script----------------
connect -url tcp:127.0.0.1:3121
source E:/tm_Dronfa_xy/TM/CTM.sdk/design_1_wrapper_hw_platform_1/ps7_init.tcl
targets -set -nocase -filter {name =~"APU*" && jtag_cable_name =~ "Digilent JTAG-HS1 210512180081"} -index 0
rst -system
after 3000
targets -set -filter {jtag_cable_name =~ "Digilent JTAG-HS1 210512180081" && level==0} -index 1
fpga -file E:/tm_Dronfa_xy/TM/CTM.sdk/design_1_wrapper_hw_platform_1/design_1_wrapper.bit
targets -set -nocase -filter {name =~"APU*" && jtag_cable_name =~ "Digilent JTAG-HS1 210512180081"} -index 0
loadhw -hw E:/tm_Dronfa_xy/TM/CTM.sdk/design_1_wrapper_hw_platform_1/system.hdf -mem-ranges [list {0x40000000 0xbfffffff}]
configparams force-mem-access 1
targets -set -nocase -filter {name =~"APU*" && jtag_cable_name =~ "Digilent JTAG-HS1 210512180081"} -index 0
ps7_init
ps7_post_config
targets -set -nocase -filter {name =~ "ARM*#0" && jtag_cable_name =~ "Digilent JTAG-HS1 210512180081"} -index 0
dow E:/tm_Dronfa_xy/TM/CTM.sdk/tm_new_test/Debug/tm_new_test.elf
configparams force-mem-access 0
----------------End of Script----------------

15:01:04 INFO  : Memory regions updated for context APU
15:01:04 INFO  : Context for processor 'ps7_cortexa9_0' is selected.
15:01:04 INFO  : 'con' command is executed.
15:01:04 INFO  : ----------------XSDB Script (After Launch)----------------
targets -set -nocase -filter {name =~ "ARM*#0" && jtag_cable_name =~ "Digilent JTAG-HS1 210512180081"} -index 0
con
----------------End of Script----------------

15:01:04 INFO  : Launch script is exported to file 'E:\tm_Dronfa_xy\TM\CTM.sdk\.sdk\launch_scripts\xilinx_c-c++_application_(system_debugger)\system_debugger_using_debug_tm_new_test.elf_on_local.tcl'
15:03:25 INFO  : Disconnected from the channel tcfchan#15.
15:03:26 INFO  : Connected to target on host '127.0.0.1' and port '3121'.
15:03:26 INFO  : Jtag cable 'Digilent JTAG-HS1 210512180081' is selected.
15:03:26 INFO  : 'jtag frequency' command is executed.
15:03:26 INFO  : Sourcing of 'E:/tm_Dronfa_xy/TM/CTM.sdk/design_1_wrapper_hw_platform_1/ps7_init.tcl' is done.
15:03:26 INFO  : Context for 'APU' is selected.
15:03:26 INFO  : System reset is completed.
15:03:29 INFO  : 'after 3000' command is executed.
15:03:29 INFO  : 'targets -set -filter {jtag_cable_name =~ "Digilent JTAG-HS1 210512180081" && level==0} -index 1' command is executed.
15:03:33 INFO  : FPGA configured successfully with bitstream "E:/tm_Dronfa_xy/TM/CTM.sdk/design_1_wrapper_hw_platform_1/design_1_wrapper.bit"
15:03:34 INFO  : Context for 'APU' is selected.
15:03:35 INFO  : Hardware design information is loaded from 'E:/tm_Dronfa_xy/TM/CTM.sdk/design_1_wrapper_hw_platform_1/system.hdf'.
15:03:35 INFO  : 'configparams force-mem-access 1' command is executed.
15:03:35 INFO  : Context for 'APU' is selected.
15:03:35 INFO  : 'ps7_init' command is executed.
15:03:35 INFO  : 'ps7_post_config' command is executed.
15:03:35 INFO  : Context for processor 'ps7_cortexa9_0' is selected.
15:03:36 INFO  : The application 'E:/tm_Dronfa_xy/TM/CTM.sdk/tm_new_test/Debug/tm_new_test.elf' is downloaded to processor 'ps7_cortexa9_0'.
15:03:36 INFO  : 'configparams force-mem-access 0' command is executed.
15:03:36 INFO  : ----------------XSDB Script----------------
connect -url tcp:127.0.0.1:3121
source E:/tm_Dronfa_xy/TM/CTM.sdk/design_1_wrapper_hw_platform_1/ps7_init.tcl
targets -set -nocase -filter {name =~"APU*" && jtag_cable_name =~ "Digilent JTAG-HS1 210512180081"} -index 0
rst -system
after 3000
targets -set -filter {jtag_cable_name =~ "Digilent JTAG-HS1 210512180081" && level==0} -index 1
fpga -file E:/tm_Dronfa_xy/TM/CTM.sdk/design_1_wrapper_hw_platform_1/design_1_wrapper.bit
targets -set -nocase -filter {name =~"APU*" && jtag_cable_name =~ "Digilent JTAG-HS1 210512180081"} -index 0
loadhw -hw E:/tm_Dronfa_xy/TM/CTM.sdk/design_1_wrapper_hw_platform_1/system.hdf -mem-ranges [list {0x40000000 0xbfffffff}]
configparams force-mem-access 1
targets -set -nocase -filter {name =~"APU*" && jtag_cable_name =~ "Digilent JTAG-HS1 210512180081"} -index 0
ps7_init
ps7_post_config
targets -set -nocase -filter {name =~ "ARM*#0" && jtag_cable_name =~ "Digilent JTAG-HS1 210512180081"} -index 0
dow E:/tm_Dronfa_xy/TM/CTM.sdk/tm_new_test/Debug/tm_new_test.elf
configparams force-mem-access 0
----------------End of Script----------------

15:03:36 INFO  : Memory regions updated for context APU
15:03:36 INFO  : Context for processor 'ps7_cortexa9_0' is selected.
15:03:36 INFO  : 'con' command is executed.
15:03:36 INFO  : ----------------XSDB Script (After Launch)----------------
targets -set -nocase -filter {name =~ "ARM*#0" && jtag_cable_name =~ "Digilent JTAG-HS1 210512180081"} -index 0
con
----------------End of Script----------------

15:03:36 INFO  : Launch script is exported to file 'E:\tm_Dronfa_xy\TM\CTM.sdk\.sdk\launch_scripts\xilinx_c-c++_application_(system_debugger)\system_debugger_using_debug_tm_new_test.elf_on_local.tcl'
15:04:47 INFO  : Disconnected from the channel tcfchan#16.
15:04:48 INFO  : Connected to target on host '127.0.0.1' and port '3121'.
15:04:48 INFO  : Jtag cable 'Digilent JTAG-HS1 210512180081' is selected.
15:04:48 INFO  : 'jtag frequency' command is executed.
15:04:48 INFO  : Sourcing of 'E:/tm_Dronfa_xy/TM/CTM.sdk/design_1_wrapper_hw_platform_1/ps7_init.tcl' is done.
15:04:48 INFO  : Context for 'APU' is selected.
15:04:49 INFO  : System reset is completed.
15:04:52 INFO  : 'after 3000' command is executed.
15:04:52 INFO  : 'targets -set -filter {jtag_cable_name =~ "Digilent JTAG-HS1 210512180081" && level==0} -index 1' command is executed.
15:04:56 INFO  : FPGA configured successfully with bitstream "E:/tm_Dronfa_xy/TM/CTM.sdk/design_1_wrapper_hw_platform_1/design_1_wrapper.bit"
15:04:56 INFO  : Context for 'APU' is selected.
15:04:57 INFO  : Hardware design information is loaded from 'E:/tm_Dronfa_xy/TM/CTM.sdk/design_1_wrapper_hw_platform_1/system.hdf'.
15:04:57 INFO  : 'configparams force-mem-access 1' command is executed.
15:04:57 INFO  : Context for 'APU' is selected.
15:04:58 INFO  : 'ps7_init' command is executed.
15:04:58 INFO  : 'ps7_post_config' command is executed.
15:04:58 INFO  : Context for processor 'ps7_cortexa9_0' is selected.
15:04:58 INFO  : The application 'E:/tm_Dronfa_xy/TM/CTM.sdk/tm_new_test/Debug/tm_new_test.elf' is downloaded to processor 'ps7_cortexa9_0'.
15:04:58 INFO  : 'configparams force-mem-access 0' command is executed.
15:04:58 INFO  : ----------------XSDB Script----------------
connect -url tcp:127.0.0.1:3121
source E:/tm_Dronfa_xy/TM/CTM.sdk/design_1_wrapper_hw_platform_1/ps7_init.tcl
targets -set -nocase -filter {name =~"APU*" && jtag_cable_name =~ "Digilent JTAG-HS1 210512180081"} -index 0
rst -system
after 3000
targets -set -filter {jtag_cable_name =~ "Digilent JTAG-HS1 210512180081" && level==0} -index 1
fpga -file E:/tm_Dronfa_xy/TM/CTM.sdk/design_1_wrapper_hw_platform_1/design_1_wrapper.bit
targets -set -nocase -filter {name =~"APU*" && jtag_cable_name =~ "Digilent JTAG-HS1 210512180081"} -index 0
loadhw -hw E:/tm_Dronfa_xy/TM/CTM.sdk/design_1_wrapper_hw_platform_1/system.hdf -mem-ranges [list {0x40000000 0xbfffffff}]
configparams force-mem-access 1
targets -set -nocase -filter {name =~"APU*" && jtag_cable_name =~ "Digilent JTAG-HS1 210512180081"} -index 0
ps7_init
ps7_post_config
targets -set -nocase -filter {name =~ "ARM*#0" && jtag_cable_name =~ "Digilent JTAG-HS1 210512180081"} -index 0
dow E:/tm_Dronfa_xy/TM/CTM.sdk/tm_new_test/Debug/tm_new_test.elf
configparams force-mem-access 0
----------------End of Script----------------

15:04:58 INFO  : Memory regions updated for context APU
15:04:58 INFO  : Context for processor 'ps7_cortexa9_0' is selected.
15:04:58 INFO  : 'con' command is executed.
15:04:58 INFO  : ----------------XSDB Script (After Launch)----------------
targets -set -nocase -filter {name =~ "ARM*#0" && jtag_cable_name =~ "Digilent JTAG-HS1 210512180081"} -index 0
con
----------------End of Script----------------

15:04:58 INFO  : Launch script is exported to file 'E:\tm_Dronfa_xy\TM\CTM.sdk\.sdk\launch_scripts\xilinx_c-c++_application_(system_debugger)\system_debugger_using_debug_tm_new_test.elf_on_local.tcl'
15:09:11 INFO  : Disconnected from the channel tcfchan#17.
15:09:12 INFO  : Connected to target on host '127.0.0.1' and port '3121'.
15:09:12 INFO  : Jtag cable 'Digilent JTAG-HS1 210512180081' is selected.
15:09:12 INFO  : 'jtag frequency' command is executed.
15:09:12 INFO  : Sourcing of 'E:/tm_Dronfa_xy/TM/CTM.sdk/design_1_wrapper_hw_platform_1/ps7_init.tcl' is done.
15:09:12 INFO  : Context for 'APU' is selected.
15:09:12 INFO  : System reset is completed.
15:09:15 INFO  : 'after 3000' command is executed.
15:09:15 INFO  : 'targets -set -filter {jtag_cable_name =~ "Digilent JTAG-HS1 210512180081" && level==0} -index 1' command is executed.
15:09:19 INFO  : FPGA configured successfully with bitstream "E:/tm_Dronfa_xy/TM/CTM.sdk/design_1_wrapper_hw_platform_1/design_1_wrapper.bit"
15:09:19 INFO  : Context for 'APU' is selected.
15:09:20 INFO  : Hardware design information is loaded from 'E:/tm_Dronfa_xy/TM/CTM.sdk/design_1_wrapper_hw_platform_1/system.hdf'.
15:09:20 INFO  : 'configparams force-mem-access 1' command is executed.
15:09:20 INFO  : Context for 'APU' is selected.
15:09:21 INFO  : 'ps7_init' command is executed.
15:09:21 INFO  : 'ps7_post_config' command is executed.
15:09:21 INFO  : Context for processor 'ps7_cortexa9_0' is selected.
15:09:21 INFO  : The application 'E:/tm_Dronfa_xy/TM/CTM.sdk/tm_new_test/Debug/tm_new_test.elf' is downloaded to processor 'ps7_cortexa9_0'.
15:09:21 INFO  : 'configparams force-mem-access 0' command is executed.
15:09:21 INFO  : ----------------XSDB Script----------------
connect -url tcp:127.0.0.1:3121
source E:/tm_Dronfa_xy/TM/CTM.sdk/design_1_wrapper_hw_platform_1/ps7_init.tcl
targets -set -nocase -filter {name =~"APU*" && jtag_cable_name =~ "Digilent JTAG-HS1 210512180081"} -index 0
rst -system
after 3000
targets -set -filter {jtag_cable_name =~ "Digilent JTAG-HS1 210512180081" && level==0} -index 1
fpga -file E:/tm_Dronfa_xy/TM/CTM.sdk/design_1_wrapper_hw_platform_1/design_1_wrapper.bit
targets -set -nocase -filter {name =~"APU*" && jtag_cable_name =~ "Digilent JTAG-HS1 210512180081"} -index 0
loadhw -hw E:/tm_Dronfa_xy/TM/CTM.sdk/design_1_wrapper_hw_platform_1/system.hdf -mem-ranges [list {0x40000000 0xbfffffff}]
configparams force-mem-access 1
targets -set -nocase -filter {name =~"APU*" && jtag_cable_name =~ "Digilent JTAG-HS1 210512180081"} -index 0
ps7_init
ps7_post_config
targets -set -nocase -filter {name =~ "ARM*#0" && jtag_cable_name =~ "Digilent JTAG-HS1 210512180081"} -index 0
dow E:/tm_Dronfa_xy/TM/CTM.sdk/tm_new_test/Debug/tm_new_test.elf
configparams force-mem-access 0
----------------End of Script----------------

15:09:21 INFO  : Memory regions updated for context APU
15:09:21 INFO  : Context for processor 'ps7_cortexa9_0' is selected.
15:09:21 INFO  : 'con' command is executed.
15:09:21 INFO  : ----------------XSDB Script (After Launch)----------------
targets -set -nocase -filter {name =~ "ARM*#0" && jtag_cable_name =~ "Digilent JTAG-HS1 210512180081"} -index 0
con
----------------End of Script----------------

15:09:21 INFO  : Launch script is exported to file 'E:\tm_Dronfa_xy\TM\CTM.sdk\.sdk\launch_scripts\xilinx_c-c++_application_(system_debugger)\system_debugger_using_debug_tm_new_test.elf_on_local.tcl'
15:10:27 INFO  : Disconnected from the channel tcfchan#18.
15:10:28 INFO  : Connected to target on host '127.0.0.1' and port '3121'.
15:10:28 INFO  : Jtag cable 'Digilent JTAG-HS1 210512180081' is selected.
15:10:28 INFO  : 'jtag frequency' command is executed.
15:10:28 INFO  : Sourcing of 'E:/tm_Dronfa_xy/TM/CTM.sdk/design_1_wrapper_hw_platform_1/ps7_init.tcl' is done.
15:10:28 INFO  : Context for 'APU' is selected.
15:10:28 INFO  : System reset is completed.
15:10:31 INFO  : 'after 3000' command is executed.
15:10:31 INFO  : 'targets -set -filter {jtag_cable_name =~ "Digilent JTAG-HS1 210512180081" && level==0} -index 1' command is executed.
15:10:35 INFO  : FPGA configured successfully with bitstream "E:/tm_Dronfa_xy/TM/CTM.sdk/design_1_wrapper_hw_platform_1/design_1_wrapper.bit"
15:10:35 INFO  : Context for 'APU' is selected.
15:10:36 INFO  : Hardware design information is loaded from 'E:/tm_Dronfa_xy/TM/CTM.sdk/design_1_wrapper_hw_platform_1/system.hdf'.
15:10:36 INFO  : 'configparams force-mem-access 1' command is executed.
15:10:36 INFO  : Context for 'APU' is selected.
15:10:37 INFO  : 'ps7_init' command is executed.
15:10:37 INFO  : 'ps7_post_config' command is executed.
15:10:37 INFO  : Context for processor 'ps7_cortexa9_0' is selected.
15:10:37 INFO  : The application 'E:/tm_Dronfa_xy/TM/CTM.sdk/tm_new_test/Debug/tm_new_test.elf' is downloaded to processor 'ps7_cortexa9_0'.
15:10:37 INFO  : 'configparams force-mem-access 0' command is executed.
15:10:37 INFO  : ----------------XSDB Script----------------
connect -url tcp:127.0.0.1:3121
source E:/tm_Dronfa_xy/TM/CTM.sdk/design_1_wrapper_hw_platform_1/ps7_init.tcl
targets -set -nocase -filter {name =~"APU*" && jtag_cable_name =~ "Digilent JTAG-HS1 210512180081"} -index 0
rst -system
after 3000
targets -set -filter {jtag_cable_name =~ "Digilent JTAG-HS1 210512180081" && level==0} -index 1
fpga -file E:/tm_Dronfa_xy/TM/CTM.sdk/design_1_wrapper_hw_platform_1/design_1_wrapper.bit
targets -set -nocase -filter {name =~"APU*" && jtag_cable_name =~ "Digilent JTAG-HS1 210512180081"} -index 0
loadhw -hw E:/tm_Dronfa_xy/TM/CTM.sdk/design_1_wrapper_hw_platform_1/system.hdf -mem-ranges [list {0x40000000 0xbfffffff}]
configparams force-mem-access 1
targets -set -nocase -filter {name =~"APU*" && jtag_cable_name =~ "Digilent JTAG-HS1 210512180081"} -index 0
ps7_init
ps7_post_config
targets -set -nocase -filter {name =~ "ARM*#0" && jtag_cable_name =~ "Digilent JTAG-HS1 210512180081"} -index 0
dow E:/tm_Dronfa_xy/TM/CTM.sdk/tm_new_test/Debug/tm_new_test.elf
configparams force-mem-access 0
----------------End of Script----------------

15:10:37 INFO  : Memory regions updated for context APU
15:10:37 INFO  : Context for processor 'ps7_cortexa9_0' is selected.
15:10:37 INFO  : 'con' command is executed.
15:10:37 INFO  : ----------------XSDB Script (After Launch)----------------
targets -set -nocase -filter {name =~ "ARM*#0" && jtag_cable_name =~ "Digilent JTAG-HS1 210512180081"} -index 0
con
----------------End of Script----------------

15:10:37 INFO  : Launch script is exported to file 'E:\tm_Dronfa_xy\TM\CTM.sdk\.sdk\launch_scripts\xilinx_c-c++_application_(system_debugger)\system_debugger_using_debug_tm_new_test.elf_on_local.tcl'
16:21:08 INFO  : Connected to target on host '127.0.0.1' and port '3121'.
16:21:08 INFO  : 'targets -set -filter {jtag_cable_name =~ "Digilent JTAG-HS1 210512180081" && level==0} -index 1' command is executed.
16:21:11 INFO  : FPGA configured successfully with bitstream "E:/tm_Dronfa_xy/TM/CTM.runs/impl_1/design_1_wrapper.bit"
16:21:21 INFO  : Disconnected from the channel tcfchan#19.
16:21:22 INFO  : Connected to target on host '127.0.0.1' and port '3121'.
16:21:22 INFO  : Jtag cable 'Digilent JTAG-HS1 210512180081' is selected.
16:21:22 INFO  : 'jtag frequency' command is executed.
16:21:22 INFO  : Sourcing of 'E:/tm_Dronfa_xy/TM/CTM.sdk/design_1_wrapper_hw_platform_1/ps7_init.tcl' is done.
16:21:23 INFO  : Context for 'APU' is selected.
16:21:23 INFO  : System reset is completed.
16:21:26 INFO  : 'after 3000' command is executed.
16:21:26 INFO  : 'targets -set -filter {jtag_cable_name =~ "Digilent JTAG-HS1 210512180081" && level==0} -index 1' command is executed.
16:21:29 INFO  : FPGA configured successfully with bitstream "E:/tm_Dronfa_xy/TM/CTM.sdk/design_1_wrapper_hw_platform_1/design_1_wrapper.bit"
16:21:29 INFO  : Context for 'APU' is selected.
16:21:30 INFO  : Hardware design information is loaded from 'E:/tm_Dronfa_xy/TM/CTM.sdk/design_1_wrapper_hw_platform_1/system.hdf'.
16:21:30 INFO  : 'configparams force-mem-access 1' command is executed.
16:21:30 INFO  : Context for 'APU' is selected.
16:21:31 INFO  : 'ps7_init' command is executed.
16:21:31 INFO  : 'ps7_post_config' command is executed.
16:21:31 INFO  : Context for processor 'ps7_cortexa9_0' is selected.
16:21:31 INFO  : The application 'E:/tm_Dronfa_xy/TM/CTM.sdk/tm_new_test/Debug/tm_new_test.elf' is downloaded to processor 'ps7_cortexa9_0'.
16:21:31 INFO  : 'configparams force-mem-access 0' command is executed.
16:21:31 INFO  : ----------------XSDB Script----------------
connect -url tcp:127.0.0.1:3121
source E:/tm_Dronfa_xy/TM/CTM.sdk/design_1_wrapper_hw_platform_1/ps7_init.tcl
targets -set -nocase -filter {name =~"APU*" && jtag_cable_name =~ "Digilent JTAG-HS1 210512180081"} -index 0
rst -system
after 3000
targets -set -filter {jtag_cable_name =~ "Digilent JTAG-HS1 210512180081" && level==0} -index 1
fpga -file E:/tm_Dronfa_xy/TM/CTM.sdk/design_1_wrapper_hw_platform_1/design_1_wrapper.bit
targets -set -nocase -filter {name =~"APU*" && jtag_cable_name =~ "Digilent JTAG-HS1 210512180081"} -index 0
loadhw -hw E:/tm_Dronfa_xy/TM/CTM.sdk/design_1_wrapper_hw_platform_1/system.hdf -mem-ranges [list {0x40000000 0xbfffffff}]
configparams force-mem-access 1
targets -set -nocase -filter {name =~"APU*" && jtag_cable_name =~ "Digilent JTAG-HS1 210512180081"} -index 0
ps7_init
ps7_post_config
targets -set -nocase -filter {name =~ "ARM*#0" && jtag_cable_name =~ "Digilent JTAG-HS1 210512180081"} -index 0
dow E:/tm_Dronfa_xy/TM/CTM.sdk/tm_new_test/Debug/tm_new_test.elf
configparams force-mem-access 0
----------------End of Script----------------

16:21:31 INFO  : Memory regions updated for context APU
16:21:31 INFO  : Context for processor 'ps7_cortexa9_0' is selected.
16:21:31 INFO  : 'con' command is executed.
16:21:31 INFO  : ----------------XSDB Script (After Launch)----------------
targets -set -nocase -filter {name =~ "ARM*#0" && jtag_cable_name =~ "Digilent JTAG-HS1 210512180081"} -index 0
con
----------------End of Script----------------

16:21:31 INFO  : Launch script is exported to file 'E:\tm_Dronfa_xy\TM\CTM.sdk\.sdk\launch_scripts\xilinx_c-c++_application_(system_debugger)\system_debugger_using_debug_tm_new_test.elf_on_local.tcl'
16:23:10 INFO  : Disconnected from the channel tcfchan#20.
16:23:11 INFO  : Connected to target on host '127.0.0.1' and port '3121'.
16:23:11 INFO  : Jtag cable 'Digilent JTAG-HS1 210512180081' is selected.
16:23:11 INFO  : 'jtag frequency' command is executed.
16:23:11 INFO  : Sourcing of 'E:/tm_Dronfa_xy/TM/CTM.sdk/design_1_wrapper_hw_platform_1/ps7_init.tcl' is done.
16:23:11 INFO  : Context for 'APU' is selected.
16:23:11 INFO  : System reset is completed.
16:23:14 INFO  : 'after 3000' command is executed.
16:23:14 INFO  : 'targets -set -filter {jtag_cable_name =~ "Digilent JTAG-HS1 210512180081" && level==0} -index 1' command is executed.
16:23:17 INFO  : FPGA configured successfully with bitstream "E:/tm_Dronfa_xy/TM/CTM.sdk/design_1_wrapper_hw_platform_1/design_1_wrapper.bit"
16:23:17 INFO  : Context for 'APU' is selected.
16:23:18 INFO  : Hardware design information is loaded from 'E:/tm_Dronfa_xy/TM/CTM.sdk/design_1_wrapper_hw_platform_1/system.hdf'.
16:23:18 INFO  : 'configparams force-mem-access 1' command is executed.
16:23:18 INFO  : Context for 'APU' is selected.
16:23:19 INFO  : 'ps7_init' command is executed.
16:23:19 INFO  : 'ps7_post_config' command is executed.
16:23:19 INFO  : Context for processor 'ps7_cortexa9_0' is selected.
16:23:19 INFO  : The application 'E:/tm_Dronfa_xy/TM/CTM.sdk/tm_new_test/Debug/tm_new_test.elf' is downloaded to processor 'ps7_cortexa9_0'.
16:23:19 INFO  : 'configparams force-mem-access 0' command is executed.
16:23:19 INFO  : ----------------XSDB Script----------------
connect -url tcp:127.0.0.1:3121
source E:/tm_Dronfa_xy/TM/CTM.sdk/design_1_wrapper_hw_platform_1/ps7_init.tcl
targets -set -nocase -filter {name =~"APU*" && jtag_cable_name =~ "Digilent JTAG-HS1 210512180081"} -index 0
rst -system
after 3000
targets -set -filter {jtag_cable_name =~ "Digilent JTAG-HS1 210512180081" && level==0} -index 1
fpga -file E:/tm_Dronfa_xy/TM/CTM.sdk/design_1_wrapper_hw_platform_1/design_1_wrapper.bit
targets -set -nocase -filter {name =~"APU*" && jtag_cable_name =~ "Digilent JTAG-HS1 210512180081"} -index 0
loadhw -hw E:/tm_Dronfa_xy/TM/CTM.sdk/design_1_wrapper_hw_platform_1/system.hdf -mem-ranges [list {0x40000000 0xbfffffff}]
configparams force-mem-access 1
targets -set -nocase -filter {name =~"APU*" && jtag_cable_name =~ "Digilent JTAG-HS1 210512180081"} -index 0
ps7_init
ps7_post_config
targets -set -nocase -filter {name =~ "ARM*#0" && jtag_cable_name =~ "Digilent JTAG-HS1 210512180081"} -index 0
dow E:/tm_Dronfa_xy/TM/CTM.sdk/tm_new_test/Debug/tm_new_test.elf
configparams force-mem-access 0
----------------End of Script----------------

16:23:19 INFO  : Memory regions updated for context APU
16:23:19 INFO  : Context for processor 'ps7_cortexa9_0' is selected.
16:23:19 INFO  : 'con' command is executed.
16:23:19 INFO  : ----------------XSDB Script (After Launch)----------------
targets -set -nocase -filter {name =~ "ARM*#0" && jtag_cable_name =~ "Digilent JTAG-HS1 210512180081"} -index 0
con
----------------End of Script----------------

16:23:19 INFO  : Launch script is exported to file 'E:\tm_Dronfa_xy\TM\CTM.sdk\.sdk\launch_scripts\xilinx_c-c++_application_(system_debugger)\system_debugger_using_debug_tm_new_test.elf_on_local.tcl'
16:24:48 INFO  : Disconnected from the channel tcfchan#21.
22:20:39 INFO  : Registering command handlers for SDK TCF services
22:20:41 INFO  : Launching XSCT server: xsct.bat -interactive E:\tm_Dronfa_xy\TM\CTM.sdk\temp_xsdb_launch_script.tcl
22:20:44 INFO  : XSCT server has started successfully.
22:20:47 INFO  : Successfully done setting XSCT server connection channel  
22:20:47 INFO  : Successfully done setting SDK workspace  
22:20:47 INFO  : Processing command line option -hwspec E:/tm_Dronfa_xy/TM/CTM.sdk/design_1_wrapper.hdf.
22:20:48 INFO  : Checking for hwspec changes in the project design_1_wrapper_hw_platform_1.
22:23:57 INFO  : Connected to target on host '127.0.0.1' and port '3121'.
22:23:58 INFO  : 'targets -set -filter {jtag_cable_name =~ "Digilent JTAG-HS1 210512180081" && level==0} -index 1' command is executed.
22:24:01 INFO  : FPGA configured successfully with bitstream "E:/tm_Dronfa_xy/TM/CTM.runs/impl_1/design_1_wrapper.bit"
22:24:09 INFO  : Connected to target on host '127.0.0.1' and port '3121'.
22:24:09 INFO  : Jtag cable 'Digilent JTAG-HS1 210512180081' is selected.
22:24:09 INFO  : 'jtag frequency' command is executed.
22:24:09 INFO  : Sourcing of 'E:/tm_Dronfa_xy/TM/CTM.sdk/design_1_wrapper_hw_platform_1/ps7_init.tcl' is done.
22:24:09 INFO  : Context for 'APU' is selected.
22:24:10 INFO  : System reset is completed.
22:24:13 INFO  : 'after 3000' command is executed.
22:24:13 INFO  : 'targets -set -filter {jtag_cable_name =~ "Digilent JTAG-HS1 210512180081" && level==0} -index 1' command is executed.
22:24:16 INFO  : FPGA configured successfully with bitstream "E:/tm_Dronfa_xy/TM/CTM.sdk/design_1_wrapper_hw_platform_1/design_1_wrapper.bit"
22:24:16 INFO  : Context for 'APU' is selected.
22:24:16 INFO  : Hardware design information is loaded from 'E:/tm_Dronfa_xy/TM/CTM.sdk/design_1_wrapper_hw_platform_1/system.hdf'.
22:24:16 INFO  : 'configparams force-mem-access 1' command is executed.
22:24:16 INFO  : Context for 'APU' is selected.
22:24:16 INFO  : 'ps7_init' command is executed.
22:24:16 INFO  : 'ps7_post_config' command is executed.
22:24:17 INFO  : Context for processor 'ps7_cortexa9_0' is selected.
22:24:17 INFO  : The application 'E:/tm_Dronfa_xy/TM/CTM.sdk/tm_new_test/Debug/tm_new_test.elf' is downloaded to processor 'ps7_cortexa9_0'.
22:24:17 INFO  : 'configparams force-mem-access 0' command is executed.
22:24:17 INFO  : ----------------XSDB Script----------------
connect -url tcp:127.0.0.1:3121
source E:/tm_Dronfa_xy/TM/CTM.sdk/design_1_wrapper_hw_platform_1/ps7_init.tcl
targets -set -nocase -filter {name =~"APU*" && jtag_cable_name =~ "Digilent JTAG-HS1 210512180081"} -index 0
rst -system
after 3000
targets -set -filter {jtag_cable_name =~ "Digilent JTAG-HS1 210512180081" && level==0} -index 1
fpga -file E:/tm_Dronfa_xy/TM/CTM.sdk/design_1_wrapper_hw_platform_1/design_1_wrapper.bit
targets -set -nocase -filter {name =~"APU*" && jtag_cable_name =~ "Digilent JTAG-HS1 210512180081"} -index 0
loadhw -hw E:/tm_Dronfa_xy/TM/CTM.sdk/design_1_wrapper_hw_platform_1/system.hdf -mem-ranges [list {0x40000000 0xbfffffff}]
configparams force-mem-access 1
targets -set -nocase -filter {name =~"APU*" && jtag_cable_name =~ "Digilent JTAG-HS1 210512180081"} -index 0
ps7_init
ps7_post_config
targets -set -nocase -filter {name =~ "ARM*#0" && jtag_cable_name =~ "Digilent JTAG-HS1 210512180081"} -index 0
dow E:/tm_Dronfa_xy/TM/CTM.sdk/tm_new_test/Debug/tm_new_test.elf
configparams force-mem-access 0
----------------End of Script----------------

22:24:17 INFO  : Memory regions updated for context APU
22:24:17 INFO  : Context for processor 'ps7_cortexa9_0' is selected.
22:24:17 INFO  : 'con' command is executed.
22:24:17 INFO  : ----------------XSDB Script (After Launch)----------------
targets -set -nocase -filter {name =~ "ARM*#0" && jtag_cable_name =~ "Digilent JTAG-HS1 210512180081"} -index 0
con
----------------End of Script----------------

22:24:17 INFO  : Launch script is exported to file 'E:\tm_Dronfa_xy\TM\CTM.sdk\.sdk\launch_scripts\xilinx_c-c++_application_(system_debugger)\system_debugger_using_debug_tm_new_test.elf_on_local.tcl'
22:27:40 INFO  : Disconnected from the channel tcfchan#1.
22:27:41 INFO  : Connected to target on host '127.0.0.1' and port '3121'.
22:27:41 INFO  : Jtag cable 'Digilent JTAG-HS1 210512180081' is selected.
22:27:41 INFO  : 'jtag frequency' command is executed.
22:27:41 INFO  : Sourcing of 'E:/tm_Dronfa_xy/TM/CTM.sdk/design_1_wrapper_hw_platform_1/ps7_init.tcl' is done.
22:27:41 INFO  : Context for 'APU' is selected.
22:27:41 INFO  : System reset is completed.
22:27:44 INFO  : 'after 3000' command is executed.
22:27:44 INFO  : 'targets -set -filter {jtag_cable_name =~ "Digilent JTAG-HS1 210512180081" && level==0} -index 1' command is executed.
22:27:48 INFO  : FPGA configured successfully with bitstream "E:/tm_Dronfa_xy/TM/CTM.sdk/design_1_wrapper_hw_platform_1/design_1_wrapper.bit"
22:27:48 INFO  : Context for 'APU' is selected.
22:27:49 INFO  : Hardware design information is loaded from 'E:/tm_Dronfa_xy/TM/CTM.sdk/design_1_wrapper_hw_platform_1/system.hdf'.
22:27:49 INFO  : 'configparams force-mem-access 1' command is executed.
22:27:49 INFO  : Context for 'APU' is selected.
22:27:49 INFO  : 'ps7_init' command is executed.
22:27:49 INFO  : 'ps7_post_config' command is executed.
22:27:49 INFO  : Context for processor 'ps7_cortexa9_0' is selected.
22:27:49 INFO  : The application 'E:/tm_Dronfa_xy/TM/CTM.sdk/tm_new_test/Debug/tm_new_test.elf' is downloaded to processor 'ps7_cortexa9_0'.
22:27:49 INFO  : 'configparams force-mem-access 0' command is executed.
22:27:49 INFO  : ----------------XSDB Script----------------
connect -url tcp:127.0.0.1:3121
source E:/tm_Dronfa_xy/TM/CTM.sdk/design_1_wrapper_hw_platform_1/ps7_init.tcl
targets -set -nocase -filter {name =~"APU*" && jtag_cable_name =~ "Digilent JTAG-HS1 210512180081"} -index 0
rst -system
after 3000
targets -set -filter {jtag_cable_name =~ "Digilent JTAG-HS1 210512180081" && level==0} -index 1
fpga -file E:/tm_Dronfa_xy/TM/CTM.sdk/design_1_wrapper_hw_platform_1/design_1_wrapper.bit
targets -set -nocase -filter {name =~"APU*" && jtag_cable_name =~ "Digilent JTAG-HS1 210512180081"} -index 0
loadhw -hw E:/tm_Dronfa_xy/TM/CTM.sdk/design_1_wrapper_hw_platform_1/system.hdf -mem-ranges [list {0x40000000 0xbfffffff}]
configparams force-mem-access 1
targets -set -nocase -filter {name =~"APU*" && jtag_cable_name =~ "Digilent JTAG-HS1 210512180081"} -index 0
ps7_init
ps7_post_config
targets -set -nocase -filter {name =~ "ARM*#0" && jtag_cable_name =~ "Digilent JTAG-HS1 210512180081"} -index 0
dow E:/tm_Dronfa_xy/TM/CTM.sdk/tm_new_test/Debug/tm_new_test.elf
configparams force-mem-access 0
----------------End of Script----------------

22:27:49 INFO  : Memory regions updated for context APU
22:27:49 INFO  : Context for processor 'ps7_cortexa9_0' is selected.
22:27:49 INFO  : 'con' command is executed.
22:27:49 INFO  : ----------------XSDB Script (After Launch)----------------
targets -set -nocase -filter {name =~ "ARM*#0" && jtag_cable_name =~ "Digilent JTAG-HS1 210512180081"} -index 0
con
----------------End of Script----------------

22:27:49 INFO  : Launch script is exported to file 'E:\tm_Dronfa_xy\TM\CTM.sdk\.sdk\launch_scripts\xilinx_c-c++_application_(system_debugger)\system_debugger_using_debug_tm_new_test.elf_on_local.tcl'
22:28:58 INFO  : Disconnected from the channel tcfchan#2.
13:03:00 INFO  : Registering command handlers for SDK TCF services
13:03:02 INFO  : Launching XSCT server: xsct.bat -interactive E:\tm_Dronfa_xy\TM\CTM.sdk\temp_xsdb_launch_script.tcl
13:03:05 INFO  : XSCT server has started successfully.
13:03:09 INFO  : Successfully done setting XSCT server connection channel  
13:03:09 INFO  : Successfully done setting SDK workspace  
13:03:09 INFO  : Processing command line option -hwspec E:/tm_Dronfa_xy/TM/CTM.sdk/design_1_wrapper.hdf.
13:03:09 INFO  : Checking for hwspec changes in the project design_1_wrapper_hw_platform_1.
13:03:13 INFO  : SDK has detected change in the last modified timestamps for source hardware specification file Source:1777957165202,  Project:1775981215238
13:03:13 INFO  : The hardware specification for project 'design_1_wrapper_hw_platform_1' is different from E:/tm_Dronfa_xy/TM/CTM.sdk/design_1_wrapper.hdf.
13:03:13 INFO  : Copied contents of E:/tm_Dronfa_xy/TM/CTM.sdk/design_1_wrapper.hdf into \design_1_wrapper_hw_platform_1\system.hdf.
13:03:14 INFO  : Synchronizing projects in the workspace with the hardware platform specification changes.
13:03:17 INFO  : 
13:03:18 INFO  : Updating hardware inferred compiler options for tm_new_test.
13:03:18 INFO  : Clearing existing target manager status.
13:08:08 INFO  : Connected to target on host '127.0.0.1' and port '3121'.
13:08:08 INFO  : 'targets -set -filter {jtag_cable_name =~ "Digilent JTAG-HS1 210512180081" && level==0} -index 1' command is executed.
13:08:11 INFO  : FPGA configured successfully with bitstream "E:/tm_Dronfa_xy/TM/CTM.runs/impl_1/design_1_wrapper.bit"
13:08:22 INFO  : Connected to target on host '127.0.0.1' and port '3121'.
13:08:23 INFO  : Jtag cable 'Digilent JTAG-HS1 210512180081' is selected.
13:08:23 INFO  : 'jtag frequency' command is executed.
13:08:23 INFO  : Sourcing of 'E:/tm_Dronfa_xy/TM/CTM.sdk/design_1_wrapper_hw_platform_1/ps7_init.tcl' is done.
13:08:23 INFO  : Context for 'APU' is selected.
13:08:23 INFO  : System reset is completed.
13:08:26 INFO  : 'after 3000' command is executed.
13:08:26 INFO  : 'targets -set -filter {jtag_cable_name =~ "Digilent JTAG-HS1 210512180081" && level==0} -index 1' command is executed.
13:08:29 INFO  : FPGA configured successfully with bitstream "E:/tm_Dronfa_xy/TM/CTM.sdk/design_1_wrapper_hw_platform_1/design_1_wrapper.bit"
13:08:29 INFO  : Context for 'APU' is selected.
13:08:29 INFO  : Hardware design information is loaded from 'E:/tm_Dronfa_xy/TM/CTM.sdk/design_1_wrapper_hw_platform_1/system.hdf'.
13:08:29 INFO  : 'configparams force-mem-access 1' command is executed.
13:08:29 INFO  : Context for 'APU' is selected.
13:08:30 INFO  : 'ps7_init' command is executed.
13:08:30 INFO  : 'ps7_post_config' command is executed.
13:08:30 INFO  : Context for processor 'ps7_cortexa9_0' is selected.
13:08:30 INFO  : The application 'E:/tm_Dronfa_xy/TM/CTM.sdk/tm_new_test/Debug/tm_new_test.elf' is downloaded to processor 'ps7_cortexa9_0'.
13:08:30 INFO  : 'configparams force-mem-access 0' command is executed.
13:08:30 INFO  : ----------------XSDB Script----------------
connect -url tcp:127.0.0.1:3121
source E:/tm_Dronfa_xy/TM/CTM.sdk/design_1_wrapper_hw_platform_1/ps7_init.tcl
targets -set -nocase -filter {name =~"APU*" && jtag_cable_name =~ "Digilent JTAG-HS1 210512180081"} -index 0
rst -system
after 3000
targets -set -filter {jtag_cable_name =~ "Digilent JTAG-HS1 210512180081" && level==0} -index 1
fpga -file E:/tm_Dronfa_xy/TM/CTM.sdk/design_1_wrapper_hw_platform_1/design_1_wrapper.bit
targets -set -nocase -filter {name =~"APU*" && jtag_cable_name =~ "Digilent JTAG-HS1 210512180081"} -index 0
loadhw -hw E:/tm_Dronfa_xy/TM/CTM.sdk/design_1_wrapper_hw_platform_1/system.hdf -mem-ranges [list {0x40000000 0xbfffffff}]
configparams force-mem-access 1
targets -set -nocase -filter {name =~"APU*" && jtag_cable_name =~ "Digilent JTAG-HS1 210512180081"} -index 0
ps7_init
ps7_post_config
targets -set -nocase -filter {name =~ "ARM*#0" && jtag_cable_name =~ "Digilent JTAG-HS1 210512180081"} -index 0
dow E:/tm_Dronfa_xy/TM/CTM.sdk/tm_new_test/Debug/tm_new_test.elf
configparams force-mem-access 0
----------------End of Script----------------

13:08:30 INFO  : Memory regions updated for context APU
13:08:30 INFO  : Context for processor 'ps7_cortexa9_0' is selected.
13:08:30 INFO  : 'con' command is executed.
13:08:30 INFO  : ----------------XSDB Script (After Launch)----------------
targets -set -nocase -filter {name =~ "ARM*#0" && jtag_cable_name =~ "Digilent JTAG-HS1 210512180081"} -index 0
con
----------------End of Script----------------

13:08:30 INFO  : Launch script is exported to file 'E:\tm_Dronfa_xy\TM\CTM.sdk\.sdk\launch_scripts\xilinx_c-c++_application_(system_debugger)\system_debugger_using_debug_tm_new_test.elf_on_local.tcl'
13:11:32 INFO  : Disconnected from the channel tcfchan#1.
14:57:19 INFO  : Registering command handlers for SDK TCF services
14:57:20 INFO  : Launching XSCT server: xsct.bat -interactive E:\tm_Dronfa_xy\TM\CTM.sdk\temp_xsdb_launch_script.tcl
14:57:23 INFO  : XSCT server has started successfully.
14:57:28 INFO  : Successfully done setting XSCT server connection channel  
14:57:28 INFO  : Successfully done setting SDK workspace  
14:57:28 INFO  : Processing command line option -hwspec E:/tm_Dronfa_xy/TM/CTM.sdk/design_1_wrapper.hdf.
14:57:28 INFO  : Checking for hwspec changes in the project design_1_wrapper_hw_platform_1.
14:57:32 INFO  : SDK has detected change in the last modified timestamps for source hardware specification file Source:1778136945301,  Project:1777957165202
14:57:32 INFO  : The hardware specification for project 'design_1_wrapper_hw_platform_1' is different from E:/tm_Dronfa_xy/TM/CTM.sdk/design_1_wrapper.hdf.
14:57:32 INFO  : Copied contents of E:/tm_Dronfa_xy/TM/CTM.sdk/design_1_wrapper.hdf into \design_1_wrapper_hw_platform_1\system.hdf.
14:57:33 INFO  : Synchronizing projects in the workspace with the hardware platform specification changes.
14:57:36 INFO  : 
14:57:37 INFO  : Updating hardware inferred compiler options for tm_new_test.
14:57:37 INFO  : Clearing existing target manager status.
15:00:06 INFO  : Connected to target on host '127.0.0.1' and port '3121'.
15:00:07 INFO  : Jtag cable 'Digilent JTAG-HS1 210512180081' is selected.
15:00:07 INFO  : 'jtag frequency' command is executed.
15:00:07 INFO  : Sourcing of 'E:/tm_Dronfa_xy/TM/CTM.sdk/design_1_wrapper_hw_platform_1/ps7_init.tcl' is done.
15:00:07 INFO  : Context for 'APU' is selected.
15:00:07 INFO  : System reset is completed.
15:00:10 INFO  : 'after 3000' command is executed.
15:00:10 INFO  : 'targets -set -filter {jtag_cable_name =~ "Digilent JTAG-HS1 210512180081" && level==0} -index 1' command is executed.
15:00:14 INFO  : FPGA configured successfully with bitstream "E:/tm_Dronfa_xy/TM/CTM.sdk/design_1_wrapper_hw_platform_1/design_1_wrapper.bit"
15:00:14 INFO  : Context for 'APU' is selected.
15:00:14 INFO  : Hardware design information is loaded from 'E:/tm_Dronfa_xy/TM/CTM.sdk/design_1_wrapper_hw_platform_1/system.hdf'.
15:00:14 INFO  : 'configparams force-mem-access 1' command is executed.
15:00:14 INFO  : Context for 'APU' is selected.
15:00:14 INFO  : 'ps7_init' command is executed.
15:00:14 INFO  : 'ps7_post_config' command is executed.
15:00:14 INFO  : Context for processor 'ps7_cortexa9_0' is selected.
15:00:14 INFO  : The application 'E:/tm_Dronfa_xy/TM/CTM.sdk/tm_new_test/Debug/tm_new_test.elf' is downloaded to processor 'ps7_cortexa9_0'.
15:00:14 INFO  : 'configparams force-mem-access 0' command is executed.
15:00:14 INFO  : ----------------XSDB Script----------------
connect -url tcp:127.0.0.1:3121
source E:/tm_Dronfa_xy/TM/CTM.sdk/design_1_wrapper_hw_platform_1/ps7_init.tcl
targets -set -nocase -filter {name =~"APU*" && jtag_cable_name =~ "Digilent JTAG-HS1 210512180081"} -index 0
rst -system
after 3000
targets -set -filter {jtag_cable_name =~ "Digilent JTAG-HS1 210512180081" && level==0} -index 1
fpga -file E:/tm_Dronfa_xy/TM/CTM.sdk/design_1_wrapper_hw_platform_1/design_1_wrapper.bit
targets -set -nocase -filter {name =~"APU*" && jtag_cable_name =~ "Digilent JTAG-HS1 210512180081"} -index 0
loadhw -hw E:/tm_Dronfa_xy/TM/CTM.sdk/design_1_wrapper_hw_platform_1/system.hdf -mem-ranges [list {0x40000000 0xbfffffff}]
configparams force-mem-access 1
targets -set -nocase -filter {name =~"APU*" && jtag_cable_name =~ "Digilent JTAG-HS1 210512180081"} -index 0
ps7_init
ps7_post_config
targets -set -nocase -filter {name =~ "ARM*#0" && jtag_cable_name =~ "Digilent JTAG-HS1 210512180081"} -index 0
dow E:/tm_Dronfa_xy/TM/CTM.sdk/tm_new_test/Debug/tm_new_test.elf
configparams force-mem-access 0
----------------End of Script----------------

15:00:14 INFO  : Memory regions updated for context APU
15:00:14 INFO  : Context for processor 'ps7_cortexa9_0' is selected.
15:00:14 INFO  : 'con' command is executed.
15:00:14 INFO  : ----------------XSDB Script (After Launch)----------------
targets -set -nocase -filter {name =~ "ARM*#0" && jtag_cable_name =~ "Digilent JTAG-HS1 210512180081"} -index 0
con
----------------End of Script----------------

15:00:14 INFO  : Launch script is exported to file 'E:\tm_Dronfa_xy\TM\CTM.sdk\.sdk\launch_scripts\xilinx_c-c++_application_(system_debugger)\system_debugger_using_debug_tm_new_test.elf_on_local.tcl'
16:20:42 INFO  : Disconnected from the channel tcfchan#1.
20:09:38 INFO  : Registering command handlers for SDK TCF services
20:09:40 INFO  : Launching XSCT server: xsct.bat -interactive E:\tm_Dronfa_xy\TM\CTM.sdk\temp_xsdb_launch_script.tcl
20:09:43 INFO  : XSCT server has started successfully.
20:09:46 INFO  : Successfully done setting XSCT server connection channel  
20:09:46 INFO  : Processing command line option -hwspec E:/tm_Dronfa_xy/TM/CTM.sdk/design_1_wrapper.hdf.
20:09:50 INFO  : Successfully done setting SDK workspace  
20:09:50 INFO  : Checking for hwspec changes in the project design_1_wrapper_hw_platform_1.
20:09:56 INFO  : Connected to target on host '127.0.0.1' and port '3121'.
20:09:56 INFO  : 'targets -set -filter {jtag_cable_name =~ "Digilent JTAG-HS1 210512180081" && level==0} -index 1' command is executed.
20:10:00 INFO  : FPGA configured successfully with bitstream "E:/tm_Dronfa_xy/TM/CTM.runs/impl_1/design_1_wrapper.bit"
20:10:26 INFO  : Connected to target on host '127.0.0.1' and port '3121'.
20:10:26 INFO  : Jtag cable 'Digilent JTAG-HS1 210512180081' is selected.
20:10:26 INFO  : 'jtag frequency' command is executed.
20:10:26 INFO  : Sourcing of 'E:/tm_Dronfa_xy/TM/CTM.sdk/design_1_wrapper_hw_platform_1/ps7_init.tcl' is done.
20:10:26 INFO  : Context for 'APU' is selected.
20:10:26 INFO  : System reset is completed.
20:10:29 INFO  : 'after 3000' command is executed.
20:10:29 INFO  : 'targets -set -filter {jtag_cable_name =~ "Digilent JTAG-HS1 210512180081" && level==0} -index 1' command is executed.
20:10:33 INFO  : FPGA configured successfully with bitstream "E:/tm_Dronfa_xy/TM/CTM.sdk/design_1_wrapper_hw_platform_1/design_1_wrapper.bit"
20:10:33 INFO  : Context for 'APU' is selected.
20:10:33 INFO  : Hardware design information is loaded from 'E:/tm_Dronfa_xy/TM/CTM.sdk/design_1_wrapper_hw_platform_1/system.hdf'.
20:10:33 INFO  : 'configparams force-mem-access 1' command is executed.
20:10:33 INFO  : Context for 'APU' is selected.
20:10:33 INFO  : 'ps7_init' command is executed.
20:10:33 INFO  : 'ps7_post_config' command is executed.
20:10:33 INFO  : Context for processor 'ps7_cortexa9_0' is selected.
20:10:33 INFO  : The application 'E:/tm_Dronfa_xy/TM/CTM.sdk/tm_new_test/Debug/tm_new_test.elf' is downloaded to processor 'ps7_cortexa9_0'.
20:10:33 INFO  : 'configparams force-mem-access 0' command is executed.
20:10:33 INFO  : ----------------XSDB Script----------------
connect -url tcp:127.0.0.1:3121
source E:/tm_Dronfa_xy/TM/CTM.sdk/design_1_wrapper_hw_platform_1/ps7_init.tcl
targets -set -nocase -filter {name =~"APU*" && jtag_cable_name =~ "Digilent JTAG-HS1 210512180081"} -index 0
rst -system
after 3000
targets -set -filter {jtag_cable_name =~ "Digilent JTAG-HS1 210512180081" && level==0} -index 1
fpga -file E:/tm_Dronfa_xy/TM/CTM.sdk/design_1_wrapper_hw_platform_1/design_1_wrapper.bit
targets -set -nocase -filter {name =~"APU*" && jtag_cable_name =~ "Digilent JTAG-HS1 210512180081"} -index 0
loadhw -hw E:/tm_Dronfa_xy/TM/CTM.sdk/design_1_wrapper_hw_platform_1/system.hdf -mem-ranges [list {0x40000000 0xbfffffff}]
configparams force-mem-access 1
targets -set -nocase -filter {name =~"APU*" && jtag_cable_name =~ "Digilent JTAG-HS1 210512180081"} -index 0
ps7_init
ps7_post_config
targets -set -nocase -filter {name =~ "ARM*#0" && jtag_cable_name =~ "Digilent JTAG-HS1 210512180081"} -index 0
dow E:/tm_Dronfa_xy/TM/CTM.sdk/tm_new_test/Debug/tm_new_test.elf
configparams force-mem-access 0
----------------End of Script----------------

20:10:33 INFO  : Memory regions updated for context APU
20:10:33 INFO  : Context for processor 'ps7_cortexa9_0' is selected.
20:10:33 INFO  : 'con' command is executed.
20:10:33 INFO  : ----------------XSDB Script (After Launch)----------------
targets -set -nocase -filter {name =~ "ARM*#0" && jtag_cable_name =~ "Digilent JTAG-HS1 210512180081"} -index 0
con
----------------End of Script----------------

20:10:33 INFO  : Launch script is exported to file 'E:\tm_Dronfa_xy\TM\CTM.sdk\.sdk\launch_scripts\xilinx_c-c++_application_(system_debugger)\system_debugger_using_debug_tm_new_test.elf_on_local.tcl'
20:13:54 INFO  : Disconnected from the channel tcfchan#1.
