Copyright 1986-2018 Xilinx, Inc. All Rights Reserved.
-----------------------------------------------------------------------------------------------------------------------------------------------------------------------------------------------------------------------
| Tool Version : Vivado v.2018.3 (win64) Build 2405991 Thu Dec  6 23:38:27 MST 2018
| Date         : Thu May  7 14:55:26 2026
| Host         : wjl running 64-bit major release  (build 9200)
| Command      : report_timing_summary -max_paths 10 -file design_1_wrapper_timing_summary_routed.rpt -pb design_1_wrapper_timing_summary_routed.pb -rpx design_1_wrapper_timing_summary_routed.rpx -warn_on_violation
| Design       : design_1_wrapper
| Device       : 7z020-clg400
| Speed File   : -1  PRODUCTION 1.11 2014-09-11
-----------------------------------------------------------------------------------------------------------------------------------------------------------------------------------------------------------------------

Timing Summary Report

------------------------------------------------------------------------------------------------
| Timer Settings
| --------------
------------------------------------------------------------------------------------------------

  Enable Multi Corner Analysis               :  Yes
  Enable Pessimism Removal                   :  Yes
  Pessimism Removal Resolution               :  Nearest Common Node
  Enable Input Delay Default Clock           :  No
  Enable Preset / Clear Arcs                 :  No
  Disable Flight Delays                      :  No
  Ignore I/O Paths                           :  No
  Timing Early Launch at Borrowing Latches   :  false

  Corner  Analyze    Analyze    
  Name    Max Paths  Min Paths  
  ------  ---------  ---------  
  Slow    Yes        Yes        
  Fast    Yes        Yes        



check_timing report

Table of Contents
-----------------
1. checking no_clock
2. checking constant_clock
3. checking pulse_width_clock
4. checking unconstrained_internal_endpoints
5. checking no_input_delay
6. checking no_output_delay
7. checking multiple_clock
8. checking generated_clocks
9. checking loops
10. checking partial_input_delay
11. checking partial_output_delay
12. checking latch_loops

1. checking no_clock
--------------------
 There are 0 register/latch pins with no clock.


2. checking constant_clock
--------------------------
 There are 0 register/latch pins with constant_clock.


3. checking pulse_width_clock
-----------------------------
 There are 0 register/latch pins which need pulse_width check


4. checking unconstrained_internal_endpoints
--------------------------------------------
 There are 0 pins that are not constrained for maximum delay.

 There are 0 pins that are not constrained for maximum delay due to constant clock.


5. checking no_input_delay
--------------------------
 There are 0 input ports with no input delay specified.

 There are 0 input ports with no input delay but user has a false path constraint.


6. checking no_output_delay
---------------------------
 There are 0 ports with no output delay specified.

 There are 0 ports with no output delay but user has a false path constraint

 There are 0 ports with no output delay but with a timing clock defined on it or propagating through it


7. checking multiple_clock
--------------------------
 There are 0 register/latch pins with multiple clocks.


8. checking generated_clocks
----------------------------
 There are 0 generated clocks that are not connected to a clock source.


9. checking loops
-----------------
 There are 0 combinational loops in the design.


10. checking partial_input_delay
--------------------------------
 There are 0 input ports with partial input delay specified.


11. checking partial_output_delay
---------------------------------
 There are 0 ports with partial output delay specified.


12. checking latch_loops
------------------------
 There are 0 combinational latch loops in the design through latch input



------------------------------------------------------------------------------------------------
| Design Timing Summary
| ---------------------
------------------------------------------------------------------------------------------------

    WNS(ns)      TNS(ns)  TNS Failing Endpoints  TNS Total Endpoints      WHS(ns)      THS(ns)  THS Failing Endpoints  THS Total Endpoints     WPWS(ns)     TPWS(ns)  TPWS Failing Endpoints  TPWS Total Endpoints  
    -------      -------  ---------------------  -------------------      -------      -------  ---------------------  -------------------     --------     --------  ----------------------  --------------------  
      4.854        0.000                      0                 4220        0.034        0.000                      0                 4220        9.020        0.000                       0                  1413  


All user specified timing constraints are met.


------------------------------------------------------------------------------------------------
| Clock Summary
| -------------
------------------------------------------------------------------------------------------------

Clock       Waveform(ns)       Period(ns)      Frequency(MHz)
-----       ------------       ----------      --------------
clk_fpga_0  {0.000 10.000}     20.000          50.000          


------------------------------------------------------------------------------------------------
| Intra Clock Table
| -----------------
------------------------------------------------------------------------------------------------

Clock             WNS(ns)      TNS(ns)  TNS Failing Endpoints  TNS Total Endpoints      WHS(ns)      THS(ns)  THS Failing Endpoints  THS Total Endpoints     WPWS(ns)     TPWS(ns)  TPWS Failing Endpoints  TPWS Total Endpoints  
-----             -------      -------  ---------------------  -------------------      -------      -------  ---------------------  -------------------     --------     --------  ----------------------  --------------------  
clk_fpga_0          4.854        0.000                      0                 4002        0.034        0.000                      0                 4002        9.020        0.000                       0                  1413  


------------------------------------------------------------------------------------------------
| Inter Clock Table
| -----------------
------------------------------------------------------------------------------------------------

From Clock    To Clock          WNS(ns)      TNS(ns)  TNS Failing Endpoints  TNS Total Endpoints      WHS(ns)      THS(ns)  THS Failing Endpoints  THS Total Endpoints  
----------    --------          -------      -------  ---------------------  -------------------      -------      -------  ---------------------  -------------------  


------------------------------------------------------------------------------------------------
| Other Path Groups Table
| -----------------------
------------------------------------------------------------------------------------------------

Path Group         From Clock         To Clock               WNS(ns)      TNS(ns)  TNS Failing Endpoints  TNS Total Endpoints      WHS(ns)      THS(ns)  THS Failing Endpoints  THS Total Endpoints  
----------         ----------         --------               -------      -------  ---------------------  -------------------      -------      -------  ---------------------  -------------------  
**async_default**  clk_fpga_0         clk_fpga_0              11.732        0.000                      0                  218        1.049        0.000                      0                  218  


------------------------------------------------------------------------------------------------
| Timing Details
| --------------
------------------------------------------------------------------------------------------------


---------------------------------------------------------------------------------------------------
From Clock:  clk_fpga_0
  To Clock:  clk_fpga_0

Setup :            0  Failing Endpoints,  Worst Slack        4.854ns,  Total Violation        0.000ns
Hold  :            0  Failing Endpoints,  Worst Slack        0.034ns,  Total Violation        0.000ns
PW    :            0  Failing Endpoints,  Worst Slack        9.020ns,  Total Violation        0.000ns
---------------------------------------------------------------------------------------------------


Max Delay Paths
--------------------------------------------------------------------------------------
Slack (MET) :             4.854ns  (required time - arrival time)
  Source:                 design_1_i/blk_mem_gen_0/U0/inst_blk_mem_gen/gnbram.gnativebmg.native_blk_mem_gen/valid.cstr/ramloop[102].ram.r/prim_init.ram/design_1_i/blk_mem_gen_0/U0/inst_blk_mem_gen/gnbram.gnativebmg.native_blk_mem_gen/valid.cstr/ramloop[102].ram.r/prim_init.ram/DEVICE_7SERIES.NO_BMM_INFO.SP.SIMPLE_PRIM36.ram_cooolgate_en_gate_116_cooolDelFlop/C
                            (rising edge-triggered cell FDCE clocked by clk_fpga_0  {rise@0.000ns fall@10.000ns period=20.000ns})
  Destination:            design_1_i/blk_mem_gen_0/U0/inst_blk_mem_gen/gnbram.gnativebmg.native_blk_mem_gen/valid.cstr/ramloop[42].ram.r/prim_init.ram/DEVICE_7SERIES.NO_BMM_INFO.SP.SIMPLE_PRIM36.ram/ENARDEN
                            (rising edge-triggered cell RAMB36E1 clocked by clk_fpga_0  {rise@0.000ns fall@10.000ns period=20.000ns})
  Path Group:             clk_fpga_0
  Path Type:              Setup (Max at Slow Process Corner)
  Requirement:            20.000ns  (clk_fpga_0 rise@20.000ns - clk_fpga_0 rise@0.000ns)
  Data Path Delay:        14.586ns  (logic 0.580ns (3.976%)  route 14.006ns (96.024%))
  Logic Levels:           1  (LUT5=1)
  Clock Path Skew:        0.186ns (DCD - SCD + CPR)
    Destination Clock Delay (DCD):    3.000ns = ( 23.000 - 20.000 ) 
    Source Clock Delay      (SCD):    2.943ns
    Clock Pessimism Removal (CPR):    0.129ns
  Clock Uncertainty:      0.302ns  ((TSJ^2 + TIJ^2)^1/2 + DJ) / 2 + PE
    Total System Jitter     (TSJ):    0.071ns
    Total Input Jitter      (TIJ):    0.600ns
    Discrete Jitter          (DJ):    0.000ns
    Phase Error              (PE):    0.000ns

    Location             Delay type                Incr(ns)  Path(ns)    Netlist Resource(s)
  -------------------------------------------------------------------    -------------------
                         (clock clk_fpga_0 rise edge)
                                                      0.000     0.000 r  
    PS7_X0Y0             PS7                          0.000     0.000 r  design_1_i/processing_system7_0/inst/PS7_i/FCLKCLK[0]
                         net (fo=1, routed)           1.193     1.193    design_1_i/processing_system7_0/inst/FCLK_CLK_unbuffered[0]
    BUFGCTRL_X0Y16       BUFG (Prop_bufg_I_O)         0.101     1.294 r  design_1_i/processing_system7_0/inst/buffer_fclk_clk_0.FCLK_CLK_0_BUFG/O
                         net (fo=1413, routed)        1.649     2.943    design_1_i/blk_mem_gen_0/U0/inst_blk_mem_gen/gnbram.gnativebmg.native_blk_mem_gen/valid.cstr/ramloop[102].ram.r/prim_init.ram/clka
    SLICE_X44Y90         FDCE                                         r  design_1_i/blk_mem_gen_0/U0/inst_blk_mem_gen/gnbram.gnativebmg.native_blk_mem_gen/valid.cstr/ramloop[102].ram.r/prim_init.ram/design_1_i/blk_mem_gen_0/U0/inst_blk_mem_gen/gnbram.gnativebmg.native_blk_mem_gen/valid.cstr/ramloop[102].ram.r/prim_init.ram/DEVICE_7SERIES.NO_BMM_INFO.SP.SIMPLE_PRIM36.ram_cooolgate_en_gate_116_cooolDelFlop/C
  -------------------------------------------------------------------    -------------------
    SLICE_X44Y90         FDCE (Prop_fdce_C_Q)         0.456     3.399 f  design_1_i/blk_mem_gen_0/U0/inst_blk_mem_gen/gnbram.gnativebmg.native_blk_mem_gen/valid.cstr/ramloop[102].ram.r/prim_init.ram/design_1_i/blk_mem_gen_0/U0/inst_blk_mem_gen/gnbram.gnativebmg.native_blk_mem_gen/valid.cstr/ramloop[102].ram.r/prim_init.ram/DEVICE_7SERIES.NO_BMM_INFO.SP.SIMPLE_PRIM36.ram_cooolgate_en_gate_116_cooolDelFlop/Q
                         net (fo=28, routed)         13.522    16.921    design_1_i/blk_mem_gen_0/U0/inst_blk_mem_gen/gnbram.gnativebmg.native_blk_mem_gen/valid.cstr/ramloop[42].ram.r/prim_init.ram/pwropt_2
    SLICE_X90Y105        LUT5 (Prop_lut5_I3_O)        0.124    17.045 r  design_1_i/blk_mem_gen_0/U0/inst_blk_mem_gen/gnbram.gnativebmg.native_blk_mem_gen/valid.cstr/ramloop[42].ram.r/prim_init.ram/DEVICE_7SERIES.NO_BMM_INFO.SP.SIMPLE_PRIM36.ram_ENARDEN_cooolgate_en_gate_137_LOPT_REMAP/O
                         net (fo=1, routed)           0.485    17.529    design_1_i/blk_mem_gen_0/U0/inst_blk_mem_gen/gnbram.gnativebmg.native_blk_mem_gen/valid.cstr/ramloop[42].ram.r/prim_init.ram/DEVICE_7SERIES.NO_BMM_INFO.SP.SIMPLE_PRIM36.ram_ENARDEN_cooolgate_en_sig_71
    RAMB36_X4Y21         RAMB36E1                                     r  design_1_i/blk_mem_gen_0/U0/inst_blk_mem_gen/gnbram.gnativebmg.native_blk_mem_gen/valid.cstr/ramloop[42].ram.r/prim_init.ram/DEVICE_7SERIES.NO_BMM_INFO.SP.SIMPLE_PRIM36.ram/ENARDEN
  -------------------------------------------------------------------    -------------------

                         (clock clk_fpga_0 rise edge)
                                                     20.000    20.000 r  
    PS7_X0Y0             PS7                          0.000    20.000 r  design_1_i/processing_system7_0/inst/PS7_i/FCLKCLK[0]
                         net (fo=1, routed)           1.088    21.088    design_1_i/processing_system7_0/inst/FCLK_CLK_unbuffered[0]
    BUFGCTRL_X0Y16       BUFG (Prop_bufg_I_O)         0.091    21.179 r  design_1_i/processing_system7_0/inst/buffer_fclk_clk_0.FCLK_CLK_0_BUFG/O
                         net (fo=1413, routed)        1.821    23.000    design_1_i/blk_mem_gen_0/U0/inst_blk_mem_gen/gnbram.gnativebmg.native_blk_mem_gen/valid.cstr/ramloop[42].ram.r/prim_init.ram/clka
    RAMB36_X4Y21         RAMB36E1                                     r  design_1_i/blk_mem_gen_0/U0/inst_blk_mem_gen/gnbram.gnativebmg.native_blk_mem_gen/valid.cstr/ramloop[42].ram.r/prim_init.ram/DEVICE_7SERIES.NO_BMM_INFO.SP.SIMPLE_PRIM36.ram/CLKARDCLK
                         clock pessimism              0.129    23.129    
                         clock uncertainty           -0.302    22.827    
    RAMB36_X4Y21         RAMB36E1 (Setup_ramb36e1_CLKARDCLK_ENARDEN)
                                                     -0.443    22.384    design_1_i/blk_mem_gen_0/U0/inst_blk_mem_gen/gnbram.gnativebmg.native_blk_mem_gen/valid.cstr/ramloop[42].ram.r/prim_init.ram/DEVICE_7SERIES.NO_BMM_INFO.SP.SIMPLE_PRIM36.ram
  -------------------------------------------------------------------
                         required time                         22.384    
                         arrival time                         -17.529    
  -------------------------------------------------------------------
                         slack                                  4.854    

Slack (MET) :             5.186ns  (required time - arrival time)
  Source:                 design_1_i/blk_mem_gen_0/U0/inst_blk_mem_gen/gnbram.gnativebmg.native_blk_mem_gen/valid.cstr/ramloop[61].ram.r/prim_init.ram/DEVICE_7SERIES.NO_BMM_INFO.SP.SIMPLE_PRIM36.ram/CLKARDCLK
                            (rising edge-triggered cell RAMB36E1 clocked by clk_fpga_0  {rise@0.000ns fall@10.000ns period=20.000ns})
  Destination:            design_1_i/tm_axi_wrapper_0/inst/tm_inst/scores_reg[1][4]/D
                            (rising edge-triggered cell FDCE clocked by clk_fpga_0  {rise@0.000ns fall@10.000ns period=20.000ns})
  Path Group:             clk_fpga_0
  Path Type:              Setup (Max at Slow Process Corner)
  Requirement:            20.000ns  (clk_fpga_0 rise@20.000ns - clk_fpga_0 rise@0.000ns)
  Data Path Delay:        14.280ns  (logic 3.743ns (26.212%)  route 10.537ns (73.788%))
  Logic Levels:           8  (LUT4=1 LUT6=6 MUXF7=1)
  Clock Path Skew:        -0.261ns (DCD - SCD + CPR)
    Destination Clock Delay (DCD):    2.650ns = ( 22.650 - 20.000 ) 
    Source Clock Delay      (SCD):    3.039ns
    Clock Pessimism Removal (CPR):    0.129ns
  Clock Uncertainty:      0.302ns  ((TSJ^2 + TIJ^2)^1/2 + DJ) / 2 + PE
    Total System Jitter     (TSJ):    0.071ns
    Total Input Jitter      (TIJ):    0.600ns
    Discrete Jitter          (DJ):    0.000ns
    Phase Error              (PE):    0.000ns

    Location             Delay type                Incr(ns)  Path(ns)    Netlist Resource(s)
  -------------------------------------------------------------------    -------------------
                         (clock clk_fpga_0 rise edge)
                                                      0.000     0.000 r  
    PS7_X0Y0             PS7                          0.000     0.000 r  design_1_i/processing_system7_0/inst/PS7_i/FCLKCLK[0]
                         net (fo=1, routed)           1.193     1.193    design_1_i/processing_system7_0/inst/FCLK_CLK_unbuffered[0]
    BUFGCTRL_X0Y16       BUFG (Prop_bufg_I_O)         0.101     1.294 r  design_1_i/processing_system7_0/inst/buffer_fclk_clk_0.FCLK_CLK_0_BUFG/O
                         net (fo=1413, routed)        1.745     3.039    design_1_i/blk_mem_gen_0/U0/inst_blk_mem_gen/gnbram.gnativebmg.native_blk_mem_gen/valid.cstr/ramloop[61].ram.r/prim_init.ram/clka
    RAMB36_X3Y16         RAMB36E1                                     r  design_1_i/blk_mem_gen_0/U0/inst_blk_mem_gen/gnbram.gnativebmg.native_blk_mem_gen/valid.cstr/ramloop[61].ram.r/prim_init.ram/DEVICE_7SERIES.NO_BMM_INFO.SP.SIMPLE_PRIM36.ram/CLKARDCLK
  -------------------------------------------------------------------    -------------------
    RAMB36_X3Y16         RAMB36E1 (Prop_ramb36e1_CLKARDCLK_DOPADOP[0])
                                                      2.454     5.493 r  design_1_i/blk_mem_gen_0/U0/inst_blk_mem_gen/gnbram.gnativebmg.native_blk_mem_gen/valid.cstr/ramloop[61].ram.r/prim_init.ram/DEVICE_7SERIES.NO_BMM_INFO.SP.SIMPLE_PRIM36.ram/DOPADOP[0]
                         net (fo=1, routed)           1.474     6.967    design_1_i/blk_mem_gen_0/U0/inst_blk_mem_gen/gnbram.gnativebmg.native_blk_mem_gen/valid.cstr/has_mux_a.A/douta[147]_3[0]
    SLICE_X32Y87         LUT6 (Prop_lut6_I5_O)        0.124     7.091 r  design_1_i/blk_mem_gen_0/U0/inst_blk_mem_gen/gnbram.gnativebmg.native_blk_mem_gen/valid.cstr/has_mux_a.A/douta[147]_INST_0_i_2/O
                         net (fo=1, routed)           0.000     7.091    design_1_i/blk_mem_gen_0/U0/inst_blk_mem_gen/gnbram.gnativebmg.native_blk_mem_gen/valid.cstr/has_mux_a.A/douta[147]_INST_0_i_2_n_0
    SLICE_X32Y87         MUXF7 (Prop_muxf7_I1_O)      0.247     7.338 r  design_1_i/blk_mem_gen_0/U0/inst_blk_mem_gen/gnbram.gnativebmg.native_blk_mem_gen/valid.cstr/has_mux_a.A/douta[147]_INST_0/O
                         net (fo=1, routed)           0.317     7.656    design_1_i/tm_axi_wrapper_0/inst/tm_inst/mask_dout_in[147]
    SLICE_X34Y87         LUT4 (Prop_lut4_I1_O)        0.298     7.954 r  design_1_i/tm_axi_wrapper_0/inst/tm_inst/scores[1][15]_i_110/O
                         net (fo=1, routed)           3.677    11.631    design_1_i/tm_axi_wrapper_0/inst/tm_inst/scores[1][15]_i_110_n_0
    SLICE_X90Y25         LUT6 (Prop_lut6_I2_O)        0.124    11.755 r  design_1_i/tm_axi_wrapper_0/inst/tm_inst/scores[1][15]_i_52/O
                         net (fo=1, routed)           0.452    12.207    design_1_i/tm_axi_wrapper_0/inst/tm_inst/scores[1][15]_i_52_n_0
    SLICE_X90Y25         LUT6 (Prop_lut6_I0_O)        0.124    12.331 r  design_1_i/tm_axi_wrapper_0/inst/tm_inst/scores[1][15]_i_18/O
                         net (fo=1, routed)           1.424    13.754    design_1_i/tm_axi_wrapper_0/inst/tm_inst/scores[1][15]_i_18_n_0
    SLICE_X55Y43         LUT6 (Prop_lut6_I3_O)        0.124    13.878 r  design_1_i/tm_axi_wrapper_0/inst/tm_inst/scores[1][15]_i_8/O
                         net (fo=4, routed)           2.119    15.997    design_1_i/tm_axi_wrapper_0/inst/tm_inst/scores[1][15]_i_8_n_0
    SLICE_X41Y76         LUT6 (Prop_lut6_I2_O)        0.124    16.121 r  design_1_i/tm_axi_wrapper_0/inst/tm_inst/scores[1][15]_i_3/O
                         net (fo=64, routed)          1.075    17.195    design_1_i/tm_axi_wrapper_0/inst/tm_inst/scores[1][15]_i_3_n_0
    SLICE_X33Y82         LUT6 (Prop_lut6_I2_O)        0.124    17.319 r  design_1_i/tm_axi_wrapper_0/inst/tm_inst/scores[1][4]_i_1/O
                         net (fo=1, routed)           0.000    17.319    design_1_i/tm_axi_wrapper_0/inst/tm_inst/scores[1][4]_i_1_n_0
    SLICE_X33Y82         FDCE                                         r  design_1_i/tm_axi_wrapper_0/inst/tm_inst/scores_reg[1][4]/D
  -------------------------------------------------------------------    -------------------

                         (clock clk_fpga_0 rise edge)
                                                     20.000    20.000 r  
    PS7_X0Y0             PS7                          0.000    20.000 r  design_1_i/processing_system7_0/inst/PS7_i/FCLKCLK[0]
                         net (fo=1, routed)           1.088    21.088    design_1_i/processing_system7_0/inst/FCLK_CLK_unbuffered[0]
    BUFGCTRL_X0Y16       BUFG (Prop_bufg_I_O)         0.091    21.179 r  design_1_i/processing_system7_0/inst/buffer_fclk_clk_0.FCLK_CLK_0_BUFG/O
                         net (fo=1413, routed)        1.471    22.650    design_1_i/tm_axi_wrapper_0/inst/tm_inst/S_AXI_ACLK
    SLICE_X33Y82         FDCE                                         r  design_1_i/tm_axi_wrapper_0/inst/tm_inst/scores_reg[1][4]/C
                         clock pessimism              0.129    22.779    
                         clock uncertainty           -0.302    22.477    
    SLICE_X33Y82         FDCE (Setup_fdce_C_D)        0.029    22.506    design_1_i/tm_axi_wrapper_0/inst/tm_inst/scores_reg[1][4]
  -------------------------------------------------------------------
                         required time                         22.506    
                         arrival time                         -17.319    
  -------------------------------------------------------------------
                         slack                                  5.186    

Slack (MET) :             5.202ns  (required time - arrival time)
  Source:                 design_1_i/blk_mem_gen_0/U0/inst_blk_mem_gen/gnbram.gnativebmg.native_blk_mem_gen/valid.cstr/ramloop[61].ram.r/prim_init.ram/DEVICE_7SERIES.NO_BMM_INFO.SP.SIMPLE_PRIM36.ram/CLKARDCLK
                            (rising edge-triggered cell RAMB36E1 clocked by clk_fpga_0  {rise@0.000ns fall@10.000ns period=20.000ns})
  Destination:            design_1_i/tm_axi_wrapper_0/inst/tm_inst/scores_reg[1][10]/D
                            (rising edge-triggered cell FDCE clocked by clk_fpga_0  {rise@0.000ns fall@10.000ns period=20.000ns})
  Path Group:             clk_fpga_0
  Path Type:              Setup (Max at Slow Process Corner)
  Requirement:            20.000ns  (clk_fpga_0 rise@20.000ns - clk_fpga_0 rise@0.000ns)
  Data Path Delay:        14.267ns  (logic 3.743ns (26.236%)  route 10.524ns (73.764%))
  Logic Levels:           8  (LUT4=1 LUT6=6 MUXF7=1)
  Clock Path Skew:        -0.259ns (DCD - SCD + CPR)
    Destination Clock Delay (DCD):    2.652ns = ( 22.652 - 20.000 ) 
    Source Clock Delay      (SCD):    3.039ns
    Clock Pessimism Removal (CPR):    0.129ns
  Clock Uncertainty:      0.302ns  ((TSJ^2 + TIJ^2)^1/2 + DJ) / 2 + PE
    Total System Jitter     (TSJ):    0.071ns
    Total Input Jitter      (TIJ):    0.600ns
    Discrete Jitter          (DJ):    0.000ns
    Phase Error              (PE):    0.000ns

    Location             Delay type                Incr(ns)  Path(ns)    Netlist Resource(s)
  -------------------------------------------------------------------    -------------------
                         (clock clk_fpga_0 rise edge)
                                                      0.000     0.000 r  
    PS7_X0Y0             PS7                          0.000     0.000 r  design_1_i/processing_system7_0/inst/PS7_i/FCLKCLK[0]
                         net (fo=1, routed)           1.193     1.193    design_1_i/processing_system7_0/inst/FCLK_CLK_unbuffered[0]
    BUFGCTRL_X0Y16       BUFG (Prop_bufg_I_O)         0.101     1.294 r  design_1_i/processing_system7_0/inst/buffer_fclk_clk_0.FCLK_CLK_0_BUFG/O
                         net (fo=1413, routed)        1.745     3.039    design_1_i/blk_mem_gen_0/U0/inst_blk_mem_gen/gnbram.gnativebmg.native_blk_mem_gen/valid.cstr/ramloop[61].ram.r/prim_init.ram/clka
    RAMB36_X3Y16         RAMB36E1                                     r  design_1_i/blk_mem_gen_0/U0/inst_blk_mem_gen/gnbram.gnativebmg.native_blk_mem_gen/valid.cstr/ramloop[61].ram.r/prim_init.ram/DEVICE_7SERIES.NO_BMM_INFO.SP.SIMPLE_PRIM36.ram/CLKARDCLK
  -------------------------------------------------------------------    -------------------
    RAMB36_X3Y16         RAMB36E1 (Prop_ramb36e1_CLKARDCLK_DOPADOP[0])
                                                      2.454     5.493 r  design_1_i/blk_mem_gen_0/U0/inst_blk_mem_gen/gnbram.gnativebmg.native_blk_mem_gen/valid.cstr/ramloop[61].ram.r/prim_init.ram/DEVICE_7SERIES.NO_BMM_INFO.SP.SIMPLE_PRIM36.ram/DOPADOP[0]
                         net (fo=1, routed)           1.474     6.967    design_1_i/blk_mem_gen_0/U0/inst_blk_mem_gen/gnbram.gnativebmg.native_blk_mem_gen/valid.cstr/has_mux_a.A/douta[147]_3[0]
    SLICE_X32Y87         LUT6 (Prop_lut6_I5_O)        0.124     7.091 r  design_1_i/blk_mem_gen_0/U0/inst_blk_mem_gen/gnbram.gnativebmg.native_blk_mem_gen/valid.cstr/has_mux_a.A/douta[147]_INST_0_i_2/O
                         net (fo=1, routed)           0.000     7.091    design_1_i/blk_mem_gen_0/U0/inst_blk_mem_gen/gnbram.gnativebmg.native_blk_mem_gen/valid.cstr/has_mux_a.A/douta[147]_INST_0_i_2_n_0
    SLICE_X32Y87         MUXF7 (Prop_muxf7_I1_O)      0.247     7.338 r  design_1_i/blk_mem_gen_0/U0/inst_blk_mem_gen/gnbram.gnativebmg.native_blk_mem_gen/valid.cstr/has_mux_a.A/douta[147]_INST_0/O
                         net (fo=1, routed)           0.317     7.656    design_1_i/tm_axi_wrapper_0/inst/tm_inst/mask_dout_in[147]
    SLICE_X34Y87         LUT4 (Prop_lut4_I1_O)        0.298     7.954 r  design_1_i/tm_axi_wrapper_0/inst/tm_inst/scores[1][15]_i_110/O
                         net (fo=1, routed)           3.677    11.631    design_1_i/tm_axi_wrapper_0/inst/tm_inst/scores[1][15]_i_110_n_0
    SLICE_X90Y25         LUT6 (Prop_lut6_I2_O)        0.124    11.755 r  design_1_i/tm_axi_wrapper_0/inst/tm_inst/scores[1][15]_i_52/O
                         net (fo=1, routed)           0.452    12.207    design_1_i/tm_axi_wrapper_0/inst/tm_inst/scores[1][15]_i_52_n_0
    SLICE_X90Y25         LUT6 (Prop_lut6_I0_O)        0.124    12.331 r  design_1_i/tm_axi_wrapper_0/inst/tm_inst/scores[1][15]_i_18/O
                         net (fo=1, routed)           1.424    13.754    design_1_i/tm_axi_wrapper_0/inst/tm_inst/scores[1][15]_i_18_n_0
    SLICE_X55Y43         LUT6 (Prop_lut6_I3_O)        0.124    13.878 r  design_1_i/tm_axi_wrapper_0/inst/tm_inst/scores[1][15]_i_8/O
                         net (fo=4, routed)           2.119    15.997    design_1_i/tm_axi_wrapper_0/inst/tm_inst/scores[1][15]_i_8_n_0
    SLICE_X41Y76         LUT6 (Prop_lut6_I2_O)        0.124    16.121 r  design_1_i/tm_axi_wrapper_0/inst/tm_inst/scores[1][15]_i_3/O
                         net (fo=64, routed)          1.061    17.182    design_1_i/tm_axi_wrapper_0/inst/tm_inst/scores[1][15]_i_3_n_0
    SLICE_X44Y85         LUT6 (Prop_lut6_I2_O)        0.124    17.306 r  design_1_i/tm_axi_wrapper_0/inst/tm_inst/scores[1][10]_i_1/O
                         net (fo=1, routed)           0.000    17.306    design_1_i/tm_axi_wrapper_0/inst/tm_inst/scores[1][10]_i_1_n_0
    SLICE_X44Y85         FDCE                                         r  design_1_i/tm_axi_wrapper_0/inst/tm_inst/scores_reg[1][10]/D
  -------------------------------------------------------------------    -------------------

                         (clock clk_fpga_0 rise edge)
                                                     20.000    20.000 r  
    PS7_X0Y0             PS7                          0.000    20.000 r  design_1_i/processing_system7_0/inst/PS7_i/FCLKCLK[0]
                         net (fo=1, routed)           1.088    21.088    design_1_i/processing_system7_0/inst/FCLK_CLK_unbuffered[0]
    BUFGCTRL_X0Y16       BUFG (Prop_bufg_I_O)         0.091    21.179 r  design_1_i/processing_system7_0/inst/buffer_fclk_clk_0.FCLK_CLK_0_BUFG/O
                         net (fo=1413, routed)        1.473    22.652    design_1_i/tm_axi_wrapper_0/inst/tm_inst/S_AXI_ACLK
    SLICE_X44Y85         FDCE                                         r  design_1_i/tm_axi_wrapper_0/inst/tm_inst/scores_reg[1][10]/C
                         clock pessimism              0.129    22.781    
                         clock uncertainty           -0.302    22.479    
    SLICE_X44Y85         FDCE (Setup_fdce_C_D)        0.029    22.508    design_1_i/tm_axi_wrapper_0/inst/tm_inst/scores_reg[1][10]
  -------------------------------------------------------------------
                         required time                         22.508    
                         arrival time                         -17.306    
  -------------------------------------------------------------------
                         slack                                  5.202    

Slack (MET) :             5.207ns  (required time - arrival time)
  Source:                 design_1_i/blk_mem_gen_0/U0/inst_blk_mem_gen/gnbram.gnativebmg.native_blk_mem_gen/valid.cstr/ramloop[61].ram.r/prim_init.ram/DEVICE_7SERIES.NO_BMM_INFO.SP.SIMPLE_PRIM36.ram/CLKARDCLK
                            (rising edge-triggered cell RAMB36E1 clocked by clk_fpga_0  {rise@0.000ns fall@10.000ns period=20.000ns})
  Destination:            design_1_i/tm_axi_wrapper_0/inst/tm_inst/scores_reg[3][10]/D
                            (rising edge-triggered cell FDCE clocked by clk_fpga_0  {rise@0.000ns fall@10.000ns period=20.000ns})
  Path Group:             clk_fpga_0
  Path Type:              Setup (Max at Slow Process Corner)
  Requirement:            20.000ns  (clk_fpga_0 rise@20.000ns - clk_fpga_0 rise@0.000ns)
  Data Path Delay:        14.264ns  (logic 3.743ns (26.242%)  route 10.521ns (73.758%))
  Logic Levels:           8  (LUT4=1 LUT6=6 MUXF7=1)
  Clock Path Skew:        -0.259ns (DCD - SCD + CPR)
    Destination Clock Delay (DCD):    2.652ns = ( 22.652 - 20.000 ) 
    Source Clock Delay      (SCD):    3.039ns
    Clock Pessimism Removal (CPR):    0.129ns
  Clock Uncertainty:      0.302ns  ((TSJ^2 + TIJ^2)^1/2 + DJ) / 2 + PE
    Total System Jitter     (TSJ):    0.071ns
    Total Input Jitter      (TIJ):    0.600ns
    Discrete Jitter          (DJ):    0.000ns
    Phase Error              (PE):    0.000ns

    Location             Delay type                Incr(ns)  Path(ns)    Netlist Resource(s)
  -------------------------------------------------------------------    -------------------
                         (clock clk_fpga_0 rise edge)
                                                      0.000     0.000 r  
    PS7_X0Y0             PS7                          0.000     0.000 r  design_1_i/processing_system7_0/inst/PS7_i/FCLKCLK[0]
                         net (fo=1, routed)           1.193     1.193    design_1_i/processing_system7_0/inst/FCLK_CLK_unbuffered[0]
    BUFGCTRL_X0Y16       BUFG (Prop_bufg_I_O)         0.101     1.294 r  design_1_i/processing_system7_0/inst/buffer_fclk_clk_0.FCLK_CLK_0_BUFG/O
                         net (fo=1413, routed)        1.745     3.039    design_1_i/blk_mem_gen_0/U0/inst_blk_mem_gen/gnbram.gnativebmg.native_blk_mem_gen/valid.cstr/ramloop[61].ram.r/prim_init.ram/clka
    RAMB36_X3Y16         RAMB36E1                                     r  design_1_i/blk_mem_gen_0/U0/inst_blk_mem_gen/gnbram.gnativebmg.native_blk_mem_gen/valid.cstr/ramloop[61].ram.r/prim_init.ram/DEVICE_7SERIES.NO_BMM_INFO.SP.SIMPLE_PRIM36.ram/CLKARDCLK
  -------------------------------------------------------------------    -------------------
    RAMB36_X3Y16         RAMB36E1 (Prop_ramb36e1_CLKARDCLK_DOPADOP[0])
                                                      2.454     5.493 r  design_1_i/blk_mem_gen_0/U0/inst_blk_mem_gen/gnbram.gnativebmg.native_blk_mem_gen/valid.cstr/ramloop[61].ram.r/prim_init.ram/DEVICE_7SERIES.NO_BMM_INFO.SP.SIMPLE_PRIM36.ram/DOPADOP[0]
                         net (fo=1, routed)           1.474     6.967    design_1_i/blk_mem_gen_0/U0/inst_blk_mem_gen/gnbram.gnativebmg.native_blk_mem_gen/valid.cstr/has_mux_a.A/douta[147]_3[0]
    SLICE_X32Y87         LUT6 (Prop_lut6_I5_O)        0.124     7.091 r  design_1_i/blk_mem_gen_0/U0/inst_blk_mem_gen/gnbram.gnativebmg.native_blk_mem_gen/valid.cstr/has_mux_a.A/douta[147]_INST_0_i_2/O
                         net (fo=1, routed)           0.000     7.091    design_1_i/blk_mem_gen_0/U0/inst_blk_mem_gen/gnbram.gnativebmg.native_blk_mem_gen/valid.cstr/has_mux_a.A/douta[147]_INST_0_i_2_n_0
    SLICE_X32Y87         MUXF7 (Prop_muxf7_I1_O)      0.247     7.338 r  design_1_i/blk_mem_gen_0/U0/inst_blk_mem_gen/gnbram.gnativebmg.native_blk_mem_gen/valid.cstr/has_mux_a.A/douta[147]_INST_0/O
                         net (fo=1, routed)           0.317     7.656    design_1_i/tm_axi_wrapper_0/inst/tm_inst/mask_dout_in[147]
    SLICE_X34Y87         LUT4 (Prop_lut4_I1_O)        0.298     7.954 r  design_1_i/tm_axi_wrapper_0/inst/tm_inst/scores[1][15]_i_110/O
                         net (fo=1, routed)           3.677    11.631    design_1_i/tm_axi_wrapper_0/inst/tm_inst/scores[1][15]_i_110_n_0
    SLICE_X90Y25         LUT6 (Prop_lut6_I2_O)        0.124    11.755 r  design_1_i/tm_axi_wrapper_0/inst/tm_inst/scores[1][15]_i_52/O
                         net (fo=1, routed)           0.452    12.207    design_1_i/tm_axi_wrapper_0/inst/tm_inst/scores[1][15]_i_52_n_0
    SLICE_X90Y25         LUT6 (Prop_lut6_I0_O)        0.124    12.331 r  design_1_i/tm_axi_wrapper_0/inst/tm_inst/scores[1][15]_i_18/O
                         net (fo=1, routed)           1.424    13.754    design_1_i/tm_axi_wrapper_0/inst/tm_inst/scores[1][15]_i_18_n_0
    SLICE_X55Y43         LUT6 (Prop_lut6_I3_O)        0.124    13.878 r  design_1_i/tm_axi_wrapper_0/inst/tm_inst/scores[1][15]_i_8/O
                         net (fo=4, routed)           2.119    15.997    design_1_i/tm_axi_wrapper_0/inst/tm_inst/scores[1][15]_i_8_n_0
    SLICE_X41Y76         LUT6 (Prop_lut6_I2_O)        0.124    16.121 r  design_1_i/tm_axi_wrapper_0/inst/tm_inst/scores[1][15]_i_3/O
                         net (fo=64, routed)          1.058    17.179    design_1_i/tm_axi_wrapper_0/inst/tm_inst/scores[1][15]_i_3_n_0
    SLICE_X44Y85         LUT6 (Prop_lut6_I3_O)        0.124    17.303 r  design_1_i/tm_axi_wrapper_0/inst/tm_inst/scores[3][10]_i_1/O
                         net (fo=1, routed)           0.000    17.303    design_1_i/tm_axi_wrapper_0/inst/tm_inst/scores[3][10]_i_1_n_0
    SLICE_X44Y85         FDCE                                         r  design_1_i/tm_axi_wrapper_0/inst/tm_inst/scores_reg[3][10]/D
  -------------------------------------------------------------------    -------------------

                         (clock clk_fpga_0 rise edge)
                                                     20.000    20.000 r  
    PS7_X0Y0             PS7                          0.000    20.000 r  design_1_i/processing_system7_0/inst/PS7_i/FCLKCLK[0]
                         net (fo=1, routed)           1.088    21.088    design_1_i/processing_system7_0/inst/FCLK_CLK_unbuffered[0]
    BUFGCTRL_X0Y16       BUFG (Prop_bufg_I_O)         0.091    21.179 r  design_1_i/processing_system7_0/inst/buffer_fclk_clk_0.FCLK_CLK_0_BUFG/O
                         net (fo=1413, routed)        1.473    22.652    design_1_i/tm_axi_wrapper_0/inst/tm_inst/S_AXI_ACLK
    SLICE_X44Y85         FDCE                                         r  design_1_i/tm_axi_wrapper_0/inst/tm_inst/scores_reg[3][10]/C
                         clock pessimism              0.129    22.781    
                         clock uncertainty           -0.302    22.479    
    SLICE_X44Y85         FDCE (Setup_fdce_C_D)        0.031    22.510    design_1_i/tm_axi_wrapper_0/inst/tm_inst/scores_reg[3][10]
  -------------------------------------------------------------------
                         required time                         22.510    
                         arrival time                         -17.303    
  -------------------------------------------------------------------
                         slack                                  5.207    

Slack (MET) :             5.217ns  (required time - arrival time)
  Source:                 design_1_i/blk_mem_gen_0/U0/inst_blk_mem_gen/gnbram.gnativebmg.native_blk_mem_gen/valid.cstr/ramloop[61].ram.r/prim_init.ram/DEVICE_7SERIES.NO_BMM_INFO.SP.SIMPLE_PRIM36.ram/CLKARDCLK
                            (rising edge-triggered cell RAMB36E1 clocked by clk_fpga_0  {rise@0.000ns fall@10.000ns period=20.000ns})
  Destination:            design_1_i/tm_axi_wrapper_0/inst/tm_inst/scores_reg[0][12]/D
                            (rising edge-triggered cell FDCE clocked by clk_fpga_0  {rise@0.000ns fall@10.000ns period=20.000ns})
  Path Group:             clk_fpga_0
  Path Type:              Setup (Max at Slow Process Corner)
  Requirement:            20.000ns  (clk_fpga_0 rise@20.000ns - clk_fpga_0 rise@0.000ns)
  Data Path Delay:        14.252ns  (logic 3.743ns (26.262%)  route 10.509ns (73.738%))
  Logic Levels:           8  (LUT4=1 LUT6=6 MUXF7=1)
  Clock Path Skew:        -0.258ns (DCD - SCD + CPR)
    Destination Clock Delay (DCD):    2.653ns = ( 22.653 - 20.000 ) 
    Source Clock Delay      (SCD):    3.039ns
    Clock Pessimism Removal (CPR):    0.129ns
  Clock Uncertainty:      0.302ns  ((TSJ^2 + TIJ^2)^1/2 + DJ) / 2 + PE
    Total System Jitter     (TSJ):    0.071ns
    Total Input Jitter      (TIJ):    0.600ns
    Discrete Jitter          (DJ):    0.000ns
    Phase Error              (PE):    0.000ns

    Location             Delay type                Incr(ns)  Path(ns)    Netlist Resource(s)
  -------------------------------------------------------------------    -------------------
                         (clock clk_fpga_0 rise edge)
                                                      0.000     0.000 r  
    PS7_X0Y0             PS7                          0.000     0.000 r  design_1_i/processing_system7_0/inst/PS7_i/FCLKCLK[0]
                         net (fo=1, routed)           1.193     1.193    design_1_i/processing_system7_0/inst/FCLK_CLK_unbuffered[0]
    BUFGCTRL_X0Y16       BUFG (Prop_bufg_I_O)         0.101     1.294 r  design_1_i/processing_system7_0/inst/buffer_fclk_clk_0.FCLK_CLK_0_BUFG/O
                         net (fo=1413, routed)        1.745     3.039    design_1_i/blk_mem_gen_0/U0/inst_blk_mem_gen/gnbram.gnativebmg.native_blk_mem_gen/valid.cstr/ramloop[61].ram.r/prim_init.ram/clka
    RAMB36_X3Y16         RAMB36E1                                     r  design_1_i/blk_mem_gen_0/U0/inst_blk_mem_gen/gnbram.gnativebmg.native_blk_mem_gen/valid.cstr/ramloop[61].ram.r/prim_init.ram/DEVICE_7SERIES.NO_BMM_INFO.SP.SIMPLE_PRIM36.ram/CLKARDCLK
  -------------------------------------------------------------------    -------------------
    RAMB36_X3Y16         RAMB36E1 (Prop_ramb36e1_CLKARDCLK_DOPADOP[0])
                                                      2.454     5.493 r  design_1_i/blk_mem_gen_0/U0/inst_blk_mem_gen/gnbram.gnativebmg.native_blk_mem_gen/valid.cstr/ramloop[61].ram.r/prim_init.ram/DEVICE_7SERIES.NO_BMM_INFO.SP.SIMPLE_PRIM36.ram/DOPADOP[0]
                         net (fo=1, routed)           1.474     6.967    design_1_i/blk_mem_gen_0/U0/inst_blk_mem_gen/gnbram.gnativebmg.native_blk_mem_gen/valid.cstr/has_mux_a.A/douta[147]_3[0]
    SLICE_X32Y87         LUT6 (Prop_lut6_I5_O)        0.124     7.091 r  design_1_i/blk_mem_gen_0/U0/inst_blk_mem_gen/gnbram.gnativebmg.native_blk_mem_gen/valid.cstr/has_mux_a.A/douta[147]_INST_0_i_2/O
                         net (fo=1, routed)           0.000     7.091    design_1_i/blk_mem_gen_0/U0/inst_blk_mem_gen/gnbram.gnativebmg.native_blk_mem_gen/valid.cstr/has_mux_a.A/douta[147]_INST_0_i_2_n_0
    SLICE_X32Y87         MUXF7 (Prop_muxf7_I1_O)      0.247     7.338 r  design_1_i/blk_mem_gen_0/U0/inst_blk_mem_gen/gnbram.gnativebmg.native_blk_mem_gen/valid.cstr/has_mux_a.A/douta[147]_INST_0/O
                         net (fo=1, routed)           0.317     7.656    design_1_i/tm_axi_wrapper_0/inst/tm_inst/mask_dout_in[147]
    SLICE_X34Y87         LUT4 (Prop_lut4_I1_O)        0.298     7.954 r  design_1_i/tm_axi_wrapper_0/inst/tm_inst/scores[1][15]_i_110/O
                         net (fo=1, routed)           3.677    11.631    design_1_i/tm_axi_wrapper_0/inst/tm_inst/scores[1][15]_i_110_n_0
    SLICE_X90Y25         LUT6 (Prop_lut6_I2_O)        0.124    11.755 r  design_1_i/tm_axi_wrapper_0/inst/tm_inst/scores[1][15]_i_52/O
                         net (fo=1, routed)           0.452    12.207    design_1_i/tm_axi_wrapper_0/inst/tm_inst/scores[1][15]_i_52_n_0
    SLICE_X90Y25         LUT6 (Prop_lut6_I0_O)        0.124    12.331 r  design_1_i/tm_axi_wrapper_0/inst/tm_inst/scores[1][15]_i_18/O
                         net (fo=1, routed)           1.424    13.754    design_1_i/tm_axi_wrapper_0/inst/tm_inst/scores[1][15]_i_18_n_0
    SLICE_X55Y43         LUT6 (Prop_lut6_I3_O)        0.124    13.878 r  design_1_i/tm_axi_wrapper_0/inst/tm_inst/scores[1][15]_i_8/O
                         net (fo=4, routed)           2.119    15.997    design_1_i/tm_axi_wrapper_0/inst/tm_inst/scores[1][15]_i_8_n_0
    SLICE_X41Y76         LUT6 (Prop_lut6_I2_O)        0.124    16.121 r  design_1_i/tm_axi_wrapper_0/inst/tm_inst/scores[1][15]_i_3/O
                         net (fo=64, routed)          1.047    17.168    design_1_i/tm_axi_wrapper_0/inst/tm_inst/scores[1][15]_i_3_n_0
    SLICE_X33Y85         LUT6 (Prop_lut6_I2_O)        0.124    17.292 r  design_1_i/tm_axi_wrapper_0/inst/tm_inst/scores[0][12]_i_1/O
                         net (fo=1, routed)           0.000    17.292    design_1_i/tm_axi_wrapper_0/inst/tm_inst/scores[0][12]_i_1_n_0
    SLICE_X33Y85         FDCE                                         r  design_1_i/tm_axi_wrapper_0/inst/tm_inst/scores_reg[0][12]/D
  -------------------------------------------------------------------    -------------------

                         (clock clk_fpga_0 rise edge)
                                                     20.000    20.000 r  
    PS7_X0Y0             PS7                          0.000    20.000 r  design_1_i/processing_system7_0/inst/PS7_i/FCLKCLK[0]
                         net (fo=1, routed)           1.088    21.088    design_1_i/processing_system7_0/inst/FCLK_CLK_unbuffered[0]
    BUFGCTRL_X0Y16       BUFG (Prop_bufg_I_O)         0.091    21.179 r  design_1_i/processing_system7_0/inst/buffer_fclk_clk_0.FCLK_CLK_0_BUFG/O
                         net (fo=1413, routed)        1.474    22.653    design_1_i/tm_axi_wrapper_0/inst/tm_inst/S_AXI_ACLK
    SLICE_X33Y85         FDCE                                         r  design_1_i/tm_axi_wrapper_0/inst/tm_inst/scores_reg[0][12]/C
                         clock pessimism              0.129    22.782    
                         clock uncertainty           -0.302    22.480    
    SLICE_X33Y85         FDCE (Setup_fdce_C_D)        0.029    22.509    design_1_i/tm_axi_wrapper_0/inst/tm_inst/scores_reg[0][12]
  -------------------------------------------------------------------
                         required time                         22.509    
                         arrival time                         -17.292    
  -------------------------------------------------------------------
                         slack                                  5.217    

Slack (MET) :             5.222ns  (required time - arrival time)
  Source:                 design_1_i/blk_mem_gen_0/U0/inst_blk_mem_gen/gnbram.gnativebmg.native_blk_mem_gen/valid.cstr/ramloop[61].ram.r/prim_init.ram/DEVICE_7SERIES.NO_BMM_INFO.SP.SIMPLE_PRIM36.ram/CLKARDCLK
                            (rising edge-triggered cell RAMB36E1 clocked by clk_fpga_0  {rise@0.000ns fall@10.000ns period=20.000ns})
  Destination:            design_1_i/tm_axi_wrapper_0/inst/tm_inst/scores_reg[1][12]/D
                            (rising edge-triggered cell FDCE clocked by clk_fpga_0  {rise@0.000ns fall@10.000ns period=20.000ns})
  Path Group:             clk_fpga_0
  Path Type:              Setup (Max at Slow Process Corner)
  Requirement:            20.000ns  (clk_fpga_0 rise@20.000ns - clk_fpga_0 rise@0.000ns)
  Data Path Delay:        14.249ns  (logic 3.743ns (26.268%)  route 10.506ns (73.732%))
  Logic Levels:           8  (LUT4=1 LUT6=6 MUXF7=1)
  Clock Path Skew:        -0.258ns (DCD - SCD + CPR)
    Destination Clock Delay (DCD):    2.653ns = ( 22.653 - 20.000 ) 
    Source Clock Delay      (SCD):    3.039ns
    Clock Pessimism Removal (CPR):    0.129ns
  Clock Uncertainty:      0.302ns  ((TSJ^2 + TIJ^2)^1/2 + DJ) / 2 + PE
    Total System Jitter     (TSJ):    0.071ns
    Total Input Jitter      (TIJ):    0.600ns
    Discrete Jitter          (DJ):    0.000ns
    Phase Error              (PE):    0.000ns

    Location             Delay type                Incr(ns)  Path(ns)    Netlist Resource(s)
  -------------------------------------------------------------------    -------------------
                         (clock clk_fpga_0 rise edge)
                                                      0.000     0.000 r  
    PS7_X0Y0             PS7                          0.000     0.000 r  design_1_i/processing_system7_0/inst/PS7_i/FCLKCLK[0]
                         net (fo=1, routed)           1.193     1.193    design_1_i/processing_system7_0/inst/FCLK_CLK_unbuffered[0]
    BUFGCTRL_X0Y16       BUFG (Prop_bufg_I_O)         0.101     1.294 r  design_1_i/processing_system7_0/inst/buffer_fclk_clk_0.FCLK_CLK_0_BUFG/O
                         net (fo=1413, routed)        1.745     3.039    design_1_i/blk_mem_gen_0/U0/inst_blk_mem_gen/gnbram.gnativebmg.native_blk_mem_gen/valid.cstr/ramloop[61].ram.r/prim_init.ram/clka
    RAMB36_X3Y16         RAMB36E1                                     r  design_1_i/blk_mem_gen_0/U0/inst_blk_mem_gen/gnbram.gnativebmg.native_blk_mem_gen/valid.cstr/ramloop[61].ram.r/prim_init.ram/DEVICE_7SERIES.NO_BMM_INFO.SP.SIMPLE_PRIM36.ram/CLKARDCLK
  -------------------------------------------------------------------    -------------------
    RAMB36_X3Y16         RAMB36E1 (Prop_ramb36e1_CLKARDCLK_DOPADOP[0])
                                                      2.454     5.493 r  design_1_i/blk_mem_gen_0/U0/inst_blk_mem_gen/gnbram.gnativebmg.native_blk_mem_gen/valid.cstr/ramloop[61].ram.r/prim_init.ram/DEVICE_7SERIES.NO_BMM_INFO.SP.SIMPLE_PRIM36.ram/DOPADOP[0]
                         net (fo=1, routed)           1.474     6.967    design_1_i/blk_mem_gen_0/U0/inst_blk_mem_gen/gnbram.gnativebmg.native_blk_mem_gen/valid.cstr/has_mux_a.A/douta[147]_3[0]
    SLICE_X32Y87         LUT6 (Prop_lut6_I5_O)        0.124     7.091 r  design_1_i/blk_mem_gen_0/U0/inst_blk_mem_gen/gnbram.gnativebmg.native_blk_mem_gen/valid.cstr/has_mux_a.A/douta[147]_INST_0_i_2/O
                         net (fo=1, routed)           0.000     7.091    design_1_i/blk_mem_gen_0/U0/inst_blk_mem_gen/gnbram.gnativebmg.native_blk_mem_gen/valid.cstr/has_mux_a.A/douta[147]_INST_0_i_2_n_0
    SLICE_X32Y87         MUXF7 (Prop_muxf7_I1_O)      0.247     7.338 r  design_1_i/blk_mem_gen_0/U0/inst_blk_mem_gen/gnbram.gnativebmg.native_blk_mem_gen/valid.cstr/has_mux_a.A/douta[147]_INST_0/O
                         net (fo=1, routed)           0.317     7.656    design_1_i/tm_axi_wrapper_0/inst/tm_inst/mask_dout_in[147]
    SLICE_X34Y87         LUT4 (Prop_lut4_I1_O)        0.298     7.954 r  design_1_i/tm_axi_wrapper_0/inst/tm_inst/scores[1][15]_i_110/O
                         net (fo=1, routed)           3.677    11.631    design_1_i/tm_axi_wrapper_0/inst/tm_inst/scores[1][15]_i_110_n_0
    SLICE_X90Y25         LUT6 (Prop_lut6_I2_O)        0.124    11.755 r  design_1_i/tm_axi_wrapper_0/inst/tm_inst/scores[1][15]_i_52/O
                         net (fo=1, routed)           0.452    12.207    design_1_i/tm_axi_wrapper_0/inst/tm_inst/scores[1][15]_i_52_n_0
    SLICE_X90Y25         LUT6 (Prop_lut6_I0_O)        0.124    12.331 r  design_1_i/tm_axi_wrapper_0/inst/tm_inst/scores[1][15]_i_18/O
                         net (fo=1, routed)           1.424    13.754    design_1_i/tm_axi_wrapper_0/inst/tm_inst/scores[1][15]_i_18_n_0
    SLICE_X55Y43         LUT6 (Prop_lut6_I3_O)        0.124    13.878 r  design_1_i/tm_axi_wrapper_0/inst/tm_inst/scores[1][15]_i_8/O
                         net (fo=4, routed)           2.119    15.997    design_1_i/tm_axi_wrapper_0/inst/tm_inst/scores[1][15]_i_8_n_0
    SLICE_X41Y76         LUT6 (Prop_lut6_I2_O)        0.124    16.121 r  design_1_i/tm_axi_wrapper_0/inst/tm_inst/scores[1][15]_i_3/O
                         net (fo=64, routed)          1.044    17.165    design_1_i/tm_axi_wrapper_0/inst/tm_inst/scores[1][15]_i_3_n_0
    SLICE_X33Y85         LUT6 (Prop_lut6_I2_O)        0.124    17.289 r  design_1_i/tm_axi_wrapper_0/inst/tm_inst/scores[1][12]_i_1/O
                         net (fo=1, routed)           0.000    17.289    design_1_i/tm_axi_wrapper_0/inst/tm_inst/scores[1][12]_i_1_n_0
    SLICE_X33Y85         FDCE                                         r  design_1_i/tm_axi_wrapper_0/inst/tm_inst/scores_reg[1][12]/D
  -------------------------------------------------------------------    -------------------

                         (clock clk_fpga_0 rise edge)
                                                     20.000    20.000 r  
    PS7_X0Y0             PS7                          0.000    20.000 r  design_1_i/processing_system7_0/inst/PS7_i/FCLKCLK[0]
                         net (fo=1, routed)           1.088    21.088    design_1_i/processing_system7_0/inst/FCLK_CLK_unbuffered[0]
    BUFGCTRL_X0Y16       BUFG (Prop_bufg_I_O)         0.091    21.179 r  design_1_i/processing_system7_0/inst/buffer_fclk_clk_0.FCLK_CLK_0_BUFG/O
                         net (fo=1413, routed)        1.474    22.653    design_1_i/tm_axi_wrapper_0/inst/tm_inst/S_AXI_ACLK
    SLICE_X33Y85         FDCE                                         r  design_1_i/tm_axi_wrapper_0/inst/tm_inst/scores_reg[1][12]/C
                         clock pessimism              0.129    22.782    
                         clock uncertainty           -0.302    22.480    
    SLICE_X33Y85         FDCE (Setup_fdce_C_D)        0.031    22.511    design_1_i/tm_axi_wrapper_0/inst/tm_inst/scores_reg[1][12]
  -------------------------------------------------------------------
                         required time                         22.511    
                         arrival time                         -17.289    
  -------------------------------------------------------------------
                         slack                                  5.222    

Slack (MET) :             5.240ns  (required time - arrival time)
  Source:                 design_1_i/blk_mem_gen_0/U0/inst_blk_mem_gen/gnbram.gnativebmg.native_blk_mem_gen/valid.cstr/ramloop[61].ram.r/prim_init.ram/DEVICE_7SERIES.NO_BMM_INFO.SP.SIMPLE_PRIM36.ram/CLKARDCLK
                            (rising edge-triggered cell RAMB36E1 clocked by clk_fpga_0  {rise@0.000ns fall@10.000ns period=20.000ns})
  Destination:            design_1_i/tm_axi_wrapper_0/inst/tm_inst/scores_reg[1][5]/D
                            (rising edge-triggered cell FDCE clocked by clk_fpga_0  {rise@0.000ns fall@10.000ns period=20.000ns})
  Path Group:             clk_fpga_0
  Path Type:              Setup (Max at Slow Process Corner)
  Requirement:            20.000ns  (clk_fpga_0 rise@20.000ns - clk_fpga_0 rise@0.000ns)
  Data Path Delay:        14.277ns  (logic 3.743ns (26.216%)  route 10.534ns (73.784%))
  Logic Levels:           8  (LUT4=1 LUT6=6 MUXF7=1)
  Clock Path Skew:        -0.258ns (DCD - SCD + CPR)
    Destination Clock Delay (DCD):    2.653ns = ( 22.653 - 20.000 ) 
    Source Clock Delay      (SCD):    3.039ns
    Clock Pessimism Removal (CPR):    0.129ns
  Clock Uncertainty:      0.302ns  ((TSJ^2 + TIJ^2)^1/2 + DJ) / 2 + PE
    Total System Jitter     (TSJ):    0.071ns
    Total Input Jitter      (TIJ):    0.600ns
    Discrete Jitter          (DJ):    0.000ns
    Phase Error              (PE):    0.000ns

    Location             Delay type                Incr(ns)  Path(ns)    Netlist Resource(s)
  -------------------------------------------------------------------    -------------------
                         (clock clk_fpga_0 rise edge)
                                                      0.000     0.000 r  
    PS7_X0Y0             PS7                          0.000     0.000 r  design_1_i/processing_system7_0/inst/PS7_i/FCLKCLK[0]
                         net (fo=1, routed)           1.193     1.193    design_1_i/processing_system7_0/inst/FCLK_CLK_unbuffered[0]
    BUFGCTRL_X0Y16       BUFG (Prop_bufg_I_O)         0.101     1.294 r  design_1_i/processing_system7_0/inst/buffer_fclk_clk_0.FCLK_CLK_0_BUFG/O
                         net (fo=1413, routed)        1.745     3.039    design_1_i/blk_mem_gen_0/U0/inst_blk_mem_gen/gnbram.gnativebmg.native_blk_mem_gen/valid.cstr/ramloop[61].ram.r/prim_init.ram/clka
    RAMB36_X3Y16         RAMB36E1                                     r  design_1_i/blk_mem_gen_0/U0/inst_blk_mem_gen/gnbram.gnativebmg.native_blk_mem_gen/valid.cstr/ramloop[61].ram.r/prim_init.ram/DEVICE_7SERIES.NO_BMM_INFO.SP.SIMPLE_PRIM36.ram/CLKARDCLK
  -------------------------------------------------------------------    -------------------
    RAMB36_X3Y16         RAMB36E1 (Prop_ramb36e1_CLKARDCLK_DOPADOP[0])
                                                      2.454     5.493 r  design_1_i/blk_mem_gen_0/U0/inst_blk_mem_gen/gnbram.gnativebmg.native_blk_mem_gen/valid.cstr/ramloop[61].ram.r/prim_init.ram/DEVICE_7SERIES.NO_BMM_INFO.SP.SIMPLE_PRIM36.ram/DOPADOP[0]
                         net (fo=1, routed)           1.474     6.967    design_1_i/blk_mem_gen_0/U0/inst_blk_mem_gen/gnbram.gnativebmg.native_blk_mem_gen/valid.cstr/has_mux_a.A/douta[147]_3[0]
    SLICE_X32Y87         LUT6 (Prop_lut6_I5_O)        0.124     7.091 r  design_1_i/blk_mem_gen_0/U0/inst_blk_mem_gen/gnbram.gnativebmg.native_blk_mem_gen/valid.cstr/has_mux_a.A/douta[147]_INST_0_i_2/O
                         net (fo=1, routed)           0.000     7.091    design_1_i/blk_mem_gen_0/U0/inst_blk_mem_gen/gnbram.gnativebmg.native_blk_mem_gen/valid.cstr/has_mux_a.A/douta[147]_INST_0_i_2_n_0
    SLICE_X32Y87         MUXF7 (Prop_muxf7_I1_O)      0.247     7.338 r  design_1_i/blk_mem_gen_0/U0/inst_blk_mem_gen/gnbram.gnativebmg.native_blk_mem_gen/valid.cstr/has_mux_a.A/douta[147]_INST_0/O
                         net (fo=1, routed)           0.317     7.656    design_1_i/tm_axi_wrapper_0/inst/tm_inst/mask_dout_in[147]
    SLICE_X34Y87         LUT4 (Prop_lut4_I1_O)        0.298     7.954 r  design_1_i/tm_axi_wrapper_0/inst/tm_inst/scores[1][15]_i_110/O
                         net (fo=1, routed)           3.677    11.631    design_1_i/tm_axi_wrapper_0/inst/tm_inst/scores[1][15]_i_110_n_0
    SLICE_X90Y25         LUT6 (Prop_lut6_I2_O)        0.124    11.755 r  design_1_i/tm_axi_wrapper_0/inst/tm_inst/scores[1][15]_i_52/O
                         net (fo=1, routed)           0.452    12.207    design_1_i/tm_axi_wrapper_0/inst/tm_inst/scores[1][15]_i_52_n_0
    SLICE_X90Y25         LUT6 (Prop_lut6_I0_O)        0.124    12.331 r  design_1_i/tm_axi_wrapper_0/inst/tm_inst/scores[1][15]_i_18/O
                         net (fo=1, routed)           1.424    13.754    design_1_i/tm_axi_wrapper_0/inst/tm_inst/scores[1][15]_i_18_n_0
    SLICE_X55Y43         LUT6 (Prop_lut6_I3_O)        0.124    13.878 r  design_1_i/tm_axi_wrapper_0/inst/tm_inst/scores[1][15]_i_8/O
                         net (fo=4, routed)           2.119    15.997    design_1_i/tm_axi_wrapper_0/inst/tm_inst/scores[1][15]_i_8_n_0
    SLICE_X41Y76         LUT6 (Prop_lut6_I2_O)        0.124    16.121 r  design_1_i/tm_axi_wrapper_0/inst/tm_inst/scores[1][15]_i_3/O
                         net (fo=64, routed)          1.072    17.193    design_1_i/tm_axi_wrapper_0/inst/tm_inst/scores[1][15]_i_3_n_0
    SLICE_X34Y84         LUT6 (Prop_lut6_I2_O)        0.124    17.317 r  design_1_i/tm_axi_wrapper_0/inst/tm_inst/scores[1][5]_i_1/O
                         net (fo=1, routed)           0.000    17.317    design_1_i/tm_axi_wrapper_0/inst/tm_inst/scores[1][5]_i_1_n_0
    SLICE_X34Y84         FDCE                                         r  design_1_i/tm_axi_wrapper_0/inst/tm_inst/scores_reg[1][5]/D
  -------------------------------------------------------------------    -------------------

                         (clock clk_fpga_0 rise edge)
                                                     20.000    20.000 r  
    PS7_X0Y0             PS7                          0.000    20.000 r  design_1_i/processing_system7_0/inst/PS7_i/FCLKCLK[0]
                         net (fo=1, routed)           1.088    21.088    design_1_i/processing_system7_0/inst/FCLK_CLK_unbuffered[0]
    BUFGCTRL_X0Y16       BUFG (Prop_bufg_I_O)         0.091    21.179 r  design_1_i/processing_system7_0/inst/buffer_fclk_clk_0.FCLK_CLK_0_BUFG/O
                         net (fo=1413, routed)        1.474    22.653    design_1_i/tm_axi_wrapper_0/inst/tm_inst/S_AXI_ACLK
    SLICE_X34Y84         FDCE                                         r  design_1_i/tm_axi_wrapper_0/inst/tm_inst/scores_reg[1][5]/C
                         clock pessimism              0.129    22.782    
                         clock uncertainty           -0.302    22.480    
    SLICE_X34Y84         FDCE (Setup_fdce_C_D)        0.077    22.557    design_1_i/tm_axi_wrapper_0/inst/tm_inst/scores_reg[1][5]
  -------------------------------------------------------------------
                         required time                         22.557    
                         arrival time                         -17.317    
  -------------------------------------------------------------------
                         slack                                  5.240    

Slack (MET) :             5.246ns  (required time - arrival time)
  Source:                 design_1_i/blk_mem_gen_0/U0/inst_blk_mem_gen/gnbram.gnativebmg.native_blk_mem_gen/valid.cstr/ramloop[61].ram.r/prim_init.ram/DEVICE_7SERIES.NO_BMM_INFO.SP.SIMPLE_PRIM36.ram/CLKARDCLK
                            (rising edge-triggered cell RAMB36E1 clocked by clk_fpga_0  {rise@0.000ns fall@10.000ns period=20.000ns})
  Destination:            design_1_i/tm_axi_wrapper_0/inst/tm_inst/scores_reg[3][5]/D
                            (rising edge-triggered cell FDCE clocked by clk_fpga_0  {rise@0.000ns fall@10.000ns period=20.000ns})
  Path Group:             clk_fpga_0
  Path Type:              Setup (Max at Slow Process Corner)
  Requirement:            20.000ns  (clk_fpga_0 rise@20.000ns - clk_fpga_0 rise@0.000ns)
  Data Path Delay:        14.274ns  (logic 3.743ns (26.223%)  route 10.531ns (73.777%))
  Logic Levels:           8  (LUT4=1 LUT6=6 MUXF7=1)
  Clock Path Skew:        -0.260ns (DCD - SCD + CPR)
    Destination Clock Delay (DCD):    2.651ns = ( 22.651 - 20.000 ) 
    Source Clock Delay      (SCD):    3.039ns
    Clock Pessimism Removal (CPR):    0.129ns
  Clock Uncertainty:      0.302ns  ((TSJ^2 + TIJ^2)^1/2 + DJ) / 2 + PE
    Total System Jitter     (TSJ):    0.071ns
    Total Input Jitter      (TIJ):    0.600ns
    Discrete Jitter          (DJ):    0.000ns
    Phase Error              (PE):    0.000ns

    Location             Delay type                Incr(ns)  Path(ns)    Netlist Resource(s)
  -------------------------------------------------------------------    -------------------
                         (clock clk_fpga_0 rise edge)
                                                      0.000     0.000 r  
    PS7_X0Y0             PS7                          0.000     0.000 r  design_1_i/processing_system7_0/inst/PS7_i/FCLKCLK[0]
                         net (fo=1, routed)           1.193     1.193    design_1_i/processing_system7_0/inst/FCLK_CLK_unbuffered[0]
    BUFGCTRL_X0Y16       BUFG (Prop_bufg_I_O)         0.101     1.294 r  design_1_i/processing_system7_0/inst/buffer_fclk_clk_0.FCLK_CLK_0_BUFG/O
                         net (fo=1413, routed)        1.745     3.039    design_1_i/blk_mem_gen_0/U0/inst_blk_mem_gen/gnbram.gnativebmg.native_blk_mem_gen/valid.cstr/ramloop[61].ram.r/prim_init.ram/clka
    RAMB36_X3Y16         RAMB36E1                                     r  design_1_i/blk_mem_gen_0/U0/inst_blk_mem_gen/gnbram.gnativebmg.native_blk_mem_gen/valid.cstr/ramloop[61].ram.r/prim_init.ram/DEVICE_7SERIES.NO_BMM_INFO.SP.SIMPLE_PRIM36.ram/CLKARDCLK
  -------------------------------------------------------------------    -------------------
    RAMB36_X3Y16         RAMB36E1 (Prop_ramb36e1_CLKARDCLK_DOPADOP[0])
                                                      2.454     5.493 r  design_1_i/blk_mem_gen_0/U0/inst_blk_mem_gen/gnbram.gnativebmg.native_blk_mem_gen/valid.cstr/ramloop[61].ram.r/prim_init.ram/DEVICE_7SERIES.NO_BMM_INFO.SP.SIMPLE_PRIM36.ram/DOPADOP[0]
                         net (fo=1, routed)           1.474     6.967    design_1_i/blk_mem_gen_0/U0/inst_blk_mem_gen/gnbram.gnativebmg.native_blk_mem_gen/valid.cstr/has_mux_a.A/douta[147]_3[0]
    SLICE_X32Y87         LUT6 (Prop_lut6_I5_O)        0.124     7.091 r  design_1_i/blk_mem_gen_0/U0/inst_blk_mem_gen/gnbram.gnativebmg.native_blk_mem_gen/valid.cstr/has_mux_a.A/douta[147]_INST_0_i_2/O
                         net (fo=1, routed)           0.000     7.091    design_1_i/blk_mem_gen_0/U0/inst_blk_mem_gen/gnbram.gnativebmg.native_blk_mem_gen/valid.cstr/has_mux_a.A/douta[147]_INST_0_i_2_n_0
    SLICE_X32Y87         MUXF7 (Prop_muxf7_I1_O)      0.247     7.338 r  design_1_i/blk_mem_gen_0/U0/inst_blk_mem_gen/gnbram.gnativebmg.native_blk_mem_gen/valid.cstr/has_mux_a.A/douta[147]_INST_0/O
                         net (fo=1, routed)           0.317     7.656    design_1_i/tm_axi_wrapper_0/inst/tm_inst/mask_dout_in[147]
    SLICE_X34Y87         LUT4 (Prop_lut4_I1_O)        0.298     7.954 r  design_1_i/tm_axi_wrapper_0/inst/tm_inst/scores[1][15]_i_110/O
                         net (fo=1, routed)           3.677    11.631    design_1_i/tm_axi_wrapper_0/inst/tm_inst/scores[1][15]_i_110_n_0
    SLICE_X90Y25         LUT6 (Prop_lut6_I2_O)        0.124    11.755 r  design_1_i/tm_axi_wrapper_0/inst/tm_inst/scores[1][15]_i_52/O
                         net (fo=1, routed)           0.452    12.207    design_1_i/tm_axi_wrapper_0/inst/tm_inst/scores[1][15]_i_52_n_0
    SLICE_X90Y25         LUT6 (Prop_lut6_I0_O)        0.124    12.331 r  design_1_i/tm_axi_wrapper_0/inst/tm_inst/scores[1][15]_i_18/O
                         net (fo=1, routed)           1.424    13.754    design_1_i/tm_axi_wrapper_0/inst/tm_inst/scores[1][15]_i_18_n_0
    SLICE_X55Y43         LUT6 (Prop_lut6_I3_O)        0.124    13.878 r  design_1_i/tm_axi_wrapper_0/inst/tm_inst/scores[1][15]_i_8/O
                         net (fo=4, routed)           2.119    15.997    design_1_i/tm_axi_wrapper_0/inst/tm_inst/scores[1][15]_i_8_n_0
    SLICE_X41Y76         LUT6 (Prop_lut6_I2_O)        0.124    16.121 r  design_1_i/tm_axi_wrapper_0/inst/tm_inst/scores[1][15]_i_3/O
                         net (fo=64, routed)          1.068    17.189    design_1_i/tm_axi_wrapper_0/inst/tm_inst/scores[1][15]_i_3_n_0
    SLICE_X32Y83         LUT6 (Prop_lut6_I3_O)        0.124    17.313 r  design_1_i/tm_axi_wrapper_0/inst/tm_inst/scores[3][5]_i_1/O
                         net (fo=1, routed)           0.000    17.313    design_1_i/tm_axi_wrapper_0/inst/tm_inst/scores[3][5]_i_1_n_0
    SLICE_X32Y83         FDCE                                         r  design_1_i/tm_axi_wrapper_0/inst/tm_inst/scores_reg[3][5]/D
  -------------------------------------------------------------------    -------------------

                         (clock clk_fpga_0 rise edge)
                                                     20.000    20.000 r  
    PS7_X0Y0             PS7                          0.000    20.000 r  design_1_i/processing_system7_0/inst/PS7_i/FCLKCLK[0]
                         net (fo=1, routed)           1.088    21.088    design_1_i/processing_system7_0/inst/FCLK_CLK_unbuffered[0]
    BUFGCTRL_X0Y16       BUFG (Prop_bufg_I_O)         0.091    21.179 r  design_1_i/processing_system7_0/inst/buffer_fclk_clk_0.FCLK_CLK_0_BUFG/O
                         net (fo=1413, routed)        1.472    22.651    design_1_i/tm_axi_wrapper_0/inst/tm_inst/S_AXI_ACLK
    SLICE_X32Y83         FDCE                                         r  design_1_i/tm_axi_wrapper_0/inst/tm_inst/scores_reg[3][5]/C
                         clock pessimism              0.129    22.780    
                         clock uncertainty           -0.302    22.478    
    SLICE_X32Y83         FDCE (Setup_fdce_C_D)        0.081    22.559    design_1_i/tm_axi_wrapper_0/inst/tm_inst/scores_reg[3][5]
  -------------------------------------------------------------------
                         required time                         22.559    
                         arrival time                         -17.313    
  -------------------------------------------------------------------
                         slack                                  5.246    

Slack (MET) :             5.246ns  (required time - arrival time)
  Source:                 design_1_i/blk_mem_gen_0/U0/inst_blk_mem_gen/gnbram.gnativebmg.native_blk_mem_gen/valid.cstr/ramloop[61].ram.r/prim_init.ram/DEVICE_7SERIES.NO_BMM_INFO.SP.SIMPLE_PRIM36.ram/CLKARDCLK
                            (rising edge-triggered cell RAMB36E1 clocked by clk_fpga_0  {rise@0.000ns fall@10.000ns period=20.000ns})
  Destination:            design_1_i/tm_axi_wrapper_0/inst/tm_inst/scores_reg[2][6]/D
                            (rising edge-triggered cell FDCE clocked by clk_fpga_0  {rise@0.000ns fall@10.000ns period=20.000ns})
  Path Group:             clk_fpga_0
  Path Type:              Setup (Max at Slow Process Corner)
  Requirement:            20.000ns  (clk_fpga_0 rise@20.000ns - clk_fpga_0 rise@0.000ns)
  Data Path Delay:        14.275ns  (logic 3.743ns (26.222%)  route 10.532ns (73.778%))
  Logic Levels:           8  (LUT4=1 LUT6=6 MUXF7=1)
  Clock Path Skew:        -0.259ns (DCD - SCD + CPR)
    Destination Clock Delay (DCD):    2.652ns = ( 22.652 - 20.000 ) 
    Source Clock Delay      (SCD):    3.039ns
    Clock Pessimism Removal (CPR):    0.129ns
  Clock Uncertainty:      0.302ns  ((TSJ^2 + TIJ^2)^1/2 + DJ) / 2 + PE
    Total System Jitter     (TSJ):    0.071ns
    Total Input Jitter      (TIJ):    0.600ns
    Discrete Jitter          (DJ):    0.000ns
    Phase Error              (PE):    0.000ns

    Location             Delay type                Incr(ns)  Path(ns)    Netlist Resource(s)
  -------------------------------------------------------------------    -------------------
                         (clock clk_fpga_0 rise edge)
                                                      0.000     0.000 r  
    PS7_X0Y0             PS7                          0.000     0.000 r  design_1_i/processing_system7_0/inst/PS7_i/FCLKCLK[0]
                         net (fo=1, routed)           1.193     1.193    design_1_i/processing_system7_0/inst/FCLK_CLK_unbuffered[0]
    BUFGCTRL_X0Y16       BUFG (Prop_bufg_I_O)         0.101     1.294 r  design_1_i/processing_system7_0/inst/buffer_fclk_clk_0.FCLK_CLK_0_BUFG/O
                         net (fo=1413, routed)        1.745     3.039    design_1_i/blk_mem_gen_0/U0/inst_blk_mem_gen/gnbram.gnativebmg.native_blk_mem_gen/valid.cstr/ramloop[61].ram.r/prim_init.ram/clka
    RAMB36_X3Y16         RAMB36E1                                     r  design_1_i/blk_mem_gen_0/U0/inst_blk_mem_gen/gnbram.gnativebmg.native_blk_mem_gen/valid.cstr/ramloop[61].ram.r/prim_init.ram/DEVICE_7SERIES.NO_BMM_INFO.SP.SIMPLE_PRIM36.ram/CLKARDCLK
  -------------------------------------------------------------------    -------------------
    RAMB36_X3Y16         RAMB36E1 (Prop_ramb36e1_CLKARDCLK_DOPADOP[0])
                                                      2.454     5.493 r  design_1_i/blk_mem_gen_0/U0/inst_blk_mem_gen/gnbram.gnativebmg.native_blk_mem_gen/valid.cstr/ramloop[61].ram.r/prim_init.ram/DEVICE_7SERIES.NO_BMM_INFO.SP.SIMPLE_PRIM36.ram/DOPADOP[0]
                         net (fo=1, routed)           1.474     6.967    design_1_i/blk_mem_gen_0/U0/inst_blk_mem_gen/gnbram.gnativebmg.native_blk_mem_gen/valid.cstr/has_mux_a.A/douta[147]_3[0]
    SLICE_X32Y87         LUT6 (Prop_lut6_I5_O)        0.124     7.091 r  design_1_i/blk_mem_gen_0/U0/inst_blk_mem_gen/gnbram.gnativebmg.native_blk_mem_gen/valid.cstr/has_mux_a.A/douta[147]_INST_0_i_2/O
                         net (fo=1, routed)           0.000     7.091    design_1_i/blk_mem_gen_0/U0/inst_blk_mem_gen/gnbram.gnativebmg.native_blk_mem_gen/valid.cstr/has_mux_a.A/douta[147]_INST_0_i_2_n_0
    SLICE_X32Y87         MUXF7 (Prop_muxf7_I1_O)      0.247     7.338 r  design_1_i/blk_mem_gen_0/U0/inst_blk_mem_gen/gnbram.gnativebmg.native_blk_mem_gen/valid.cstr/has_mux_a.A/douta[147]_INST_0/O
                         net (fo=1, routed)           0.317     7.656    design_1_i/tm_axi_wrapper_0/inst/tm_inst/mask_dout_in[147]
    SLICE_X34Y87         LUT4 (Prop_lut4_I1_O)        0.298     7.954 r  design_1_i/tm_axi_wrapper_0/inst/tm_inst/scores[1][15]_i_110/O
                         net (fo=1, routed)           3.677    11.631    design_1_i/tm_axi_wrapper_0/inst/tm_inst/scores[1][15]_i_110_n_0
    SLICE_X90Y25         LUT6 (Prop_lut6_I2_O)        0.124    11.755 r  design_1_i/tm_axi_wrapper_0/inst/tm_inst/scores[1][15]_i_52/O
                         net (fo=1, routed)           0.452    12.207    design_1_i/tm_axi_wrapper_0/inst/tm_inst/scores[1][15]_i_52_n_0
    SLICE_X90Y25         LUT6 (Prop_lut6_I0_O)        0.124    12.331 r  design_1_i/tm_axi_wrapper_0/inst/tm_inst/scores[1][15]_i_18/O
                         net (fo=1, routed)           1.424    13.754    design_1_i/tm_axi_wrapper_0/inst/tm_inst/scores[1][15]_i_18_n_0
    SLICE_X55Y43         LUT6 (Prop_lut6_I3_O)        0.124    13.878 r  design_1_i/tm_axi_wrapper_0/inst/tm_inst/scores[1][15]_i_8/O
                         net (fo=4, routed)           2.119    15.997    design_1_i/tm_axi_wrapper_0/inst/tm_inst/scores[1][15]_i_8_n_0
    SLICE_X41Y76         LUT6 (Prop_lut6_I2_O)        0.124    16.121 r  design_1_i/tm_axi_wrapper_0/inst/tm_inst/scores[1][15]_i_3/O
                         net (fo=64, routed)          1.069    17.190    design_1_i/tm_axi_wrapper_0/inst/tm_inst/scores[1][15]_i_3_n_0
    SLICE_X34Y83         LUT6 (Prop_lut6_I2_O)        0.124    17.314 r  design_1_i/tm_axi_wrapper_0/inst/tm_inst/scores[2][6]_i_1/O
                         net (fo=1, routed)           0.000    17.314    design_1_i/tm_axi_wrapper_0/inst/tm_inst/scores[2][6]_i_1_n_0
    SLICE_X34Y83         FDCE                                         r  design_1_i/tm_axi_wrapper_0/inst/tm_inst/scores_reg[2][6]/D
  -------------------------------------------------------------------    -------------------

                         (clock clk_fpga_0 rise edge)
                                                     20.000    20.000 r  
    PS7_X0Y0             PS7                          0.000    20.000 r  design_1_i/processing_system7_0/inst/PS7_i/FCLKCLK[0]
                         net (fo=1, routed)           1.088    21.088    design_1_i/processing_system7_0/inst/FCLK_CLK_unbuffered[0]
    BUFGCTRL_X0Y16       BUFG (Prop_bufg_I_O)         0.091    21.179 r  design_1_i/processing_system7_0/inst/buffer_fclk_clk_0.FCLK_CLK_0_BUFG/O
                         net (fo=1413, routed)        1.473    22.652    design_1_i/tm_axi_wrapper_0/inst/tm_inst/S_AXI_ACLK
    SLICE_X34Y83         FDCE                                         r  design_1_i/tm_axi_wrapper_0/inst/tm_inst/scores_reg[2][6]/C
                         clock pessimism              0.129    22.781    
                         clock uncertainty           -0.302    22.479    
    SLICE_X34Y83         FDCE (Setup_fdce_C_D)        0.081    22.560    design_1_i/tm_axi_wrapper_0/inst/tm_inst/scores_reg[2][6]
  -------------------------------------------------------------------
                         required time                         22.560    
                         arrival time                         -17.314    
  -------------------------------------------------------------------
                         slack                                  5.246    

Slack (MET) :             5.260ns  (required time - arrival time)
  Source:                 design_1_i/blk_mem_gen_0/U0/inst_blk_mem_gen/gnbram.gnativebmg.native_blk_mem_gen/valid.cstr/ramloop[61].ram.r/prim_init.ram/DEVICE_7SERIES.NO_BMM_INFO.SP.SIMPLE_PRIM36.ram/CLKARDCLK
                            (rising edge-triggered cell RAMB36E1 clocked by clk_fpga_0  {rise@0.000ns fall@10.000ns period=20.000ns})
  Destination:            design_1_i/tm_axi_wrapper_0/inst/tm_inst/scores_reg[2][15]/D
                            (rising edge-triggered cell FDCE clocked by clk_fpga_0  {rise@0.000ns fall@10.000ns period=20.000ns})
  Path Group:             clk_fpga_0
  Path Type:              Setup (Max at Slow Process Corner)
  Requirement:            20.000ns  (clk_fpga_0 rise@20.000ns - clk_fpga_0 rise@0.000ns)
  Data Path Delay:        14.209ns  (logic 3.743ns (26.343%)  route 10.466ns (73.657%))
  Logic Levels:           8  (LUT4=1 LUT6=6 MUXF7=1)
  Clock Path Skew:        -0.259ns (DCD - SCD + CPR)
    Destination Clock Delay (DCD):    2.652ns = ( 22.652 - 20.000 ) 
    Source Clock Delay      (SCD):    3.039ns
    Clock Pessimism Removal (CPR):    0.129ns
  Clock Uncertainty:      0.302ns  ((TSJ^2 + TIJ^2)^1/2 + DJ) / 2 + PE
    Total System Jitter     (TSJ):    0.071ns
    Total Input Jitter      (TIJ):    0.600ns
    Discrete Jitter          (DJ):    0.000ns
    Phase Error              (PE):    0.000ns

    Location             Delay type                Incr(ns)  Path(ns)    Netlist Resource(s)
  -------------------------------------------------------------------    -------------------
                         (clock clk_fpga_0 rise edge)
                                                      0.000     0.000 r  
    PS7_X0Y0             PS7                          0.000     0.000 r  design_1_i/processing_system7_0/inst/PS7_i/FCLKCLK[0]
                         net (fo=1, routed)           1.193     1.193    design_1_i/processing_system7_0/inst/FCLK_CLK_unbuffered[0]
    BUFGCTRL_X0Y16       BUFG (Prop_bufg_I_O)         0.101     1.294 r  design_1_i/processing_system7_0/inst/buffer_fclk_clk_0.FCLK_CLK_0_BUFG/O
                         net (fo=1413, routed)        1.745     3.039    design_1_i/blk_mem_gen_0/U0/inst_blk_mem_gen/gnbram.gnativebmg.native_blk_mem_gen/valid.cstr/ramloop[61].ram.r/prim_init.ram/clka
    RAMB36_X3Y16         RAMB36E1                                     r  design_1_i/blk_mem_gen_0/U0/inst_blk_mem_gen/gnbram.gnativebmg.native_blk_mem_gen/valid.cstr/ramloop[61].ram.r/prim_init.ram/DEVICE_7SERIES.NO_BMM_INFO.SP.SIMPLE_PRIM36.ram/CLKARDCLK
  -------------------------------------------------------------------    -------------------
    RAMB36_X3Y16         RAMB36E1 (Prop_ramb36e1_CLKARDCLK_DOPADOP[0])
                                                      2.454     5.493 r  design_1_i/blk_mem_gen_0/U0/inst_blk_mem_gen/gnbram.gnativebmg.native_blk_mem_gen/valid.cstr/ramloop[61].ram.r/prim_init.ram/DEVICE_7SERIES.NO_BMM_INFO.SP.SIMPLE_PRIM36.ram/DOPADOP[0]
                         net (fo=1, routed)           1.474     6.967    design_1_i/blk_mem_gen_0/U0/inst_blk_mem_gen/gnbram.gnativebmg.native_blk_mem_gen/valid.cstr/has_mux_a.A/douta[147]_3[0]
    SLICE_X32Y87         LUT6 (Prop_lut6_I5_O)        0.124     7.091 r  design_1_i/blk_mem_gen_0/U0/inst_blk_mem_gen/gnbram.gnativebmg.native_blk_mem_gen/valid.cstr/has_mux_a.A/douta[147]_INST_0_i_2/O
                         net (fo=1, routed)           0.000     7.091    design_1_i/blk_mem_gen_0/U0/inst_blk_mem_gen/gnbram.gnativebmg.native_blk_mem_gen/valid.cstr/has_mux_a.A/douta[147]_INST_0_i_2_n_0
    SLICE_X32Y87         MUXF7 (Prop_muxf7_I1_O)      0.247     7.338 r  design_1_i/blk_mem_gen_0/U0/inst_blk_mem_gen/gnbram.gnativebmg.native_blk_mem_gen/valid.cstr/has_mux_a.A/douta[147]_INST_0/O
                         net (fo=1, routed)           0.317     7.656    design_1_i/tm_axi_wrapper_0/inst/tm_inst/mask_dout_in[147]
    SLICE_X34Y87         LUT4 (Prop_lut4_I1_O)        0.298     7.954 r  design_1_i/tm_axi_wrapper_0/inst/tm_inst/scores[1][15]_i_110/O
                         net (fo=1, routed)           3.677    11.631    design_1_i/tm_axi_wrapper_0/inst/tm_inst/scores[1][15]_i_110_n_0
    SLICE_X90Y25         LUT6 (Prop_lut6_I2_O)        0.124    11.755 r  design_1_i/tm_axi_wrapper_0/inst/tm_inst/scores[1][15]_i_52/O
                         net (fo=1, routed)           0.452    12.207    design_1_i/tm_axi_wrapper_0/inst/tm_inst/scores[1][15]_i_52_n_0
    SLICE_X90Y25         LUT6 (Prop_lut6_I0_O)        0.124    12.331 r  design_1_i/tm_axi_wrapper_0/inst/tm_inst/scores[1][15]_i_18/O
                         net (fo=1, routed)           1.424    13.754    design_1_i/tm_axi_wrapper_0/inst/tm_inst/scores[1][15]_i_18_n_0
    SLICE_X55Y43         LUT6 (Prop_lut6_I3_O)        0.124    13.878 r  design_1_i/tm_axi_wrapper_0/inst/tm_inst/scores[1][15]_i_8/O
                         net (fo=4, routed)           2.119    15.997    design_1_i/tm_axi_wrapper_0/inst/tm_inst/scores[1][15]_i_8_n_0
    SLICE_X41Y76         LUT6 (Prop_lut6_I2_O)        0.124    16.121 r  design_1_i/tm_axi_wrapper_0/inst/tm_inst/scores[1][15]_i_3/O
                         net (fo=64, routed)          1.003    17.124    design_1_i/tm_axi_wrapper_0/inst/tm_inst/scores[1][15]_i_3_n_0
    SLICE_X44Y86         LUT6 (Prop_lut6_I2_O)        0.124    17.248 r  design_1_i/tm_axi_wrapper_0/inst/tm_inst/scores[2][15]_i_1/O
                         net (fo=1, routed)           0.000    17.248    design_1_i/tm_axi_wrapper_0/inst/tm_inst/scores[2][15]_i_1_n_0
    SLICE_X44Y86         FDCE                                         r  design_1_i/tm_axi_wrapper_0/inst/tm_inst/scores_reg[2][15]/D
  -------------------------------------------------------------------    -------------------

                         (clock clk_fpga_0 rise edge)
                                                     20.000    20.000 r  
    PS7_X0Y0             PS7                          0.000    20.000 r  design_1_i/processing_system7_0/inst/PS7_i/FCLKCLK[0]
                         net (fo=1, routed)           1.088    21.088    design_1_i/processing_system7_0/inst/FCLK_CLK_unbuffered[0]
    BUFGCTRL_X0Y16       BUFG (Prop_bufg_I_O)         0.091    21.179 r  design_1_i/processing_system7_0/inst/buffer_fclk_clk_0.FCLK_CLK_0_BUFG/O
                         net (fo=1413, routed)        1.473    22.652    design_1_i/tm_axi_wrapper_0/inst/tm_inst/S_AXI_ACLK
    SLICE_X44Y86         FDCE                                         r  design_1_i/tm_axi_wrapper_0/inst/tm_inst/scores_reg[2][15]/C
                         clock pessimism              0.129    22.781    
                         clock uncertainty           -0.302    22.479    
    SLICE_X44Y86         FDCE (Setup_fdce_C_D)        0.029    22.508    design_1_i/tm_axi_wrapper_0/inst/tm_inst/scores_reg[2][15]
  -------------------------------------------------------------------
                         required time                         22.508    
                         arrival time                         -17.248    
  -------------------------------------------------------------------
                         slack                                  5.260    





Min Delay Paths
--------------------------------------------------------------------------------------
Slack (MET) :             0.034ns  (arrival time - required time)
  Source:                 design_1_i/ps7_0_axi_periph/s00_couplers/auto_pc/inst/gen_axilite.gen_b2s_conv.axilite_b2s/WR.b_channel_0/s_bresp_acc_reg[1]/C
                            (rising edge-triggered cell FDRE clocked by clk_fpga_0  {rise@0.000ns fall@10.000ns period=20.000ns})
  Destination:            design_1_i/ps7_0_axi_periph/s00_couplers/auto_pc/inst/gen_axilite.gen_b2s_conv.axilite_b2s/WR.b_channel_0/bresp_fifo_0/memory_reg[3][1]_srl4/D
                            (rising edge-triggered cell SRL16E clocked by clk_fpga_0  {rise@0.000ns fall@10.000ns period=20.000ns})
  Path Group:             clk_fpga_0
  Path Type:              Hold (Min at Fast Process Corner)
  Requirement:            0.000ns  (clk_fpga_0 rise@0.000ns - clk_fpga_0 rise@0.000ns)
  Data Path Delay:        0.325ns  (logic 0.141ns (43.322%)  route 0.184ns (56.678%))
  Logic Levels:           0  
  Clock Path Skew:        0.183ns (DCD - SCD - CPR)
    Destination Clock Delay (DCD):    1.210ns
    Source Clock Delay      (SCD):    0.992ns
    Clock Pessimism Removal (CPR):    0.035ns

    Location             Delay type                Incr(ns)  Path(ns)    Netlist Resource(s)
  -------------------------------------------------------------------    -------------------
                         (clock clk_fpga_0 rise edge)
                                                      0.000     0.000 r  
    PS7_X0Y0             PS7                          0.000     0.000 r  design_1_i/processing_system7_0/inst/PS7_i/FCLKCLK[0]
                         net (fo=1, routed)           0.310     0.310    design_1_i/processing_system7_0/inst/FCLK_CLK_unbuffered[0]
    BUFGCTRL_X0Y16       BUFG (Prop_bufg_I_O)         0.026     0.336 r  design_1_i/processing_system7_0/inst/buffer_fclk_clk_0.FCLK_CLK_0_BUFG/O
                         net (fo=1413, routed)        0.656     0.992    design_1_i/ps7_0_axi_periph/s00_couplers/auto_pc/inst/gen_axilite.gen_b2s_conv.axilite_b2s/WR.b_channel_0/aclk
    SLICE_X27Y100        FDRE                                         r  design_1_i/ps7_0_axi_periph/s00_couplers/auto_pc/inst/gen_axilite.gen_b2s_conv.axilite_b2s/WR.b_channel_0/s_bresp_acc_reg[1]/C
  -------------------------------------------------------------------    -------------------
    SLICE_X27Y100        FDRE (Prop_fdre_C_Q)         0.141     1.133 r  design_1_i/ps7_0_axi_periph/s00_couplers/auto_pc/inst/gen_axilite.gen_b2s_conv.axilite_b2s/WR.b_channel_0/s_bresp_acc_reg[1]/Q
                         net (fo=2, routed)           0.184     1.317    design_1_i/ps7_0_axi_periph/s00_couplers/auto_pc/inst/gen_axilite.gen_b2s_conv.axilite_b2s/WR.b_channel_0/bresp_fifo_0/in[1]
    SLICE_X26Y99         SRL16E                                       r  design_1_i/ps7_0_axi_periph/s00_couplers/auto_pc/inst/gen_axilite.gen_b2s_conv.axilite_b2s/WR.b_channel_0/bresp_fifo_0/memory_reg[3][1]_srl4/D
  -------------------------------------------------------------------    -------------------

                         (clock clk_fpga_0 rise edge)
                                                      0.000     0.000 r  
    PS7_X0Y0             PS7                          0.000     0.000 r  design_1_i/processing_system7_0/inst/PS7_i/FCLKCLK[0]
                         net (fo=1, routed)           0.337     0.337    design_1_i/processing_system7_0/inst/FCLK_CLK_unbuffered[0]
    BUFGCTRL_X0Y16       BUFG (Prop_bufg_I_O)         0.029     0.366 r  design_1_i/processing_system7_0/inst/buffer_fclk_clk_0.FCLK_CLK_0_BUFG/O
                         net (fo=1413, routed)        0.844     1.210    design_1_i/ps7_0_axi_periph/s00_couplers/auto_pc/inst/gen_axilite.gen_b2s_conv.axilite_b2s/WR.b_channel_0/bresp_fifo_0/aclk
    SLICE_X26Y99         SRL16E                                       r  design_1_i/ps7_0_axi_periph/s00_couplers/auto_pc/inst/gen_axilite.gen_b2s_conv.axilite_b2s/WR.b_channel_0/bresp_fifo_0/memory_reg[3][1]_srl4/CLK
                         clock pessimism             -0.035     1.175    
    SLICE_X26Y99         SRL16E (Hold_srl16e_CLK_D)
                                                      0.109     1.284    design_1_i/ps7_0_axi_periph/s00_couplers/auto_pc/inst/gen_axilite.gen_b2s_conv.axilite_b2s/WR.b_channel_0/bresp_fifo_0/memory_reg[3][1]_srl4
  -------------------------------------------------------------------
                         required time                         -1.284    
                         arrival time                           1.317    
  -------------------------------------------------------------------
                         slack                                  0.034    

Slack (MET) :             0.041ns  (arrival time - required time)
  Source:                 design_1_i/ps7_0_axi_periph/s00_couplers/auto_pc/inst/gen_axilite.gen_b2s_conv.axilite_b2s/WR.b_channel_0/s_bresp_acc_reg[0]/C
                            (rising edge-triggered cell FDRE clocked by clk_fpga_0  {rise@0.000ns fall@10.000ns period=20.000ns})
  Destination:            design_1_i/ps7_0_axi_periph/s00_couplers/auto_pc/inst/gen_axilite.gen_b2s_conv.axilite_b2s/WR.b_channel_0/bresp_fifo_0/memory_reg[3][0]_srl4/D
                            (rising edge-triggered cell SRL16E clocked by clk_fpga_0  {rise@0.000ns fall@10.000ns period=20.000ns})
  Path Group:             clk_fpga_0
  Path Type:              Hold (Min at Fast Process Corner)
  Requirement:            0.000ns  (clk_fpga_0 rise@0.000ns - clk_fpga_0 rise@0.000ns)
  Data Path Delay:        0.325ns  (logic 0.141ns (43.322%)  route 0.184ns (56.678%))
  Logic Levels:           0  
  Clock Path Skew:        0.183ns (DCD - SCD - CPR)
    Destination Clock Delay (DCD):    1.210ns
    Source Clock Delay      (SCD):    0.992ns
    Clock Pessimism Removal (CPR):    0.035ns

    Location             Delay type                Incr(ns)  Path(ns)    Netlist Resource(s)
  -------------------------------------------------------------------    -------------------
                         (clock clk_fpga_0 rise edge)
                                                      0.000     0.000 r  
    PS7_X0Y0             PS7                          0.000     0.000 r  design_1_i/processing_system7_0/inst/PS7_i/FCLKCLK[0]
                         net (fo=1, routed)           0.310     0.310    design_1_i/processing_system7_0/inst/FCLK_CLK_unbuffered[0]
    BUFGCTRL_X0Y16       BUFG (Prop_bufg_I_O)         0.026     0.336 r  design_1_i/processing_system7_0/inst/buffer_fclk_clk_0.FCLK_CLK_0_BUFG/O
                         net (fo=1413, routed)        0.656     0.992    design_1_i/ps7_0_axi_periph/s00_couplers/auto_pc/inst/gen_axilite.gen_b2s_conv.axilite_b2s/WR.b_channel_0/aclk
    SLICE_X27Y100        FDRE                                         r  design_1_i/ps7_0_axi_periph/s00_couplers/auto_pc/inst/gen_axilite.gen_b2s_conv.axilite_b2s/WR.b_channel_0/s_bresp_acc_reg[0]/C
  -------------------------------------------------------------------    -------------------
    SLICE_X27Y100        FDRE (Prop_fdre_C_Q)         0.141     1.133 r  design_1_i/ps7_0_axi_periph/s00_couplers/auto_pc/inst/gen_axilite.gen_b2s_conv.axilite_b2s/WR.b_channel_0/s_bresp_acc_reg[0]/Q
                         net (fo=2, routed)           0.184     1.317    design_1_i/ps7_0_axi_periph/s00_couplers/auto_pc/inst/gen_axilite.gen_b2s_conv.axilite_b2s/WR.b_channel_0/bresp_fifo_0/in[0]
    SLICE_X26Y99         SRL16E                                       r  design_1_i/ps7_0_axi_periph/s00_couplers/auto_pc/inst/gen_axilite.gen_b2s_conv.axilite_b2s/WR.b_channel_0/bresp_fifo_0/memory_reg[3][0]_srl4/D
  -------------------------------------------------------------------    -------------------

                         (clock clk_fpga_0 rise edge)
                                                      0.000     0.000 r  
    PS7_X0Y0             PS7                          0.000     0.000 r  design_1_i/processing_system7_0/inst/PS7_i/FCLKCLK[0]
                         net (fo=1, routed)           0.337     0.337    design_1_i/processing_system7_0/inst/FCLK_CLK_unbuffered[0]
    BUFGCTRL_X0Y16       BUFG (Prop_bufg_I_O)         0.029     0.366 r  design_1_i/processing_system7_0/inst/buffer_fclk_clk_0.FCLK_CLK_0_BUFG/O
                         net (fo=1413, routed)        0.844     1.210    design_1_i/ps7_0_axi_periph/s00_couplers/auto_pc/inst/gen_axilite.gen_b2s_conv.axilite_b2s/WR.b_channel_0/bresp_fifo_0/aclk
    SLICE_X26Y99         SRL16E                                       r  design_1_i/ps7_0_axi_periph/s00_couplers/auto_pc/inst/gen_axilite.gen_b2s_conv.axilite_b2s/WR.b_channel_0/bresp_fifo_0/memory_reg[3][0]_srl4/CLK
                         clock pessimism             -0.035     1.175    
    SLICE_X26Y99         SRL16E (Hold_srl16e_CLK_D)
                                                      0.102     1.277    design_1_i/ps7_0_axi_periph/s00_couplers/auto_pc/inst/gen_axilite.gen_b2s_conv.axilite_b2s/WR.b_channel_0/bresp_fifo_0/memory_reg[3][0]_srl4
  -------------------------------------------------------------------
                         required time                         -1.277    
                         arrival time                           1.317    
  -------------------------------------------------------------------
                         slack                                  0.041    

Slack (MET) :             0.087ns  (arrival time - required time)
  Source:                 design_1_i/tm_axi_wrapper_0/inst/tm_inst/mask_addr_reg[0]/C
                            (rising edge-triggered cell FDCE clocked by clk_fpga_0  {rise@0.000ns fall@10.000ns period=20.000ns})
  Destination:            design_1_i/blk_mem_gen_0/U0/inst_blk_mem_gen/gnbram.gnativebmg.native_blk_mem_gen/valid.cstr/ramloop[81].ram.r/prim_init.ram/DEVICE_7SERIES.NO_BMM_INFO.SP.SIMPLE_PRIM36.ram/ADDRARDADDR[5]
                            (rising edge-triggered cell RAMB36E1 clocked by clk_fpga_0  {rise@0.000ns fall@10.000ns period=20.000ns})
  Path Group:             clk_fpga_0
  Path Type:              Hold (Min at Fast Process Corner)
  Requirement:            0.000ns  (clk_fpga_0 rise@0.000ns - clk_fpga_0 rise@0.000ns)
  Data Path Delay:        0.590ns  (logic 0.164ns (27.812%)  route 0.426ns (72.188%))
  Logic Levels:           0  
  Clock Path Skew:        0.320ns (DCD - SCD - CPR)
    Destination Clock Delay (DCD):    1.239ns
    Source Clock Delay      (SCD):    0.890ns
    Clock Pessimism Removal (CPR):    0.030ns

    Location             Delay type                Incr(ns)  Path(ns)    Netlist Resource(s)
  -------------------------------------------------------------------    -------------------
                         (clock clk_fpga_0 rise edge)
                                                      0.000     0.000 r  
    PS7_X0Y0             PS7                          0.000     0.000 r  design_1_i/processing_system7_0/inst/PS7_i/FCLKCLK[0]
                         net (fo=1, routed)           0.310     0.310    design_1_i/processing_system7_0/inst/FCLK_CLK_unbuffered[0]
    BUFGCTRL_X0Y16       BUFG (Prop_bufg_I_O)         0.026     0.336 r  design_1_i/processing_system7_0/inst/buffer_fclk_clk_0.FCLK_CLK_0_BUFG/O
                         net (fo=1413, routed)        0.554     0.890    design_1_i/tm_axi_wrapper_0/inst/tm_inst/S_AXI_ACLK
    SLICE_X36Y60         FDCE                                         r  design_1_i/tm_axi_wrapper_0/inst/tm_inst/mask_addr_reg[0]/C
  -------------------------------------------------------------------    -------------------
    SLICE_X36Y60         FDCE (Prop_fdce_C_Q)         0.164     1.054 r  design_1_i/tm_axi_wrapper_0/inst/tm_inst/mask_addr_reg[0]/Q
                         net (fo=109, routed)         0.426     1.479    design_1_i/blk_mem_gen_0/U0/inst_blk_mem_gen/gnbram.gnativebmg.native_blk_mem_gen/valid.cstr/ramloop[81].ram.r/prim_init.ram/addra[0]
    RAMB36_X2Y9          RAMB36E1                                     r  design_1_i/blk_mem_gen_0/U0/inst_blk_mem_gen/gnbram.gnativebmg.native_blk_mem_gen/valid.cstr/ramloop[81].ram.r/prim_init.ram/DEVICE_7SERIES.NO_BMM_INFO.SP.SIMPLE_PRIM36.ram/ADDRARDADDR[5]
  -------------------------------------------------------------------    -------------------

                         (clock clk_fpga_0 rise edge)
                                                      0.000     0.000 r  
    PS7_X0Y0             PS7                          0.000     0.000 r  design_1_i/processing_system7_0/inst/PS7_i/FCLKCLK[0]
                         net (fo=1, routed)           0.337     0.337    design_1_i/processing_system7_0/inst/FCLK_CLK_unbuffered[0]
    BUFGCTRL_X0Y16       BUFG (Prop_bufg_I_O)         0.029     0.366 r  design_1_i/processing_system7_0/inst/buffer_fclk_clk_0.FCLK_CLK_0_BUFG/O
                         net (fo=1413, routed)        0.873     1.239    design_1_i/blk_mem_gen_0/U0/inst_blk_mem_gen/gnbram.gnativebmg.native_blk_mem_gen/valid.cstr/ramloop[81].ram.r/prim_init.ram/clka
    RAMB36_X2Y9          RAMB36E1                                     r  design_1_i/blk_mem_gen_0/U0/inst_blk_mem_gen/gnbram.gnativebmg.native_blk_mem_gen/valid.cstr/ramloop[81].ram.r/prim_init.ram/DEVICE_7SERIES.NO_BMM_INFO.SP.SIMPLE_PRIM36.ram/CLKARDCLK
                         clock pessimism             -0.030     1.209    
    RAMB36_X2Y9          RAMB36E1 (Hold_ramb36e1_CLKARDCLK_ADDRARDADDR[5])
                                                      0.183     1.392    design_1_i/blk_mem_gen_0/U0/inst_blk_mem_gen/gnbram.gnativebmg.native_blk_mem_gen/valid.cstr/ramloop[81].ram.r/prim_init.ram/DEVICE_7SERIES.NO_BMM_INFO.SP.SIMPLE_PRIM36.ram
  -------------------------------------------------------------------
                         required time                         -1.392    
                         arrival time                           1.479    
  -------------------------------------------------------------------
                         slack                                  0.087    

Slack (MET) :             0.104ns  (arrival time - required time)
  Source:                 design_1_i/ps7_0_axi_periph/s00_couplers/auto_pc/inst/gen_axilite.gen_b2s_conv.axilite_b2s/RD.r_channel_0/r_arid_r_reg[5]/C
                            (rising edge-triggered cell FDRE clocked by clk_fpga_0  {rise@0.000ns fall@10.000ns period=20.000ns})
  Destination:            design_1_i/ps7_0_axi_periph/s00_couplers/auto_pc/inst/gen_axilite.gen_b2s_conv.axilite_b2s/RD.r_channel_0/transaction_fifo_0/memory_reg[31][6]_srl32/D
                            (rising edge-triggered cell SRLC32E clocked by clk_fpga_0  {rise@0.000ns fall@10.000ns period=20.000ns})
  Path Group:             clk_fpga_0
  Path Type:              Hold (Min at Fast Process Corner)
  Requirement:            0.000ns  (clk_fpga_0 rise@0.000ns - clk_fpga_0 rise@0.000ns)
  Data Path Delay:        0.318ns  (logic 0.141ns (44.359%)  route 0.177ns (55.641%))
  Logic Levels:           0  
  Clock Path Skew:        0.031ns (DCD - SCD - CPR)
    Destination Clock Delay (DCD):    1.200ns
    Source Clock Delay      (SCD):    0.905ns
    Clock Pessimism Removal (CPR):    0.264ns

    Location             Delay type                Incr(ns)  Path(ns)    Netlist Resource(s)
  -------------------------------------------------------------------    -------------------
                         (clock clk_fpga_0 rise edge)
                                                      0.000     0.000 r  
    PS7_X0Y0             PS7                          0.000     0.000 r  design_1_i/processing_system7_0/inst/PS7_i/FCLKCLK[0]
                         net (fo=1, routed)           0.310     0.310    design_1_i/processing_system7_0/inst/FCLK_CLK_unbuffered[0]
    BUFGCTRL_X0Y16       BUFG (Prop_bufg_I_O)         0.026     0.336 r  design_1_i/processing_system7_0/inst/buffer_fclk_clk_0.FCLK_CLK_0_BUFG/O
                         net (fo=1413, routed)        0.569     0.905    design_1_i/ps7_0_axi_periph/s00_couplers/auto_pc/inst/gen_axilite.gen_b2s_conv.axilite_b2s/RD.r_channel_0/aclk
    SLICE_X28Y81         FDRE                                         r  design_1_i/ps7_0_axi_periph/s00_couplers/auto_pc/inst/gen_axilite.gen_b2s_conv.axilite_b2s/RD.r_channel_0/r_arid_r_reg[5]/C
  -------------------------------------------------------------------    -------------------
    SLICE_X28Y81         FDRE (Prop_fdre_C_Q)         0.141     1.046 r  design_1_i/ps7_0_axi_periph/s00_couplers/auto_pc/inst/gen_axilite.gen_b2s_conv.axilite_b2s/RD.r_channel_0/r_arid_r_reg[5]/Q
                         net (fo=1, routed)           0.177     1.222    design_1_i/ps7_0_axi_periph/s00_couplers/auto_pc/inst/gen_axilite.gen_b2s_conv.axilite_b2s/RD.r_channel_0/transaction_fifo_0/in[6]
    SLICE_X26Y81         SRLC32E                                      r  design_1_i/ps7_0_axi_periph/s00_couplers/auto_pc/inst/gen_axilite.gen_b2s_conv.axilite_b2s/RD.r_channel_0/transaction_fifo_0/memory_reg[31][6]_srl32/D
  -------------------------------------------------------------------    -------------------

                         (clock clk_fpga_0 rise edge)
                                                      0.000     0.000 r  
    PS7_X0Y0             PS7                          0.000     0.000 r  design_1_i/processing_system7_0/inst/PS7_i/FCLKCLK[0]
                         net (fo=1, routed)           0.337     0.337    design_1_i/processing_system7_0/inst/FCLK_CLK_unbuffered[0]
    BUFGCTRL_X0Y16       BUFG (Prop_bufg_I_O)         0.029     0.366 r  design_1_i/processing_system7_0/inst/buffer_fclk_clk_0.FCLK_CLK_0_BUFG/O
                         net (fo=1413, routed)        0.834     1.200    design_1_i/ps7_0_axi_periph/s00_couplers/auto_pc/inst/gen_axilite.gen_b2s_conv.axilite_b2s/RD.r_channel_0/transaction_fifo_0/aclk
    SLICE_X26Y81         SRLC32E                                      r  design_1_i/ps7_0_axi_periph/s00_couplers/auto_pc/inst/gen_axilite.gen_b2s_conv.axilite_b2s/RD.r_channel_0/transaction_fifo_0/memory_reg[31][6]_srl32/CLK
                         clock pessimism             -0.264     0.936    
    SLICE_X26Y81         SRLC32E (Hold_srlc32e_CLK_D)
                                                      0.183     1.119    design_1_i/ps7_0_axi_periph/s00_couplers/auto_pc/inst/gen_axilite.gen_b2s_conv.axilite_b2s/RD.r_channel_0/transaction_fifo_0/memory_reg[31][6]_srl32
  -------------------------------------------------------------------
                         required time                         -1.119    
                         arrival time                           1.222    
  -------------------------------------------------------------------
                         slack                                  0.104    

Slack (MET) :             0.108ns  (arrival time - required time)
  Source:                 design_1_i/tm_axi_wrapper_0/inst/S_AXI_RDATA_reg[5]/C
                            (rising edge-triggered cell FDRE clocked by clk_fpga_0  {rise@0.000ns fall@10.000ns period=20.000ns})
  Destination:            design_1_i/ps7_0_axi_periph/s00_couplers/auto_pc/inst/gen_axilite.gen_b2s_conv.axilite_b2s/RD.r_channel_0/rd_data_fifo_0/memory_reg[31][5]_srl32/D
                            (rising edge-triggered cell SRLC32E clocked by clk_fpga_0  {rise@0.000ns fall@10.000ns period=20.000ns})
  Path Group:             clk_fpga_0
  Path Type:              Hold (Min at Fast Process Corner)
  Requirement:            0.000ns  (clk_fpga_0 rise@0.000ns - clk_fpga_0 rise@0.000ns)
  Data Path Delay:        0.322ns  (logic 0.164ns (50.906%)  route 0.158ns (49.094%))
  Logic Levels:           0  
  Clock Path Skew:        0.031ns (DCD - SCD - CPR)
    Destination Clock Delay (DCD):    1.203ns
    Source Clock Delay      (SCD):    0.908ns
    Clock Pessimism Removal (CPR):    0.264ns

    Location             Delay type                Incr(ns)  Path(ns)    Netlist Resource(s)
  -------------------------------------------------------------------    -------------------
                         (clock clk_fpga_0 rise edge)
                                                      0.000     0.000 r  
    PS7_X0Y0             PS7                          0.000     0.000 r  design_1_i/processing_system7_0/inst/PS7_i/FCLKCLK[0]
                         net (fo=1, routed)           0.310     0.310    design_1_i/processing_system7_0/inst/FCLK_CLK_unbuffered[0]
    BUFGCTRL_X0Y16       BUFG (Prop_bufg_I_O)         0.026     0.336 r  design_1_i/processing_system7_0/inst/buffer_fclk_clk_0.FCLK_CLK_0_BUFG/O
                         net (fo=1413, routed)        0.572     0.908    design_1_i/tm_axi_wrapper_0/inst/S_AXI_ACLK
    SLICE_X30Y85         FDRE                                         r  design_1_i/tm_axi_wrapper_0/inst/S_AXI_RDATA_reg[5]/C
  -------------------------------------------------------------------    -------------------
    SLICE_X30Y85         FDRE (Prop_fdre_C_Q)         0.164     1.072 r  design_1_i/tm_axi_wrapper_0/inst/S_AXI_RDATA_reg[5]/Q
                         net (fo=1, routed)           0.158     1.230    design_1_i/ps7_0_axi_periph/s00_couplers/auto_pc/inst/gen_axilite.gen_b2s_conv.axilite_b2s/RD.r_channel_0/rd_data_fifo_0/in[5]
    SLICE_X26Y84         SRLC32E                                      r  design_1_i/ps7_0_axi_periph/s00_couplers/auto_pc/inst/gen_axilite.gen_b2s_conv.axilite_b2s/RD.r_channel_0/rd_data_fifo_0/memory_reg[31][5]_srl32/D
  -------------------------------------------------------------------    -------------------

                         (clock clk_fpga_0 rise edge)
                                                      0.000     0.000 r  
    PS7_X0Y0             PS7                          0.000     0.000 r  design_1_i/processing_system7_0/inst/PS7_i/FCLKCLK[0]
                         net (fo=1, routed)           0.337     0.337    design_1_i/processing_system7_0/inst/FCLK_CLK_unbuffered[0]
    BUFGCTRL_X0Y16       BUFG (Prop_bufg_I_O)         0.029     0.366 r  design_1_i/processing_system7_0/inst/buffer_fclk_clk_0.FCLK_CLK_0_BUFG/O
                         net (fo=1413, routed)        0.837     1.203    design_1_i/ps7_0_axi_periph/s00_couplers/auto_pc/inst/gen_axilite.gen_b2s_conv.axilite_b2s/RD.r_channel_0/rd_data_fifo_0/aclk
    SLICE_X26Y84         SRLC32E                                      r  design_1_i/ps7_0_axi_periph/s00_couplers/auto_pc/inst/gen_axilite.gen_b2s_conv.axilite_b2s/RD.r_channel_0/rd_data_fifo_0/memory_reg[31][5]_srl32/CLK
                         clock pessimism             -0.264     0.939    
    SLICE_X26Y84         SRLC32E (Hold_srlc32e_CLK_D)
                                                      0.183     1.122    design_1_i/ps7_0_axi_periph/s00_couplers/auto_pc/inst/gen_axilite.gen_b2s_conv.axilite_b2s/RD.r_channel_0/rd_data_fifo_0/memory_reg[31][5]_srl32
  -------------------------------------------------------------------
                         required time                         -1.122    
                         arrival time                           1.230    
  -------------------------------------------------------------------
                         slack                                  0.108    

Slack (MET) :             0.109ns  (arrival time - required time)
  Source:                 design_1_i/ps7_0_axi_periph/s00_couplers/auto_pc/inst/gen_axilite.gen_b2s_conv.axilite_b2s/WR.aw_channel_0/cmd_translator_0/wrap_cmd_0/wrap_boundary_axaddr_r_reg[4]/C
                            (rising edge-triggered cell FDRE clocked by clk_fpga_0  {rise@0.000ns fall@10.000ns period=20.000ns})
  Destination:            design_1_i/ps7_0_axi_periph/s00_couplers/auto_pc/inst/gen_axilite.gen_b2s_conv.axilite_b2s/WR.aw_channel_0/cmd_translator_0/wrap_cmd_0/axaddr_wrap_reg[4]/D
                            (rising edge-triggered cell FDRE clocked by clk_fpga_0  {rise@0.000ns fall@10.000ns period=20.000ns})
  Path Group:             clk_fpga_0
  Path Type:              Hold (Min at Fast Process Corner)
  Requirement:            0.000ns  (clk_fpga_0 rise@0.000ns - clk_fpga_0 rise@0.000ns)
  Data Path Delay:        0.242ns  (logic 0.186ns (76.827%)  route 0.056ns (23.174%))
  Logic Levels:           1  (LUT5=1)
  Clock Path Skew:        0.013ns (DCD - SCD - CPR)
    Destination Clock Delay (DCD):    1.192ns
    Source Clock Delay      (SCD):    0.895ns
    Clock Pessimism Removal (CPR):    0.284ns

    Location             Delay type                Incr(ns)  Path(ns)    Netlist Resource(s)
  -------------------------------------------------------------------    -------------------
                         (clock clk_fpga_0 rise edge)
                                                      0.000     0.000 r  
    PS7_X0Y0             PS7                          0.000     0.000 r  design_1_i/processing_system7_0/inst/PS7_i/FCLKCLK[0]
                         net (fo=1, routed)           0.310     0.310    design_1_i/processing_system7_0/inst/FCLK_CLK_unbuffered[0]
    BUFGCTRL_X0Y16       BUFG (Prop_bufg_I_O)         0.026     0.336 r  design_1_i/processing_system7_0/inst/buffer_fclk_clk_0.FCLK_CLK_0_BUFG/O
                         net (fo=1413, routed)        0.559     0.895    design_1_i/ps7_0_axi_periph/s00_couplers/auto_pc/inst/gen_axilite.gen_b2s_conv.axilite_b2s/WR.aw_channel_0/cmd_translator_0/wrap_cmd_0/aclk
    SLICE_X33Y97         FDRE                                         r  design_1_i/ps7_0_axi_periph/s00_couplers/auto_pc/inst/gen_axilite.gen_b2s_conv.axilite_b2s/WR.aw_channel_0/cmd_translator_0/wrap_cmd_0/wrap_boundary_axaddr_r_reg[4]/C
  -------------------------------------------------------------------    -------------------
    SLICE_X33Y97         FDRE (Prop_fdre_C_Q)         0.141     1.036 r  design_1_i/ps7_0_axi_periph/s00_couplers/auto_pc/inst/gen_axilite.gen_b2s_conv.axilite_b2s/WR.aw_channel_0/cmd_translator_0/wrap_cmd_0/wrap_boundary_axaddr_r_reg[4]/Q
                         net (fo=1, routed)           0.056     1.092    design_1_i/ps7_0_axi_periph/s00_couplers/auto_pc/inst/gen_axilite.gen_b2s_conv.axilite_b2s/WR.aw_channel_0/cmd_translator_0/wrap_cmd_0/wrap_boundary_axaddr_r[4]
    SLICE_X32Y97         LUT5 (Prop_lut5_I3_O)        0.045     1.137 r  design_1_i/ps7_0_axi_periph/s00_couplers/auto_pc/inst/gen_axilite.gen_b2s_conv.axilite_b2s/WR.aw_channel_0/cmd_translator_0/wrap_cmd_0/axaddr_wrap[4]_i_1__0/O
                         net (fo=1, routed)           0.000     1.137    design_1_i/ps7_0_axi_periph/s00_couplers/auto_pc/inst/gen_axilite.gen_b2s_conv.axilite_b2s/WR.aw_channel_0/cmd_translator_0/wrap_cmd_0/axaddr_wrap[4]_i_1__0_n_0
    SLICE_X32Y97         FDRE                                         r  design_1_i/ps7_0_axi_periph/s00_couplers/auto_pc/inst/gen_axilite.gen_b2s_conv.axilite_b2s/WR.aw_channel_0/cmd_translator_0/wrap_cmd_0/axaddr_wrap_reg[4]/D
  -------------------------------------------------------------------    -------------------

                         (clock clk_fpga_0 rise edge)
                                                      0.000     0.000 r  
    PS7_X0Y0             PS7                          0.000     0.000 r  design_1_i/processing_system7_0/inst/PS7_i/FCLKCLK[0]
                         net (fo=1, routed)           0.337     0.337    design_1_i/processing_system7_0/inst/FCLK_CLK_unbuffered[0]
    BUFGCTRL_X0Y16       BUFG (Prop_bufg_I_O)         0.029     0.366 r  design_1_i/processing_system7_0/inst/buffer_fclk_clk_0.FCLK_CLK_0_BUFG/O
                         net (fo=1413, routed)        0.826     1.192    design_1_i/ps7_0_axi_periph/s00_couplers/auto_pc/inst/gen_axilite.gen_b2s_conv.axilite_b2s/WR.aw_channel_0/cmd_translator_0/wrap_cmd_0/aclk
    SLICE_X32Y97         FDRE                                         r  design_1_i/ps7_0_axi_periph/s00_couplers/auto_pc/inst/gen_axilite.gen_b2s_conv.axilite_b2s/WR.aw_channel_0/cmd_translator_0/wrap_cmd_0/axaddr_wrap_reg[4]/C
                         clock pessimism             -0.284     0.908    
    SLICE_X32Y97         FDRE (Hold_fdre_C_D)         0.120     1.028    design_1_i/ps7_0_axi_periph/s00_couplers/auto_pc/inst/gen_axilite.gen_b2s_conv.axilite_b2s/WR.aw_channel_0/cmd_translator_0/wrap_cmd_0/axaddr_wrap_reg[4]
  -------------------------------------------------------------------
                         required time                         -1.028    
                         arrival time                           1.137    
  -------------------------------------------------------------------
                         slack                                  0.109    

Slack (MET) :             0.117ns  (arrival time - required time)
  Source:                 design_1_i/ps7_0_axi_periph/s00_couplers/auto_pc/inst/gen_axilite.gen_b2s_conv.axilite_b2s/areset_d1_reg/C
                            (rising edge-triggered cell FDRE clocked by clk_fpga_0  {rise@0.000ns fall@10.000ns period=20.000ns})
  Destination:            design_1_i/ps7_0_axi_periph/s00_couplers/auto_pc/inst/gen_axilite.gen_b2s_conv.axilite_b2s/WR.aw_channel_0/cmd_translator_0/incr_cmd_0/sel_first_reg/D
                            (rising edge-triggered cell FDRE clocked by clk_fpga_0  {rise@0.000ns fall@10.000ns period=20.000ns})
  Path Group:             clk_fpga_0
  Path Type:              Hold (Min at Fast Process Corner)
  Requirement:            0.000ns  (clk_fpga_0 rise@0.000ns - clk_fpga_0 rise@0.000ns)
  Data Path Delay:        0.389ns  (logic 0.186ns (47.837%)  route 0.203ns (52.163%))
  Logic Levels:           1  (LUT6=1)
  Clock Path Skew:        0.181ns (DCD - SCD - CPR)
    Destination Clock Delay (DCD):    1.211ns
    Source Clock Delay      (SCD):    0.995ns
    Clock Pessimism Removal (CPR):    0.035ns

    Location             Delay type                Incr(ns)  Path(ns)    Netlist Resource(s)
  -------------------------------------------------------------------    -------------------
                         (clock clk_fpga_0 rise edge)
                                                      0.000     0.000 r  
    PS7_X0Y0             PS7                          0.000     0.000 r  design_1_i/processing_system7_0/inst/PS7_i/FCLKCLK[0]
                         net (fo=1, routed)           0.310     0.310    design_1_i/processing_system7_0/inst/FCLK_CLK_unbuffered[0]
    BUFGCTRL_X0Y16       BUFG (Prop_bufg_I_O)         0.026     0.336 r  design_1_i/processing_system7_0/inst/buffer_fclk_clk_0.FCLK_CLK_0_BUFG/O
                         net (fo=1413, routed)        0.659     0.995    design_1_i/ps7_0_axi_periph/s00_couplers/auto_pc/inst/gen_axilite.gen_b2s_conv.axilite_b2s/aclk
    SLICE_X31Y100        FDRE                                         r  design_1_i/ps7_0_axi_periph/s00_couplers/auto_pc/inst/gen_axilite.gen_b2s_conv.axilite_b2s/areset_d1_reg/C
  -------------------------------------------------------------------    -------------------
    SLICE_X31Y100        FDRE (Prop_fdre_C_Q)         0.141     1.136 r  design_1_i/ps7_0_axi_periph/s00_couplers/auto_pc/inst/gen_axilite.gen_b2s_conv.axilite_b2s/areset_d1_reg/Q
                         net (fo=28, routed)          0.203     1.339    design_1_i/ps7_0_axi_periph/s00_couplers/auto_pc/inst/gen_axilite.gen_b2s_conv.axilite_b2s/WR.aw_channel_0/aw_cmd_fsm_0/areset_d1
    SLICE_X29Y98         LUT6 (Prop_lut6_I5_O)        0.045     1.384 r  design_1_i/ps7_0_axi_periph/s00_couplers/auto_pc/inst/gen_axilite.gen_b2s_conv.axilite_b2s/WR.aw_channel_0/aw_cmd_fsm_0/sel_first_i_1/O
                         net (fo=1, routed)           0.000     1.384    design_1_i/ps7_0_axi_periph/s00_couplers/auto_pc/inst/gen_axilite.gen_b2s_conv.axilite_b2s/WR.aw_channel_0/cmd_translator_0/incr_cmd_0/sel_first_reg_1
    SLICE_X29Y98         FDRE                                         r  design_1_i/ps7_0_axi_periph/s00_couplers/auto_pc/inst/gen_axilite.gen_b2s_conv.axilite_b2s/WR.aw_channel_0/cmd_translator_0/incr_cmd_0/sel_first_reg/D
  -------------------------------------------------------------------    -------------------

                         (clock clk_fpga_0 rise edge)
                                                      0.000     0.000 r  
    PS7_X0Y0             PS7                          0.000     0.000 r  design_1_i/processing_system7_0/inst/PS7_i/FCLKCLK[0]
                         net (fo=1, routed)           0.337     0.337    design_1_i/processing_system7_0/inst/FCLK_CLK_unbuffered[0]
    BUFGCTRL_X0Y16       BUFG (Prop_bufg_I_O)         0.029     0.366 r  design_1_i/processing_system7_0/inst/buffer_fclk_clk_0.FCLK_CLK_0_BUFG/O
                         net (fo=1413, routed)        0.845     1.211    design_1_i/ps7_0_axi_periph/s00_couplers/auto_pc/inst/gen_axilite.gen_b2s_conv.axilite_b2s/WR.aw_channel_0/cmd_translator_0/incr_cmd_0/aclk
    SLICE_X29Y98         FDRE                                         r  design_1_i/ps7_0_axi_periph/s00_couplers/auto_pc/inst/gen_axilite.gen_b2s_conv.axilite_b2s/WR.aw_channel_0/cmd_translator_0/incr_cmd_0/sel_first_reg/C
                         clock pessimism             -0.035     1.176    
    SLICE_X29Y98         FDRE (Hold_fdre_C_D)         0.091     1.267    design_1_i/ps7_0_axi_periph/s00_couplers/auto_pc/inst/gen_axilite.gen_b2s_conv.axilite_b2s/WR.aw_channel_0/cmd_translator_0/incr_cmd_0/sel_first_reg
  -------------------------------------------------------------------
                         required time                         -1.267    
                         arrival time                           1.384    
  -------------------------------------------------------------------
                         slack                                  0.117    

Slack (MET) :             0.119ns  (arrival time - required time)
  Source:                 design_1_i/ps7_0_axi_periph/s00_couplers/auto_pc/inst/gen_axilite.gen_b2s_conv.axilite_b2s/RD.ar_channel_0/s_arid_r_reg[4]/C
                            (rising edge-triggered cell FDRE clocked by clk_fpga_0  {rise@0.000ns fall@10.000ns period=20.000ns})
  Destination:            design_1_i/ps7_0_axi_periph/s00_couplers/auto_pc/inst/gen_axilite.gen_b2s_conv.axilite_b2s/RD.r_channel_0/r_arid_r_reg[4]/D
                            (rising edge-triggered cell FDRE clocked by clk_fpga_0  {rise@0.000ns fall@10.000ns period=20.000ns})
  Path Group:             clk_fpga_0
  Path Type:              Hold (Min at Fast Process Corner)
  Requirement:            0.000ns  (clk_fpga_0 rise@0.000ns - clk_fpga_0 rise@0.000ns)
  Data Path Delay:        0.197ns  (logic 0.141ns (71.611%)  route 0.056ns (28.389%))
  Logic Levels:           0  
  Clock Path Skew:        0.000ns (DCD - SCD - CPR)
    Destination Clock Delay (DCD):    1.200ns
    Source Clock Delay      (SCD):    0.902ns
    Clock Pessimism Removal (CPR):    0.298ns

    Location             Delay type                Incr(ns)  Path(ns)    Netlist Resource(s)
  -------------------------------------------------------------------    -------------------
                         (clock clk_fpga_0 rise edge)
                                                      0.000     0.000 r  
    PS7_X0Y0             PS7                          0.000     0.000 r  design_1_i/processing_system7_0/inst/PS7_i/FCLKCLK[0]
                         net (fo=1, routed)           0.310     0.310    design_1_i/processing_system7_0/inst/FCLK_CLK_unbuffered[0]
    BUFGCTRL_X0Y16       BUFG (Prop_bufg_I_O)         0.026     0.336 r  design_1_i/processing_system7_0/inst/buffer_fclk_clk_0.FCLK_CLK_0_BUFG/O
                         net (fo=1413, routed)        0.566     0.902    design_1_i/ps7_0_axi_periph/s00_couplers/auto_pc/inst/gen_axilite.gen_b2s_conv.axilite_b2s/RD.ar_channel_0/aclk
    SLICE_X27Y81         FDRE                                         r  design_1_i/ps7_0_axi_periph/s00_couplers/auto_pc/inst/gen_axilite.gen_b2s_conv.axilite_b2s/RD.ar_channel_0/s_arid_r_reg[4]/C
  -------------------------------------------------------------------    -------------------
    SLICE_X27Y81         FDRE (Prop_fdre_C_Q)         0.141     1.043 r  design_1_i/ps7_0_axi_periph/s00_couplers/auto_pc/inst/gen_axilite.gen_b2s_conv.axilite_b2s/RD.ar_channel_0/s_arid_r_reg[4]/Q
                         net (fo=1, routed)           0.056     1.098    design_1_i/ps7_0_axi_periph/s00_couplers/auto_pc/inst/gen_axilite.gen_b2s_conv.axilite_b2s/RD.r_channel_0/D[4]
    SLICE_X27Y81         FDRE                                         r  design_1_i/ps7_0_axi_periph/s00_couplers/auto_pc/inst/gen_axilite.gen_b2s_conv.axilite_b2s/RD.r_channel_0/r_arid_r_reg[4]/D
  -------------------------------------------------------------------    -------------------

                         (clock clk_fpga_0 rise edge)
                                                      0.000     0.000 r  
    PS7_X0Y0             PS7                          0.000     0.000 r  design_1_i/processing_system7_0/inst/PS7_i/FCLKCLK[0]
                         net (fo=1, routed)           0.337     0.337    design_1_i/processing_system7_0/inst/FCLK_CLK_unbuffered[0]
    BUFGCTRL_X0Y16       BUFG (Prop_bufg_I_O)         0.029     0.366 r  design_1_i/processing_system7_0/inst/buffer_fclk_clk_0.FCLK_CLK_0_BUFG/O
                         net (fo=1413, routed)        0.834     1.200    design_1_i/ps7_0_axi_periph/s00_couplers/auto_pc/inst/gen_axilite.gen_b2s_conv.axilite_b2s/RD.r_channel_0/aclk
    SLICE_X27Y81         FDRE                                         r  design_1_i/ps7_0_axi_periph/s00_couplers/auto_pc/inst/gen_axilite.gen_b2s_conv.axilite_b2s/RD.r_channel_0/r_arid_r_reg[4]/C
                         clock pessimism             -0.298     0.902    
    SLICE_X27Y81         FDRE (Hold_fdre_C_D)         0.078     0.980    design_1_i/ps7_0_axi_periph/s00_couplers/auto_pc/inst/gen_axilite.gen_b2s_conv.axilite_b2s/RD.r_channel_0/r_arid_r_reg[4]
  -------------------------------------------------------------------
                         required time                         -0.980    
                         arrival time                           1.098    
  -------------------------------------------------------------------
                         slack                                  0.119    

Slack (MET) :             0.121ns  (arrival time - required time)
  Source:                 design_1_i/ps7_0_axi_periph/s00_couplers/auto_pc/inst/gen_axilite.gen_b2s_conv.axilite_b2s/RD.ar_channel_0/s_arid_r_reg[2]/C
                            (rising edge-triggered cell FDRE clocked by clk_fpga_0  {rise@0.000ns fall@10.000ns period=20.000ns})
  Destination:            design_1_i/ps7_0_axi_periph/s00_couplers/auto_pc/inst/gen_axilite.gen_b2s_conv.axilite_b2s/RD.r_channel_0/r_arid_r_reg[2]/D
                            (rising edge-triggered cell FDRE clocked by clk_fpga_0  {rise@0.000ns fall@10.000ns period=20.000ns})
  Path Group:             clk_fpga_0
  Path Type:              Hold (Min at Fast Process Corner)
  Requirement:            0.000ns  (clk_fpga_0 rise@0.000ns - clk_fpga_0 rise@0.000ns)
  Data Path Delay:        0.197ns  (logic 0.141ns (71.611%)  route 0.056ns (28.389%))
  Logic Levels:           0  
  Clock Path Skew:        0.000ns (DCD - SCD - CPR)
    Destination Clock Delay (DCD):    1.200ns
    Source Clock Delay      (SCD):    0.902ns
    Clock Pessimism Removal (CPR):    0.298ns

    Location             Delay type                Incr(ns)  Path(ns)    Netlist Resource(s)
  -------------------------------------------------------------------    -------------------
                         (clock clk_fpga_0 rise edge)
                                                      0.000     0.000 r  
    PS7_X0Y0             PS7                          0.000     0.000 r  design_1_i/processing_system7_0/inst/PS7_i/FCLKCLK[0]
                         net (fo=1, routed)           0.310     0.310    design_1_i/processing_system7_0/inst/FCLK_CLK_unbuffered[0]
    BUFGCTRL_X0Y16       BUFG (Prop_bufg_I_O)         0.026     0.336 r  design_1_i/processing_system7_0/inst/buffer_fclk_clk_0.FCLK_CLK_0_BUFG/O
                         net (fo=1413, routed)        0.566     0.902    design_1_i/ps7_0_axi_periph/s00_couplers/auto_pc/inst/gen_axilite.gen_b2s_conv.axilite_b2s/RD.ar_channel_0/aclk
    SLICE_X27Y81         FDRE                                         r  design_1_i/ps7_0_axi_periph/s00_couplers/auto_pc/inst/gen_axilite.gen_b2s_conv.axilite_b2s/RD.ar_channel_0/s_arid_r_reg[2]/C
  -------------------------------------------------------------------    -------------------
    SLICE_X27Y81         FDRE (Prop_fdre_C_Q)         0.141     1.043 r  design_1_i/ps7_0_axi_periph/s00_couplers/auto_pc/inst/gen_axilite.gen_b2s_conv.axilite_b2s/RD.ar_channel_0/s_arid_r_reg[2]/Q
                         net (fo=1, routed)           0.056     1.098    design_1_i/ps7_0_axi_periph/s00_couplers/auto_pc/inst/gen_axilite.gen_b2s_conv.axilite_b2s/RD.r_channel_0/D[2]
    SLICE_X27Y81         FDRE                                         r  design_1_i/ps7_0_axi_periph/s00_couplers/auto_pc/inst/gen_axilite.gen_b2s_conv.axilite_b2s/RD.r_channel_0/r_arid_r_reg[2]/D
  -------------------------------------------------------------------    -------------------

                         (clock clk_fpga_0 rise edge)
                                                      0.000     0.000 r  
    PS7_X0Y0             PS7                          0.000     0.000 r  design_1_i/processing_system7_0/inst/PS7_i/FCLKCLK[0]
                         net (fo=1, routed)           0.337     0.337    design_1_i/processing_system7_0/inst/FCLK_CLK_unbuffered[0]
    BUFGCTRL_X0Y16       BUFG (Prop_bufg_I_O)         0.029     0.366 r  design_1_i/processing_system7_0/inst/buffer_fclk_clk_0.FCLK_CLK_0_BUFG/O
                         net (fo=1413, routed)        0.834     1.200    design_1_i/ps7_0_axi_periph/s00_couplers/auto_pc/inst/gen_axilite.gen_b2s_conv.axilite_b2s/RD.r_channel_0/aclk
    SLICE_X27Y81         FDRE                                         r  design_1_i/ps7_0_axi_periph/s00_couplers/auto_pc/inst/gen_axilite.gen_b2s_conv.axilite_b2s/RD.r_channel_0/r_arid_r_reg[2]/C
                         clock pessimism             -0.298     0.902    
    SLICE_X27Y81         FDRE (Hold_fdre_C_D)         0.076     0.978    design_1_i/ps7_0_axi_periph/s00_couplers/auto_pc/inst/gen_axilite.gen_b2s_conv.axilite_b2s/RD.r_channel_0/r_arid_r_reg[2]
  -------------------------------------------------------------------
                         required time                         -0.978    
                         arrival time                           1.098    
  -------------------------------------------------------------------
                         slack                                  0.121    

Slack (MET) :             0.122ns  (arrival time - required time)
  Source:                 design_1_i/ps7_0_axi_periph/s00_couplers/auto_pc/inst/gen_axilite.gen_b2s_conv.axilite_b2s/RD.ar_channel_0/s_arid_r_reg[0]/C
                            (rising edge-triggered cell FDRE clocked by clk_fpga_0  {rise@0.000ns fall@10.000ns period=20.000ns})
  Destination:            design_1_i/ps7_0_axi_periph/s00_couplers/auto_pc/inst/gen_axilite.gen_b2s_conv.axilite_b2s/RD.r_channel_0/r_arid_r_reg[0]/D
                            (rising edge-triggered cell FDRE clocked by clk_fpga_0  {rise@0.000ns fall@10.000ns period=20.000ns})
  Path Group:             clk_fpga_0
  Path Type:              Hold (Min at Fast Process Corner)
  Requirement:            0.000ns  (clk_fpga_0 rise@0.000ns - clk_fpga_0 rise@0.000ns)
  Data Path Delay:        0.197ns  (logic 0.141ns (71.611%)  route 0.056ns (28.389%))
  Logic Levels:           0  
  Clock Path Skew:        0.000ns (DCD - SCD - CPR)
    Destination Clock Delay (DCD):    1.200ns
    Source Clock Delay      (SCD):    0.902ns
    Clock Pessimism Removal (CPR):    0.298ns

    Location             Delay type                Incr(ns)  Path(ns)    Netlist Resource(s)
  -------------------------------------------------------------------    -------------------
                         (clock clk_fpga_0 rise edge)
                                                      0.000     0.000 r  
    PS7_X0Y0             PS7                          0.000     0.000 r  design_1_i/processing_system7_0/inst/PS7_i/FCLKCLK[0]
                         net (fo=1, routed)           0.310     0.310    design_1_i/processing_system7_0/inst/FCLK_CLK_unbuffered[0]
    BUFGCTRL_X0Y16       BUFG (Prop_bufg_I_O)         0.026     0.336 r  design_1_i/processing_system7_0/inst/buffer_fclk_clk_0.FCLK_CLK_0_BUFG/O
                         net (fo=1413, routed)        0.566     0.902    design_1_i/ps7_0_axi_periph/s00_couplers/auto_pc/inst/gen_axilite.gen_b2s_conv.axilite_b2s/RD.ar_channel_0/aclk
    SLICE_X27Y81         FDRE                                         r  design_1_i/ps7_0_axi_periph/s00_couplers/auto_pc/inst/gen_axilite.gen_b2s_conv.axilite_b2s/RD.ar_channel_0/s_arid_r_reg[0]/C
  -------------------------------------------------------------------    -------------------
    SLICE_X27Y81         FDRE (Prop_fdre_C_Q)         0.141     1.043 r  design_1_i/ps7_0_axi_periph/s00_couplers/auto_pc/inst/gen_axilite.gen_b2s_conv.axilite_b2s/RD.ar_channel_0/s_arid_r_reg[0]/Q
                         net (fo=1, routed)           0.056     1.098    design_1_i/ps7_0_axi_periph/s00_couplers/auto_pc/inst/gen_axilite.gen_b2s_conv.axilite_b2s/RD.r_channel_0/D[0]
    SLICE_X27Y81         FDRE                                         r  design_1_i/ps7_0_axi_periph/s00_couplers/auto_pc/inst/gen_axilite.gen_b2s_conv.axilite_b2s/RD.r_channel_0/r_arid_r_reg[0]/D
  -------------------------------------------------------------------    -------------------

                         (clock clk_fpga_0 rise edge)
                                                      0.000     0.000 r  
    PS7_X0Y0             PS7                          0.000     0.000 r  design_1_i/processing_system7_0/inst/PS7_i/FCLKCLK[0]
                         net (fo=1, routed)           0.337     0.337    design_1_i/processing_system7_0/inst/FCLK_CLK_unbuffered[0]
    BUFGCTRL_X0Y16       BUFG (Prop_bufg_I_O)         0.029     0.366 r  design_1_i/processing_system7_0/inst/buffer_fclk_clk_0.FCLK_CLK_0_BUFG/O
                         net (fo=1413, routed)        0.834     1.200    design_1_i/ps7_0_axi_periph/s00_couplers/auto_pc/inst/gen_axilite.gen_b2s_conv.axilite_b2s/RD.r_channel_0/aclk
    SLICE_X27Y81         FDRE                                         r  design_1_i/ps7_0_axi_periph/s00_couplers/auto_pc/inst/gen_axilite.gen_b2s_conv.axilite_b2s/RD.r_channel_0/r_arid_r_reg[0]/C
                         clock pessimism             -0.298     0.902    
    SLICE_X27Y81         FDRE (Hold_fdre_C_D)         0.075     0.977    design_1_i/ps7_0_axi_periph/s00_couplers/auto_pc/inst/gen_axilite.gen_b2s_conv.axilite_b2s/RD.r_channel_0/r_arid_r_reg[0]
  -------------------------------------------------------------------
                         required time                         -0.977    
                         arrival time                           1.098    
  -------------------------------------------------------------------
                         slack                                  0.122    





Pulse Width Checks
--------------------------------------------------------------------------------------
Clock Name:         clk_fpga_0
Waveform(ns):       { 0.000 10.000 }
Period(ns):         20.000
Sources:            { design_1_i/processing_system7_0/inst/PS7_i/FCLKCLK[0] }

Check Type        Corner  Lib Pin             Reference Pin  Required(ns)  Actual(ns)  Slack(ns)  Location      Pin
Min Period        n/a     RAMB36E1/CLKARDCLK  n/a            2.576         20.000      17.424     RAMB36_X5Y6   design_1_i/blk_mem_gen_0/U0/inst_blk_mem_gen/gnbram.gnativebmg.native_blk_mem_gen/valid.cstr/ramloop[11].ram.r/prim_init.ram/DEVICE_7SERIES.NO_BMM_INFO.SP.SIMPLE_PRIM36.ram/CLKARDCLK
Min Period        n/a     RAMB36E1/CLKBWRCLK  n/a            2.576         20.000      17.424     RAMB36_X5Y6   design_1_i/blk_mem_gen_0/U0/inst_blk_mem_gen/gnbram.gnativebmg.native_blk_mem_gen/valid.cstr/ramloop[11].ram.r/prim_init.ram/DEVICE_7SERIES.NO_BMM_INFO.SP.SIMPLE_PRIM36.ram/CLKBWRCLK
Min Period        n/a     RAMB36E1/CLKARDCLK  n/a            2.576         20.000      17.424     RAMB36_X3Y4   design_1_i/blk_mem_gen_0/U0/inst_blk_mem_gen/gnbram.gnativebmg.native_blk_mem_gen/valid.cstr/ramloop[20].ram.r/prim_init.ram/DEVICE_7SERIES.NO_BMM_INFO.SP.SIMPLE_PRIM36.ram/CLKARDCLK
Min Period        n/a     RAMB36E1/CLKBWRCLK  n/a            2.576         20.000      17.424     RAMB36_X3Y4   design_1_i/blk_mem_gen_0/U0/inst_blk_mem_gen/gnbram.gnativebmg.native_blk_mem_gen/valid.cstr/ramloop[20].ram.r/prim_init.ram/DEVICE_7SERIES.NO_BMM_INFO.SP.SIMPLE_PRIM36.ram/CLKBWRCLK
Min Period        n/a     RAMB36E1/CLKARDCLK  n/a            2.576         20.000      17.424     RAMB36_X4Y13  design_1_i/blk_mem_gen_0/U0/inst_blk_mem_gen/gnbram.gnativebmg.native_blk_mem_gen/valid.cstr/ramloop[2].ram.r/prim_init.ram/DEVICE_7SERIES.NO_BMM_INFO.SP.SIMPLE_PRIM36.ram/CLKARDCLK
Min Period        n/a     RAMB36E1/CLKBWRCLK  n/a            2.576         20.000      17.424     RAMB36_X4Y13  design_1_i/blk_mem_gen_0/U0/inst_blk_mem_gen/gnbram.gnativebmg.native_blk_mem_gen/valid.cstr/ramloop[2].ram.r/prim_init.ram/DEVICE_7SERIES.NO_BMM_INFO.SP.SIMPLE_PRIM36.ram/CLKBWRCLK
Min Period        n/a     RAMB36E1/CLKARDCLK  n/a            2.576         20.000      17.424     RAMB36_X5Y21  design_1_i/blk_mem_gen_0/U0/inst_blk_mem_gen/gnbram.gnativebmg.native_blk_mem_gen/valid.cstr/ramloop[39].ram.r/prim_init.ram/DEVICE_7SERIES.NO_BMM_INFO.SP.SIMPLE_PRIM36.ram/CLKARDCLK
Min Period        n/a     RAMB36E1/CLKBWRCLK  n/a            2.576         20.000      17.424     RAMB36_X5Y21  design_1_i/blk_mem_gen_0/U0/inst_blk_mem_gen/gnbram.gnativebmg.native_blk_mem_gen/valid.cstr/ramloop[39].ram.r/prim_init.ram/DEVICE_7SERIES.NO_BMM_INFO.SP.SIMPLE_PRIM36.ram/CLKBWRCLK
Min Period        n/a     RAMB36E1/CLKARDCLK  n/a            2.576         20.000      17.424     RAMB36_X2Y21  design_1_i/blk_mem_gen_0/U0/inst_blk_mem_gen/gnbram.gnativebmg.native_blk_mem_gen/valid.cstr/ramloop[48].ram.r/prim_init.ram/DEVICE_7SERIES.NO_BMM_INFO.SP.SIMPLE_PRIM36.ram/CLKARDCLK
Min Period        n/a     RAMB36E1/CLKBWRCLK  n/a            2.576         20.000      17.424     RAMB36_X2Y21  design_1_i/blk_mem_gen_0/U0/inst_blk_mem_gen/gnbram.gnativebmg.native_blk_mem_gen/valid.cstr/ramloop[48].ram.r/prim_init.ram/DEVICE_7SERIES.NO_BMM_INFO.SP.SIMPLE_PRIM36.ram/CLKBWRCLK
Low Pulse Width   Slow    SRLC32E/CLK         n/a            0.980         10.000      9.020      SLICE_X30Y89  design_1_i/ps7_0_axi_periph/s00_couplers/auto_pc/inst/gen_axilite.gen_b2s_conv.axilite_b2s/RD.r_channel_0/rd_data_fifo_0/memory_reg[31][0]_srl32/CLK
Low Pulse Width   Fast    SRLC32E/CLK         n/a            0.980         10.000      9.020      SLICE_X30Y89  design_1_i/ps7_0_axi_periph/s00_couplers/auto_pc/inst/gen_axilite.gen_b2s_conv.axilite_b2s/RD.r_channel_0/rd_data_fifo_0/memory_reg[31][0]_srl32/CLK
Low Pulse Width   Slow    SRLC32E/CLK         n/a            0.980         10.000      9.020      SLICE_X30Y87  design_1_i/ps7_0_axi_periph/s00_couplers/auto_pc/inst/gen_axilite.gen_b2s_conv.axilite_b2s/RD.r_channel_0/rd_data_fifo_0/memory_reg[31][10]_srl32/CLK
Low Pulse Width   Fast    SRLC32E/CLK         n/a            0.980         10.000      9.020      SLICE_X30Y87  design_1_i/ps7_0_axi_periph/s00_couplers/auto_pc/inst/gen_axilite.gen_b2s_conv.axilite_b2s/RD.r_channel_0/rd_data_fifo_0/memory_reg[31][10]_srl32/CLK
Low Pulse Width   Slow    SRLC32E/CLK         n/a            0.980         10.000      9.020      SLICE_X30Y84  design_1_i/ps7_0_axi_periph/s00_couplers/auto_pc/inst/gen_axilite.gen_b2s_conv.axilite_b2s/RD.r_channel_0/rd_data_fifo_0/memory_reg[31][11]_srl32/CLK
Low Pulse Width   Slow    SRLC32E/CLK         n/a            0.980         10.000      9.020      SLICE_X30Y89  design_1_i/ps7_0_axi_periph/s00_couplers/auto_pc/inst/gen_axilite.gen_b2s_conv.axilite_b2s/RD.r_channel_0/rd_data_fifo_0/memory_reg[31][13]_srl32/CLK
Low Pulse Width   Fast    SRLC32E/CLK         n/a            0.980         10.000      9.020      SLICE_X30Y89  design_1_i/ps7_0_axi_periph/s00_couplers/auto_pc/inst/gen_axilite.gen_b2s_conv.axilite_b2s/RD.r_channel_0/rd_data_fifo_0/memory_reg[31][13]_srl32/CLK
Low Pulse Width   Slow    SRLC32E/CLK         n/a            0.980         10.000      9.020      SLICE_X30Y93  design_1_i/ps7_0_axi_periph/s00_couplers/auto_pc/inst/gen_axilite.gen_b2s_conv.axilite_b2s/RD.r_channel_0/rd_data_fifo_0/memory_reg[31][15]_srl32/CLK
Low Pulse Width   Fast    SRLC32E/CLK         n/a            0.980         10.000      9.020      SLICE_X30Y93  design_1_i/ps7_0_axi_periph/s00_couplers/auto_pc/inst/gen_axilite.gen_b2s_conv.axilite_b2s/RD.r_channel_0/rd_data_fifo_0/memory_reg[31][15]_srl32/CLK
Low Pulse Width   Slow    SRLC32E/CLK         n/a            0.980         10.000      9.020      SLICE_X26Y92  design_1_i/ps7_0_axi_periph/s00_couplers/auto_pc/inst/gen_axilite.gen_b2s_conv.axilite_b2s/RD.r_channel_0/rd_data_fifo_0/memory_reg[31][16]_srl32/CLK
High Pulse Width  Fast    SRLC32E/CLK         n/a            0.980         10.000      9.020      SLICE_X26Y84  design_1_i/ps7_0_axi_periph/s00_couplers/auto_pc/inst/gen_axilite.gen_b2s_conv.axilite_b2s/RD.r_channel_0/rd_data_fifo_0/memory_reg[31][12]_srl32/CLK
High Pulse Width  Fast    SRLC32E/CLK         n/a            0.980         10.000      9.020      SLICE_X26Y84  design_1_i/ps7_0_axi_periph/s00_couplers/auto_pc/inst/gen_axilite.gen_b2s_conv.axilite_b2s/RD.r_channel_0/rd_data_fifo_0/memory_reg[31][14]_srl32/CLK
High Pulse Width  Fast    SRLC32E/CLK         n/a            0.980         10.000      9.020      SLICE_X26Y84  design_1_i/ps7_0_axi_periph/s00_couplers/auto_pc/inst/gen_axilite.gen_b2s_conv.axilite_b2s/RD.r_channel_0/rd_data_fifo_0/memory_reg[31][2]_srl32/CLK
High Pulse Width  Fast    SRLC32E/CLK         n/a            0.980         10.000      9.020      SLICE_X26Y84  design_1_i/ps7_0_axi_periph/s00_couplers/auto_pc/inst/gen_axilite.gen_b2s_conv.axilite_b2s/RD.r_channel_0/rd_data_fifo_0/memory_reg[31][5]_srl32/CLK
High Pulse Width  Fast    SRLC32E/CLK         n/a            0.980         10.000      9.020      SLICE_X30Y82  design_1_i/ps7_0_axi_periph/s00_couplers/auto_pc/inst/gen_axilite.gen_b2s_conv.axilite_b2s/RD.r_channel_0/transaction_fifo_0/memory_reg[31][10]_srl32/CLK
High Pulse Width  Fast    SRLC32E/CLK         n/a            0.980         10.000      9.020      SLICE_X30Y82  design_1_i/ps7_0_axi_periph/s00_couplers/auto_pc/inst/gen_axilite.gen_b2s_conv.axilite_b2s/RD.r_channel_0/transaction_fifo_0/memory_reg[31][8]_srl32/CLK
High Pulse Width  Slow    SRLC32E/CLK         n/a            0.980         10.000      9.020      SLICE_X30Y89  design_1_i/ps7_0_axi_periph/s00_couplers/auto_pc/inst/gen_axilite.gen_b2s_conv.axilite_b2s/RD.r_channel_0/rd_data_fifo_0/memory_reg[31][0]_srl32/CLK
High Pulse Width  Fast    SRLC32E/CLK         n/a            0.980         10.000      9.020      SLICE_X30Y89  design_1_i/ps7_0_axi_periph/s00_couplers/auto_pc/inst/gen_axilite.gen_b2s_conv.axilite_b2s/RD.r_channel_0/rd_data_fifo_0/memory_reg[31][0]_srl32/CLK
High Pulse Width  Slow    SRLC32E/CLK         n/a            0.980         10.000      9.020      SLICE_X30Y87  design_1_i/ps7_0_axi_periph/s00_couplers/auto_pc/inst/gen_axilite.gen_b2s_conv.axilite_b2s/RD.r_channel_0/rd_data_fifo_0/memory_reg[31][10]_srl32/CLK
High Pulse Width  Fast    SRLC32E/CLK         n/a            0.980         10.000      9.020      SLICE_X30Y87  design_1_i/ps7_0_axi_periph/s00_couplers/auto_pc/inst/gen_axilite.gen_b2s_conv.axilite_b2s/RD.r_channel_0/rd_data_fifo_0/memory_reg[31][10]_srl32/CLK



---------------------------------------------------------------------------------------------------
Path Group:  **async_default**
From Clock:  clk_fpga_0
  To Clock:  clk_fpga_0

Setup :            0  Failing Endpoints,  Worst Slack       11.732ns,  Total Violation        0.000ns
Hold  :            0  Failing Endpoints,  Worst Slack        1.049ns,  Total Violation        0.000ns
---------------------------------------------------------------------------------------------------


Max Delay Paths
--------------------------------------------------------------------------------------
Slack (MET) :             11.732ns  (required time - arrival time)
  Source:                 design_1_i/rst_ps7_0_50M/U0/ACTIVE_LOW_PR_OUT_DFF[0].FDRE_PER_N/C
                            (rising edge-triggered cell FDRE clocked by clk_fpga_0  {rise@0.000ns fall@10.000ns period=20.000ns})
  Destination:            design_1_i/tm_axi_wrapper_0/inst/tm_inst/clause_cnt_reg[0]/CLR
                            (recovery check against rising-edge clock clk_fpga_0  {rise@0.000ns fall@10.000ns period=20.000ns})
  Path Group:             **async_default**
  Path Type:              Recovery (Max at Slow Process Corner)
  Requirement:            20.000ns  (clk_fpga_0 rise@20.000ns - clk_fpga_0 rise@0.000ns)
  Data Path Delay:        7.346ns  (logic 0.715ns (9.733%)  route 6.631ns (90.267%))
  Logic Levels:           1  (LUT1=1)
  Clock Path Skew:        -0.214ns (DCD - SCD + CPR)
    Destination Clock Delay (DCD):    2.656ns = ( 22.656 - 20.000 ) 
    Source Clock Delay      (SCD):    2.999ns
    Clock Pessimism Removal (CPR):    0.129ns
  Clock Uncertainty:      0.302ns  ((TSJ^2 + TIJ^2)^1/2 + DJ) / 2 + PE
    Total System Jitter     (TSJ):    0.071ns
    Total Input Jitter      (TIJ):    0.600ns
    Discrete Jitter          (DJ):    0.000ns
    Phase Error              (PE):    0.000ns

    Location             Delay type                Incr(ns)  Path(ns)    Netlist Resource(s)
  -------------------------------------------------------------------    -------------------
                         (clock clk_fpga_0 rise edge)
                                                      0.000     0.000 r  
    PS7_X0Y0             PS7                          0.000     0.000 r  design_1_i/processing_system7_0/inst/PS7_i/FCLKCLK[0]
                         net (fo=1, routed)           1.193     1.193    design_1_i/processing_system7_0/inst/FCLK_CLK_unbuffered[0]
    BUFGCTRL_X0Y16       BUFG (Prop_bufg_I_O)         0.101     1.294 r  design_1_i/processing_system7_0/inst/buffer_fclk_clk_0.FCLK_CLK_0_BUFG/O
                         net (fo=1413, routed)        1.705     2.999    design_1_i/rst_ps7_0_50M/U0/slowest_sync_clk
    SLICE_X57Y84         FDRE                                         r  design_1_i/rst_ps7_0_50M/U0/ACTIVE_LOW_PR_OUT_DFF[0].FDRE_PER_N/C
  -------------------------------------------------------------------    -------------------
    SLICE_X57Y84         FDRE (Prop_fdre_C_Q)         0.419     3.418 r  design_1_i/rst_ps7_0_50M/U0/ACTIVE_LOW_PR_OUT_DFF[0].FDRE_PER_N/Q
                         net (fo=111, routed)         1.405     4.823    design_1_i/tm_axi_wrapper_0/inst/S_AXI_ARESETN
    SLICE_X44Y92         LUT1 (Prop_lut1_I0_O)        0.296     5.119 f  design_1_i/tm_axi_wrapper_0/inst/S_AXI_AWREADY_i_1/O
                         net (fo=668, routed)         5.227    10.345    design_1_i/tm_axi_wrapper_0/inst/tm_inst/p_0_in
    SLICE_X37Y60         FDCE                                         f  design_1_i/tm_axi_wrapper_0/inst/tm_inst/clause_cnt_reg[0]/CLR
  -------------------------------------------------------------------    -------------------

                         (clock clk_fpga_0 rise edge)
                                                     20.000    20.000 r  
    PS7_X0Y0             PS7                          0.000    20.000 r  design_1_i/processing_system7_0/inst/PS7_i/FCLKCLK[0]
                         net (fo=1, routed)           1.088    21.088    design_1_i/processing_system7_0/inst/FCLK_CLK_unbuffered[0]
    BUFGCTRL_X0Y16       BUFG (Prop_bufg_I_O)         0.091    21.179 r  design_1_i/processing_system7_0/inst/buffer_fclk_clk_0.FCLK_CLK_0_BUFG/O
                         net (fo=1413, routed)        1.477    22.656    design_1_i/tm_axi_wrapper_0/inst/tm_inst/S_AXI_ACLK
    SLICE_X37Y60         FDCE                                         r  design_1_i/tm_axi_wrapper_0/inst/tm_inst/clause_cnt_reg[0]/C
                         clock pessimism              0.129    22.785    
                         clock uncertainty           -0.302    22.483    
    SLICE_X37Y60         FDCE (Recov_fdce_C_CLR)     -0.405    22.078    design_1_i/tm_axi_wrapper_0/inst/tm_inst/clause_cnt_reg[0]
  -------------------------------------------------------------------
                         required time                         22.078    
                         arrival time                         -10.345    
  -------------------------------------------------------------------
                         slack                                 11.732    

Slack (MET) :             11.732ns  (required time - arrival time)
  Source:                 design_1_i/rst_ps7_0_50M/U0/ACTIVE_LOW_PR_OUT_DFF[0].FDRE_PER_N/C
                            (rising edge-triggered cell FDRE clocked by clk_fpga_0  {rise@0.000ns fall@10.000ns period=20.000ns})
  Destination:            design_1_i/tm_axi_wrapper_0/inst/tm_inst/mask_addr_reg[2]/CLR
                            (recovery check against rising-edge clock clk_fpga_0  {rise@0.000ns fall@10.000ns period=20.000ns})
  Path Group:             **async_default**
  Path Type:              Recovery (Max at Slow Process Corner)
  Requirement:            20.000ns  (clk_fpga_0 rise@20.000ns - clk_fpga_0 rise@0.000ns)
  Data Path Delay:        7.346ns  (logic 0.715ns (9.733%)  route 6.631ns (90.267%))
  Logic Levels:           1  (LUT1=1)
  Clock Path Skew:        -0.214ns (DCD - SCD + CPR)
    Destination Clock Delay (DCD):    2.656ns = ( 22.656 - 20.000 ) 
    Source Clock Delay      (SCD):    2.999ns
    Clock Pessimism Removal (CPR):    0.129ns
  Clock Uncertainty:      0.302ns  ((TSJ^2 + TIJ^2)^1/2 + DJ) / 2 + PE
    Total System Jitter     (TSJ):    0.071ns
    Total Input Jitter      (TIJ):    0.600ns
    Discrete Jitter          (DJ):    0.000ns
    Phase Error              (PE):    0.000ns

    Location             Delay type                Incr(ns)  Path(ns)    Netlist Resource(s)
  -------------------------------------------------------------------    -------------------
                         (clock clk_fpga_0 rise edge)
                                                      0.000     0.000 r  
    PS7_X0Y0             PS7                          0.000     0.000 r  design_1_i/processing_system7_0/inst/PS7_i/FCLKCLK[0]
                         net (fo=1, routed)           1.193     1.193    design_1_i/processing_system7_0/inst/FCLK_CLK_unbuffered[0]
    BUFGCTRL_X0Y16       BUFG (Prop_bufg_I_O)         0.101     1.294 r  design_1_i/processing_system7_0/inst/buffer_fclk_clk_0.FCLK_CLK_0_BUFG/O
                         net (fo=1413, routed)        1.705     2.999    design_1_i/rst_ps7_0_50M/U0/slowest_sync_clk
    SLICE_X57Y84         FDRE                                         r  design_1_i/rst_ps7_0_50M/U0/ACTIVE_LOW_PR_OUT_DFF[0].FDRE_PER_N/C
  -------------------------------------------------------------------    -------------------
    SLICE_X57Y84         FDRE (Prop_fdre_C_Q)         0.419     3.418 r  design_1_i/rst_ps7_0_50M/U0/ACTIVE_LOW_PR_OUT_DFF[0].FDRE_PER_N/Q
                         net (fo=111, routed)         1.405     4.823    design_1_i/tm_axi_wrapper_0/inst/S_AXI_ARESETN
    SLICE_X44Y92         LUT1 (Prop_lut1_I0_O)        0.296     5.119 f  design_1_i/tm_axi_wrapper_0/inst/S_AXI_AWREADY_i_1/O
                         net (fo=668, routed)         5.227    10.345    design_1_i/tm_axi_wrapper_0/inst/tm_inst/p_0_in
    SLICE_X37Y60         FDCE                                         f  design_1_i/tm_axi_wrapper_0/inst/tm_inst/mask_addr_reg[2]/CLR
  -------------------------------------------------------------------    -------------------

                         (clock clk_fpga_0 rise edge)
                                                     20.000    20.000 r  
    PS7_X0Y0             PS7                          0.000    20.000 r  design_1_i/processing_system7_0/inst/PS7_i/FCLKCLK[0]
                         net (fo=1, routed)           1.088    21.088    design_1_i/processing_system7_0/inst/FCLK_CLK_unbuffered[0]
    BUFGCTRL_X0Y16       BUFG (Prop_bufg_I_O)         0.091    21.179 r  design_1_i/processing_system7_0/inst/buffer_fclk_clk_0.FCLK_CLK_0_BUFG/O
                         net (fo=1413, routed)        1.477    22.656    design_1_i/tm_axi_wrapper_0/inst/tm_inst/S_AXI_ACLK
    SLICE_X37Y60         FDCE                                         r  design_1_i/tm_axi_wrapper_0/inst/tm_inst/mask_addr_reg[2]/C
                         clock pessimism              0.129    22.785    
                         clock uncertainty           -0.302    22.483    
    SLICE_X37Y60         FDCE (Recov_fdce_C_CLR)     -0.405    22.078    design_1_i/tm_axi_wrapper_0/inst/tm_inst/mask_addr_reg[2]
  -------------------------------------------------------------------
                         required time                         22.078    
                         arrival time                         -10.345    
  -------------------------------------------------------------------
                         slack                                 11.732    

Slack (MET) :             11.732ns  (required time - arrival time)
  Source:                 design_1_i/rst_ps7_0_50M/U0/ACTIVE_LOW_PR_OUT_DFF[0].FDRE_PER_N/C
                            (rising edge-triggered cell FDRE clocked by clk_fpga_0  {rise@0.000ns fall@10.000ns period=20.000ns})
  Destination:            design_1_i/tm_axi_wrapper_0/inst/tm_inst/mask_addr_reg[3]/CLR
                            (recovery check against rising-edge clock clk_fpga_0  {rise@0.000ns fall@10.000ns period=20.000ns})
  Path Group:             **async_default**
  Path Type:              Recovery (Max at Slow Process Corner)
  Requirement:            20.000ns  (clk_fpga_0 rise@20.000ns - clk_fpga_0 rise@0.000ns)
  Data Path Delay:        7.346ns  (logic 0.715ns (9.733%)  route 6.631ns (90.267%))
  Logic Levels:           1  (LUT1=1)
  Clock Path Skew:        -0.214ns (DCD - SCD + CPR)
    Destination Clock Delay (DCD):    2.656ns = ( 22.656 - 20.000 ) 
    Source Clock Delay      (SCD):    2.999ns
    Clock Pessimism Removal (CPR):    0.129ns
  Clock Uncertainty:      0.302ns  ((TSJ^2 + TIJ^2)^1/2 + DJ) / 2 + PE
    Total System Jitter     (TSJ):    0.071ns
    Total Input Jitter      (TIJ):    0.600ns
    Discrete Jitter          (DJ):    0.000ns
    Phase Error              (PE):    0.000ns

    Location             Delay type                Incr(ns)  Path(ns)    Netlist Resource(s)
  -------------------------------------------------------------------    -------------------
                         (clock clk_fpga_0 rise edge)
                                                      0.000     0.000 r  
    PS7_X0Y0             PS7                          0.000     0.000 r  design_1_i/processing_system7_0/inst/PS7_i/FCLKCLK[0]
                         net (fo=1, routed)           1.193     1.193    design_1_i/processing_system7_0/inst/FCLK_CLK_unbuffered[0]
    BUFGCTRL_X0Y16       BUFG (Prop_bufg_I_O)         0.101     1.294 r  design_1_i/processing_system7_0/inst/buffer_fclk_clk_0.FCLK_CLK_0_BUFG/O
                         net (fo=1413, routed)        1.705     2.999    design_1_i/rst_ps7_0_50M/U0/slowest_sync_clk
    SLICE_X57Y84         FDRE                                         r  design_1_i/rst_ps7_0_50M/U0/ACTIVE_LOW_PR_OUT_DFF[0].FDRE_PER_N/C
  -------------------------------------------------------------------    -------------------
    SLICE_X57Y84         FDRE (Prop_fdre_C_Q)         0.419     3.418 r  design_1_i/rst_ps7_0_50M/U0/ACTIVE_LOW_PR_OUT_DFF[0].FDRE_PER_N/Q
                         net (fo=111, routed)         1.405     4.823    design_1_i/tm_axi_wrapper_0/inst/S_AXI_ARESETN
    SLICE_X44Y92         LUT1 (Prop_lut1_I0_O)        0.296     5.119 f  design_1_i/tm_axi_wrapper_0/inst/S_AXI_AWREADY_i_1/O
                         net (fo=668, routed)         5.227    10.345    design_1_i/tm_axi_wrapper_0/inst/tm_inst/p_0_in
    SLICE_X37Y60         FDCE                                         f  design_1_i/tm_axi_wrapper_0/inst/tm_inst/mask_addr_reg[3]/CLR
  -------------------------------------------------------------------    -------------------

                         (clock clk_fpga_0 rise edge)
                                                     20.000    20.000 r  
    PS7_X0Y0             PS7                          0.000    20.000 r  design_1_i/processing_system7_0/inst/PS7_i/FCLKCLK[0]
                         net (fo=1, routed)           1.088    21.088    design_1_i/processing_system7_0/inst/FCLK_CLK_unbuffered[0]
    BUFGCTRL_X0Y16       BUFG (Prop_bufg_I_O)         0.091    21.179 r  design_1_i/processing_system7_0/inst/buffer_fclk_clk_0.FCLK_CLK_0_BUFG/O
                         net (fo=1413, routed)        1.477    22.656    design_1_i/tm_axi_wrapper_0/inst/tm_inst/S_AXI_ACLK
    SLICE_X37Y60         FDCE                                         r  design_1_i/tm_axi_wrapper_0/inst/tm_inst/mask_addr_reg[3]/C
                         clock pessimism              0.129    22.785    
                         clock uncertainty           -0.302    22.483    
    SLICE_X37Y60         FDCE (Recov_fdce_C_CLR)     -0.405    22.078    design_1_i/tm_axi_wrapper_0/inst/tm_inst/mask_addr_reg[3]
  -------------------------------------------------------------------
                         required time                         22.078    
                         arrival time                         -10.345    
  -------------------------------------------------------------------
                         slack                                 11.732    

Slack (MET) :             11.790ns  (required time - arrival time)
  Source:                 design_1_i/rst_ps7_0_50M/U0/ACTIVE_LOW_PR_OUT_DFF[0].FDRE_PER_N/C
                            (rising edge-triggered cell FDRE clocked by clk_fpga_0  {rise@0.000ns fall@10.000ns period=20.000ns})
  Destination:            design_1_i/tm_axi_wrapper_0/inst/tm_inst/mask_addr_reg[4]/CLR
                            (recovery check against rising-edge clock clk_fpga_0  {rise@0.000ns fall@10.000ns period=20.000ns})
  Path Group:             **async_default**
  Path Type:              Recovery (Max at Slow Process Corner)
  Requirement:            20.000ns  (clk_fpga_0 rise@20.000ns - clk_fpga_0 rise@0.000ns)
  Data Path Delay:        7.288ns  (logic 0.715ns (9.811%)  route 6.573ns (90.189%))
  Logic Levels:           1  (LUT1=1)
  Clock Path Skew:        -0.215ns (DCD - SCD + CPR)
    Destination Clock Delay (DCD):    2.655ns = ( 22.655 - 20.000 ) 
    Source Clock Delay      (SCD):    2.999ns
    Clock Pessimism Removal (CPR):    0.129ns
  Clock Uncertainty:      0.302ns  ((TSJ^2 + TIJ^2)^1/2 + DJ) / 2 + PE
    Total System Jitter     (TSJ):    0.071ns
    Total Input Jitter      (TIJ):    0.600ns
    Discrete Jitter          (DJ):    0.000ns
    Phase Error              (PE):    0.000ns

    Location             Delay type                Incr(ns)  Path(ns)    Netlist Resource(s)
  -------------------------------------------------------------------    -------------------
                         (clock clk_fpga_0 rise edge)
                                                      0.000     0.000 r  
    PS7_X0Y0             PS7                          0.000     0.000 r  design_1_i/processing_system7_0/inst/PS7_i/FCLKCLK[0]
                         net (fo=1, routed)           1.193     1.193    design_1_i/processing_system7_0/inst/FCLK_CLK_unbuffered[0]
    BUFGCTRL_X0Y16       BUFG (Prop_bufg_I_O)         0.101     1.294 r  design_1_i/processing_system7_0/inst/buffer_fclk_clk_0.FCLK_CLK_0_BUFG/O
                         net (fo=1413, routed)        1.705     2.999    design_1_i/rst_ps7_0_50M/U0/slowest_sync_clk
    SLICE_X57Y84         FDRE                                         r  design_1_i/rst_ps7_0_50M/U0/ACTIVE_LOW_PR_OUT_DFF[0].FDRE_PER_N/C
  -------------------------------------------------------------------    -------------------
    SLICE_X57Y84         FDRE (Prop_fdre_C_Q)         0.419     3.418 r  design_1_i/rst_ps7_0_50M/U0/ACTIVE_LOW_PR_OUT_DFF[0].FDRE_PER_N/Q
                         net (fo=111, routed)         1.405     4.823    design_1_i/tm_axi_wrapper_0/inst/S_AXI_ARESETN
    SLICE_X44Y92         LUT1 (Prop_lut1_I0_O)        0.296     5.119 f  design_1_i/tm_axi_wrapper_0/inst/S_AXI_AWREADY_i_1/O
                         net (fo=668, routed)         5.168    10.287    design_1_i/tm_axi_wrapper_0/inst/tm_inst/p_0_in
    SLICE_X37Y61         FDCE                                         f  design_1_i/tm_axi_wrapper_0/inst/tm_inst/mask_addr_reg[4]/CLR
  -------------------------------------------------------------------    -------------------

                         (clock clk_fpga_0 rise edge)
                                                     20.000    20.000 r  
    PS7_X0Y0             PS7                          0.000    20.000 r  design_1_i/processing_system7_0/inst/PS7_i/FCLKCLK[0]
                         net (fo=1, routed)           1.088    21.088    design_1_i/processing_system7_0/inst/FCLK_CLK_unbuffered[0]
    BUFGCTRL_X0Y16       BUFG (Prop_bufg_I_O)         0.091    21.179 r  design_1_i/processing_system7_0/inst/buffer_fclk_clk_0.FCLK_CLK_0_BUFG/O
                         net (fo=1413, routed)        1.476    22.655    design_1_i/tm_axi_wrapper_0/inst/tm_inst/S_AXI_ACLK
    SLICE_X37Y61         FDCE                                         r  design_1_i/tm_axi_wrapper_0/inst/tm_inst/mask_addr_reg[4]/C
                         clock pessimism              0.129    22.784    
                         clock uncertainty           -0.302    22.482    
    SLICE_X37Y61         FDCE (Recov_fdce_C_CLR)     -0.405    22.077    design_1_i/tm_axi_wrapper_0/inst/tm_inst/mask_addr_reg[4]
  -------------------------------------------------------------------
                         required time                         22.077    
                         arrival time                         -10.287    
  -------------------------------------------------------------------
                         slack                                 11.790    

Slack (MET) :             11.790ns  (required time - arrival time)
  Source:                 design_1_i/rst_ps7_0_50M/U0/ACTIVE_LOW_PR_OUT_DFF[0].FDRE_PER_N/C
                            (rising edge-triggered cell FDRE clocked by clk_fpga_0  {rise@0.000ns fall@10.000ns period=20.000ns})
  Destination:            design_1_i/tm_axi_wrapper_0/inst/tm_inst/mask_addr_reg[5]/CLR
                            (recovery check against rising-edge clock clk_fpga_0  {rise@0.000ns fall@10.000ns period=20.000ns})
  Path Group:             **async_default**
  Path Type:              Recovery (Max at Slow Process Corner)
  Requirement:            20.000ns  (clk_fpga_0 rise@20.000ns - clk_fpga_0 rise@0.000ns)
  Data Path Delay:        7.288ns  (logic 0.715ns (9.811%)  route 6.573ns (90.189%))
  Logic Levels:           1  (LUT1=1)
  Clock Path Skew:        -0.215ns (DCD - SCD + CPR)
    Destination Clock Delay (DCD):    2.655ns = ( 22.655 - 20.000 ) 
    Source Clock Delay      (SCD):    2.999ns
    Clock Pessimism Removal (CPR):    0.129ns
  Clock Uncertainty:      0.302ns  ((TSJ^2 + TIJ^2)^1/2 + DJ) / 2 + PE
    Total System Jitter     (TSJ):    0.071ns
    Total Input Jitter      (TIJ):    0.600ns
    Discrete Jitter          (DJ):    0.000ns
    Phase Error              (PE):    0.000ns

    Location             Delay type                Incr(ns)  Path(ns)    Netlist Resource(s)
  -------------------------------------------------------------------    -------------------
                         (clock clk_fpga_0 rise edge)
                                                      0.000     0.000 r  
    PS7_X0Y0             PS7                          0.000     0.000 r  design_1_i/processing_system7_0/inst/PS7_i/FCLKCLK[0]
                         net (fo=1, routed)           1.193     1.193    design_1_i/processing_system7_0/inst/FCLK_CLK_unbuffered[0]
    BUFGCTRL_X0Y16       BUFG (Prop_bufg_I_O)         0.101     1.294 r  design_1_i/processing_system7_0/inst/buffer_fclk_clk_0.FCLK_CLK_0_BUFG/O
                         net (fo=1413, routed)        1.705     2.999    design_1_i/rst_ps7_0_50M/U0/slowest_sync_clk
    SLICE_X57Y84         FDRE                                         r  design_1_i/rst_ps7_0_50M/U0/ACTIVE_LOW_PR_OUT_DFF[0].FDRE_PER_N/C
  -------------------------------------------------------------------    -------------------
    SLICE_X57Y84         FDRE (Prop_fdre_C_Q)         0.419     3.418 r  design_1_i/rst_ps7_0_50M/U0/ACTIVE_LOW_PR_OUT_DFF[0].FDRE_PER_N/Q
                         net (fo=111, routed)         1.405     4.823    design_1_i/tm_axi_wrapper_0/inst/S_AXI_ARESETN
    SLICE_X44Y92         LUT1 (Prop_lut1_I0_O)        0.296     5.119 f  design_1_i/tm_axi_wrapper_0/inst/S_AXI_AWREADY_i_1/O
                         net (fo=668, routed)         5.168    10.287    design_1_i/tm_axi_wrapper_0/inst/tm_inst/p_0_in
    SLICE_X37Y61         FDCE                                         f  design_1_i/tm_axi_wrapper_0/inst/tm_inst/mask_addr_reg[5]/CLR
  -------------------------------------------------------------------    -------------------

                         (clock clk_fpga_0 rise edge)
                                                     20.000    20.000 r  
    PS7_X0Y0             PS7                          0.000    20.000 r  design_1_i/processing_system7_0/inst/PS7_i/FCLKCLK[0]
                         net (fo=1, routed)           1.088    21.088    design_1_i/processing_system7_0/inst/FCLK_CLK_unbuffered[0]
    BUFGCTRL_X0Y16       BUFG (Prop_bufg_I_O)         0.091    21.179 r  design_1_i/processing_system7_0/inst/buffer_fclk_clk_0.FCLK_CLK_0_BUFG/O
                         net (fo=1413, routed)        1.476    22.655    design_1_i/tm_axi_wrapper_0/inst/tm_inst/S_AXI_ACLK
    SLICE_X37Y61         FDCE                                         r  design_1_i/tm_axi_wrapper_0/inst/tm_inst/mask_addr_reg[5]/C
                         clock pessimism              0.129    22.784    
                         clock uncertainty           -0.302    22.482    
    SLICE_X37Y61         FDCE (Recov_fdce_C_CLR)     -0.405    22.077    design_1_i/tm_axi_wrapper_0/inst/tm_inst/mask_addr_reg[5]
  -------------------------------------------------------------------
                         required time                         22.077    
                         arrival time                         -10.287    
  -------------------------------------------------------------------
                         slack                                 11.790    

Slack (MET) :             11.790ns  (required time - arrival time)
  Source:                 design_1_i/rst_ps7_0_50M/U0/ACTIVE_LOW_PR_OUT_DFF[0].FDRE_PER_N/C
                            (rising edge-triggered cell FDRE clocked by clk_fpga_0  {rise@0.000ns fall@10.000ns period=20.000ns})
  Destination:            design_1_i/tm_axi_wrapper_0/inst/tm_inst/mask_addr_reg[6]/CLR
                            (recovery check against rising-edge clock clk_fpga_0  {rise@0.000ns fall@10.000ns period=20.000ns})
  Path Group:             **async_default**
  Path Type:              Recovery (Max at Slow Process Corner)
  Requirement:            20.000ns  (clk_fpga_0 rise@20.000ns - clk_fpga_0 rise@0.000ns)
  Data Path Delay:        7.288ns  (logic 0.715ns (9.811%)  route 6.573ns (90.189%))
  Logic Levels:           1  (LUT1=1)
  Clock Path Skew:        -0.215ns (DCD - SCD + CPR)
    Destination Clock Delay (DCD):    2.655ns = ( 22.655 - 20.000 ) 
    Source Clock Delay      (SCD):    2.999ns
    Clock Pessimism Removal (CPR):    0.129ns
  Clock Uncertainty:      0.302ns  ((TSJ^2 + TIJ^2)^1/2 + DJ) / 2 + PE
    Total System Jitter     (TSJ):    0.071ns
    Total Input Jitter      (TIJ):    0.600ns
    Discrete Jitter          (DJ):    0.000ns
    Phase Error              (PE):    0.000ns

    Location             Delay type                Incr(ns)  Path(ns)    Netlist Resource(s)
  -------------------------------------------------------------------    -------------------
                         (clock clk_fpga_0 rise edge)
                                                      0.000     0.000 r  
    PS7_X0Y0             PS7                          0.000     0.000 r  design_1_i/processing_system7_0/inst/PS7_i/FCLKCLK[0]
                         net (fo=1, routed)           1.193     1.193    design_1_i/processing_system7_0/inst/FCLK_CLK_unbuffered[0]
    BUFGCTRL_X0Y16       BUFG (Prop_bufg_I_O)         0.101     1.294 r  design_1_i/processing_system7_0/inst/buffer_fclk_clk_0.FCLK_CLK_0_BUFG/O
                         net (fo=1413, routed)        1.705     2.999    design_1_i/rst_ps7_0_50M/U0/slowest_sync_clk
    SLICE_X57Y84         FDRE                                         r  design_1_i/rst_ps7_0_50M/U0/ACTIVE_LOW_PR_OUT_DFF[0].FDRE_PER_N/C
  -------------------------------------------------------------------    -------------------
    SLICE_X57Y84         FDRE (Prop_fdre_C_Q)         0.419     3.418 r  design_1_i/rst_ps7_0_50M/U0/ACTIVE_LOW_PR_OUT_DFF[0].FDRE_PER_N/Q
                         net (fo=111, routed)         1.405     4.823    design_1_i/tm_axi_wrapper_0/inst/S_AXI_ARESETN
    SLICE_X44Y92         LUT1 (Prop_lut1_I0_O)        0.296     5.119 f  design_1_i/tm_axi_wrapper_0/inst/S_AXI_AWREADY_i_1/O
                         net (fo=668, routed)         5.168    10.287    design_1_i/tm_axi_wrapper_0/inst/tm_inst/p_0_in
    SLICE_X37Y61         FDCE                                         f  design_1_i/tm_axi_wrapper_0/inst/tm_inst/mask_addr_reg[6]/CLR
  -------------------------------------------------------------------    -------------------

                         (clock clk_fpga_0 rise edge)
                                                     20.000    20.000 r  
    PS7_X0Y0             PS7                          0.000    20.000 r  design_1_i/processing_system7_0/inst/PS7_i/FCLKCLK[0]
                         net (fo=1, routed)           1.088    21.088    design_1_i/processing_system7_0/inst/FCLK_CLK_unbuffered[0]
    BUFGCTRL_X0Y16       BUFG (Prop_bufg_I_O)         0.091    21.179 r  design_1_i/processing_system7_0/inst/buffer_fclk_clk_0.FCLK_CLK_0_BUFG/O
                         net (fo=1413, routed)        1.476    22.655    design_1_i/tm_axi_wrapper_0/inst/tm_inst/S_AXI_ACLK
    SLICE_X37Y61         FDCE                                         r  design_1_i/tm_axi_wrapper_0/inst/tm_inst/mask_addr_reg[6]/C
                         clock pessimism              0.129    22.784    
                         clock uncertainty           -0.302    22.482    
    SLICE_X37Y61         FDCE (Recov_fdce_C_CLR)     -0.405    22.077    design_1_i/tm_axi_wrapper_0/inst/tm_inst/mask_addr_reg[6]
  -------------------------------------------------------------------
                         required time                         22.077    
                         arrival time                         -10.287    
  -------------------------------------------------------------------
                         slack                                 11.790    

Slack (MET) :             11.790ns  (required time - arrival time)
  Source:                 design_1_i/rst_ps7_0_50M/U0/ACTIVE_LOW_PR_OUT_DFF[0].FDRE_PER_N/C
                            (rising edge-triggered cell FDRE clocked by clk_fpga_0  {rise@0.000ns fall@10.000ns period=20.000ns})
  Destination:            design_1_i/tm_axi_wrapper_0/inst/tm_inst/mask_addr_reg[7]/CLR
                            (recovery check against rising-edge clock clk_fpga_0  {rise@0.000ns fall@10.000ns period=20.000ns})
  Path Group:             **async_default**
  Path Type:              Recovery (Max at Slow Process Corner)
  Requirement:            20.000ns  (clk_fpga_0 rise@20.000ns - clk_fpga_0 rise@0.000ns)
  Data Path Delay:        7.288ns  (logic 0.715ns (9.811%)  route 6.573ns (90.189%))
  Logic Levels:           1  (LUT1=1)
  Clock Path Skew:        -0.215ns (DCD - SCD + CPR)
    Destination Clock Delay (DCD):    2.655ns = ( 22.655 - 20.000 ) 
    Source Clock Delay      (SCD):    2.999ns
    Clock Pessimism Removal (CPR):    0.129ns
  Clock Uncertainty:      0.302ns  ((TSJ^2 + TIJ^2)^1/2 + DJ) / 2 + PE
    Total System Jitter     (TSJ):    0.071ns
    Total Input Jitter      (TIJ):    0.600ns
    Discrete Jitter          (DJ):    0.000ns
    Phase Error              (PE):    0.000ns

    Location             Delay type                Incr(ns)  Path(ns)    Netlist Resource(s)
  -------------------------------------------------------------------    -------------------
                         (clock clk_fpga_0 rise edge)
                                                      0.000     0.000 r  
    PS7_X0Y0             PS7                          0.000     0.000 r  design_1_i/processing_system7_0/inst/PS7_i/FCLKCLK[0]
                         net (fo=1, routed)           1.193     1.193    design_1_i/processing_system7_0/inst/FCLK_CLK_unbuffered[0]
    BUFGCTRL_X0Y16       BUFG (Prop_bufg_I_O)         0.101     1.294 r  design_1_i/processing_system7_0/inst/buffer_fclk_clk_0.FCLK_CLK_0_BUFG/O
                         net (fo=1413, routed)        1.705     2.999    design_1_i/rst_ps7_0_50M/U0/slowest_sync_clk
    SLICE_X57Y84         FDRE                                         r  design_1_i/rst_ps7_0_50M/U0/ACTIVE_LOW_PR_OUT_DFF[0].FDRE_PER_N/C
  -------------------------------------------------------------------    -------------------
    SLICE_X57Y84         FDRE (Prop_fdre_C_Q)         0.419     3.418 r  design_1_i/rst_ps7_0_50M/U0/ACTIVE_LOW_PR_OUT_DFF[0].FDRE_PER_N/Q
                         net (fo=111, routed)         1.405     4.823    design_1_i/tm_axi_wrapper_0/inst/S_AXI_ARESETN
    SLICE_X44Y92         LUT1 (Prop_lut1_I0_O)        0.296     5.119 f  design_1_i/tm_axi_wrapper_0/inst/S_AXI_AWREADY_i_1/O
                         net (fo=668, routed)         5.168    10.287    design_1_i/tm_axi_wrapper_0/inst/tm_inst/p_0_in
    SLICE_X37Y61         FDCE                                         f  design_1_i/tm_axi_wrapper_0/inst/tm_inst/mask_addr_reg[7]/CLR
  -------------------------------------------------------------------    -------------------

                         (clock clk_fpga_0 rise edge)
                                                     20.000    20.000 r  
    PS7_X0Y0             PS7                          0.000    20.000 r  design_1_i/processing_system7_0/inst/PS7_i/FCLKCLK[0]
                         net (fo=1, routed)           1.088    21.088    design_1_i/processing_system7_0/inst/FCLK_CLK_unbuffered[0]
    BUFGCTRL_X0Y16       BUFG (Prop_bufg_I_O)         0.091    21.179 r  design_1_i/processing_system7_0/inst/buffer_fclk_clk_0.FCLK_CLK_0_BUFG/O
                         net (fo=1413, routed)        1.476    22.655    design_1_i/tm_axi_wrapper_0/inst/tm_inst/S_AXI_ACLK
    SLICE_X37Y61         FDCE                                         r  design_1_i/tm_axi_wrapper_0/inst/tm_inst/mask_addr_reg[7]/C
                         clock pessimism              0.129    22.784    
                         clock uncertainty           -0.302    22.482    
    SLICE_X37Y61         FDCE (Recov_fdce_C_CLR)     -0.405    22.077    design_1_i/tm_axi_wrapper_0/inst/tm_inst/mask_addr_reg[7]
  -------------------------------------------------------------------
                         required time                         22.077    
                         arrival time                         -10.287    
  -------------------------------------------------------------------
                         slack                                 11.790    

Slack (MET) :             11.818ns  (required time - arrival time)
  Source:                 design_1_i/rst_ps7_0_50M/U0/ACTIVE_LOW_PR_OUT_DFF[0].FDRE_PER_N/C
                            (rising edge-triggered cell FDRE clocked by clk_fpga_0  {rise@0.000ns fall@10.000ns period=20.000ns})
  Destination:            design_1_i/tm_axi_wrapper_0/inst/tm_inst/mask_addr_reg[0]/CLR
                            (recovery check against rising-edge clock clk_fpga_0  {rise@0.000ns fall@10.000ns period=20.000ns})
  Path Group:             **async_default**
  Path Type:              Recovery (Max at Slow Process Corner)
  Requirement:            20.000ns  (clk_fpga_0 rise@20.000ns - clk_fpga_0 rise@0.000ns)
  Data Path Delay:        7.346ns  (logic 0.715ns (9.733%)  route 6.631ns (90.267%))
  Logic Levels:           1  (LUT1=1)
  Clock Path Skew:        -0.214ns (DCD - SCD + CPR)
    Destination Clock Delay (DCD):    2.656ns = ( 22.656 - 20.000 ) 
    Source Clock Delay      (SCD):    2.999ns
    Clock Pessimism Removal (CPR):    0.129ns
  Clock Uncertainty:      0.302ns  ((TSJ^2 + TIJ^2)^1/2 + DJ) / 2 + PE
    Total System Jitter     (TSJ):    0.071ns
    Total Input Jitter      (TIJ):    0.600ns
    Discrete Jitter          (DJ):    0.000ns
    Phase Error              (PE):    0.000ns

    Location             Delay type                Incr(ns)  Path(ns)    Netlist Resource(s)
  -------------------------------------------------------------------    -------------------
                         (clock clk_fpga_0 rise edge)
                                                      0.000     0.000 r  
    PS7_X0Y0             PS7                          0.000     0.000 r  design_1_i/processing_system7_0/inst/PS7_i/FCLKCLK[0]
                         net (fo=1, routed)           1.193     1.193    design_1_i/processing_system7_0/inst/FCLK_CLK_unbuffered[0]
    BUFGCTRL_X0Y16       BUFG (Prop_bufg_I_O)         0.101     1.294 r  design_1_i/processing_system7_0/inst/buffer_fclk_clk_0.FCLK_CLK_0_BUFG/O
                         net (fo=1413, routed)        1.705     2.999    design_1_i/rst_ps7_0_50M/U0/slowest_sync_clk
    SLICE_X57Y84         FDRE                                         r  design_1_i/rst_ps7_0_50M/U0/ACTIVE_LOW_PR_OUT_DFF[0].FDRE_PER_N/C
  -------------------------------------------------------------------    -------------------
    SLICE_X57Y84         FDRE (Prop_fdre_C_Q)         0.419     3.418 r  design_1_i/rst_ps7_0_50M/U0/ACTIVE_LOW_PR_OUT_DFF[0].FDRE_PER_N/Q
                         net (fo=111, routed)         1.405     4.823    design_1_i/tm_axi_wrapper_0/inst/S_AXI_ARESETN
    SLICE_X44Y92         LUT1 (Prop_lut1_I0_O)        0.296     5.119 f  design_1_i/tm_axi_wrapper_0/inst/S_AXI_AWREADY_i_1/O
                         net (fo=668, routed)         5.227    10.345    design_1_i/tm_axi_wrapper_0/inst/tm_inst/p_0_in
    SLICE_X36Y60         FDCE                                         f  design_1_i/tm_axi_wrapper_0/inst/tm_inst/mask_addr_reg[0]/CLR
  -------------------------------------------------------------------    -------------------

                         (clock clk_fpga_0 rise edge)
                                                     20.000    20.000 r  
    PS7_X0Y0             PS7                          0.000    20.000 r  design_1_i/processing_system7_0/inst/PS7_i/FCLKCLK[0]
                         net (fo=1, routed)           1.088    21.088    design_1_i/processing_system7_0/inst/FCLK_CLK_unbuffered[0]
    BUFGCTRL_X0Y16       BUFG (Prop_bufg_I_O)         0.091    21.179 r  design_1_i/processing_system7_0/inst/buffer_fclk_clk_0.FCLK_CLK_0_BUFG/O
                         net (fo=1413, routed)        1.477    22.656    design_1_i/tm_axi_wrapper_0/inst/tm_inst/S_AXI_ACLK
    SLICE_X36Y60         FDCE                                         r  design_1_i/tm_axi_wrapper_0/inst/tm_inst/mask_addr_reg[0]/C
                         clock pessimism              0.129    22.785    
                         clock uncertainty           -0.302    22.483    
    SLICE_X36Y60         FDCE (Recov_fdce_C_CLR)     -0.319    22.164    design_1_i/tm_axi_wrapper_0/inst/tm_inst/mask_addr_reg[0]
  -------------------------------------------------------------------
                         required time                         22.164    
                         arrival time                         -10.345    
  -------------------------------------------------------------------
                         slack                                 11.818    

Slack (MET) :             11.818ns  (required time - arrival time)
  Source:                 design_1_i/rst_ps7_0_50M/U0/ACTIVE_LOW_PR_OUT_DFF[0].FDRE_PER_N/C
                            (rising edge-triggered cell FDRE clocked by clk_fpga_0  {rise@0.000ns fall@10.000ns period=20.000ns})
  Destination:            design_1_i/tm_axi_wrapper_0/inst/tm_inst/mask_addr_reg[1]/CLR
                            (recovery check against rising-edge clock clk_fpga_0  {rise@0.000ns fall@10.000ns period=20.000ns})
  Path Group:             **async_default**
  Path Type:              Recovery (Max at Slow Process Corner)
  Requirement:            20.000ns  (clk_fpga_0 rise@20.000ns - clk_fpga_0 rise@0.000ns)
  Data Path Delay:        7.346ns  (logic 0.715ns (9.733%)  route 6.631ns (90.267%))
  Logic Levels:           1  (LUT1=1)
  Clock Path Skew:        -0.214ns (DCD - SCD + CPR)
    Destination Clock Delay (DCD):    2.656ns = ( 22.656 - 20.000 ) 
    Source Clock Delay      (SCD):    2.999ns
    Clock Pessimism Removal (CPR):    0.129ns
  Clock Uncertainty:      0.302ns  ((TSJ^2 + TIJ^2)^1/2 + DJ) / 2 + PE
    Total System Jitter     (TSJ):    0.071ns
    Total Input Jitter      (TIJ):    0.600ns
    Discrete Jitter          (DJ):    0.000ns
    Phase Error              (PE):    0.000ns

    Location             Delay type                Incr(ns)  Path(ns)    Netlist Resource(s)
  -------------------------------------------------------------------    -------------------
                         (clock clk_fpga_0 rise edge)
                                                      0.000     0.000 r  
    PS7_X0Y0             PS7                          0.000     0.000 r  design_1_i/processing_system7_0/inst/PS7_i/FCLKCLK[0]
                         net (fo=1, routed)           1.193     1.193    design_1_i/processing_system7_0/inst/FCLK_CLK_unbuffered[0]
    BUFGCTRL_X0Y16       BUFG (Prop_bufg_I_O)         0.101     1.294 r  design_1_i/processing_system7_0/inst/buffer_fclk_clk_0.FCLK_CLK_0_BUFG/O
                         net (fo=1413, routed)        1.705     2.999    design_1_i/rst_ps7_0_50M/U0/slowest_sync_clk
    SLICE_X57Y84         FDRE                                         r  design_1_i/rst_ps7_0_50M/U0/ACTIVE_LOW_PR_OUT_DFF[0].FDRE_PER_N/C
  -------------------------------------------------------------------    -------------------
    SLICE_X57Y84         FDRE (Prop_fdre_C_Q)         0.419     3.418 r  design_1_i/rst_ps7_0_50M/U0/ACTIVE_LOW_PR_OUT_DFF[0].FDRE_PER_N/Q
                         net (fo=111, routed)         1.405     4.823    design_1_i/tm_axi_wrapper_0/inst/S_AXI_ARESETN
    SLICE_X44Y92         LUT1 (Prop_lut1_I0_O)        0.296     5.119 f  design_1_i/tm_axi_wrapper_0/inst/S_AXI_AWREADY_i_1/O
                         net (fo=668, routed)         5.227    10.345    design_1_i/tm_axi_wrapper_0/inst/tm_inst/p_0_in
    SLICE_X36Y60         FDCE                                         f  design_1_i/tm_axi_wrapper_0/inst/tm_inst/mask_addr_reg[1]/CLR
  -------------------------------------------------------------------    -------------------

                         (clock clk_fpga_0 rise edge)
                                                     20.000    20.000 r  
    PS7_X0Y0             PS7                          0.000    20.000 r  design_1_i/processing_system7_0/inst/PS7_i/FCLKCLK[0]
                         net (fo=1, routed)           1.088    21.088    design_1_i/processing_system7_0/inst/FCLK_CLK_unbuffered[0]
    BUFGCTRL_X0Y16       BUFG (Prop_bufg_I_O)         0.091    21.179 r  design_1_i/processing_system7_0/inst/buffer_fclk_clk_0.FCLK_CLK_0_BUFG/O
                         net (fo=1413, routed)        1.477    22.656    design_1_i/tm_axi_wrapper_0/inst/tm_inst/S_AXI_ACLK
    SLICE_X36Y60         FDCE                                         r  design_1_i/tm_axi_wrapper_0/inst/tm_inst/mask_addr_reg[1]/C
                         clock pessimism              0.129    22.785    
                         clock uncertainty           -0.302    22.483    
    SLICE_X36Y60         FDCE (Recov_fdce_C_CLR)     -0.319    22.164    design_1_i/tm_axi_wrapper_0/inst/tm_inst/mask_addr_reg[1]
  -------------------------------------------------------------------
                         required time                         22.164    
                         arrival time                         -10.345    
  -------------------------------------------------------------------
                         slack                                 11.818    

Slack (MET) :             11.950ns  (required time - arrival time)
  Source:                 design_1_i/rst_ps7_0_50M/U0/ACTIVE_LOW_PR_OUT_DFF[0].FDRE_PER_N/C
                            (rising edge-triggered cell FDRE clocked by clk_fpga_0  {rise@0.000ns fall@10.000ns period=20.000ns})
  Destination:            design_1_i/tm_axi_wrapper_0/inst/tm_inst/mask_addr_reg[13]/CLR
                            (recovery check against rising-edge clock clk_fpga_0  {rise@0.000ns fall@10.000ns period=20.000ns})
  Path Group:             **async_default**
  Path Type:              Recovery (Max at Slow Process Corner)
  Requirement:            20.000ns  (clk_fpga_0 rise@20.000ns - clk_fpga_0 rise@0.000ns)
  Data Path Delay:        7.126ns  (logic 0.715ns (10.034%)  route 6.411ns (89.966%))
  Logic Levels:           1  (LUT1=1)
  Clock Path Skew:        -0.217ns (DCD - SCD + CPR)
    Destination Clock Delay (DCD):    2.653ns = ( 22.653 - 20.000 ) 
    Source Clock Delay      (SCD):    2.999ns
    Clock Pessimism Removal (CPR):    0.129ns
  Clock Uncertainty:      0.302ns  ((TSJ^2 + TIJ^2)^1/2 + DJ) / 2 + PE
    Total System Jitter     (TSJ):    0.071ns
    Total Input Jitter      (TIJ):    0.600ns
    Discrete Jitter          (DJ):    0.000ns
    Phase Error              (PE):    0.000ns

    Location             Delay type                Incr(ns)  Path(ns)    Netlist Resource(s)
  -------------------------------------------------------------------    -------------------
                         (clock clk_fpga_0 rise edge)
                                                      0.000     0.000 r  
    PS7_X0Y0             PS7                          0.000     0.000 r  design_1_i/processing_system7_0/inst/PS7_i/FCLKCLK[0]
                         net (fo=1, routed)           1.193     1.193    design_1_i/processing_system7_0/inst/FCLK_CLK_unbuffered[0]
    BUFGCTRL_X0Y16       BUFG (Prop_bufg_I_O)         0.101     1.294 r  design_1_i/processing_system7_0/inst/buffer_fclk_clk_0.FCLK_CLK_0_BUFG/O
                         net (fo=1413, routed)        1.705     2.999    design_1_i/rst_ps7_0_50M/U0/slowest_sync_clk
    SLICE_X57Y84         FDRE                                         r  design_1_i/rst_ps7_0_50M/U0/ACTIVE_LOW_PR_OUT_DFF[0].FDRE_PER_N/C
  -------------------------------------------------------------------    -------------------
    SLICE_X57Y84         FDRE (Prop_fdre_C_Q)         0.419     3.418 r  design_1_i/rst_ps7_0_50M/U0/ACTIVE_LOW_PR_OUT_DFF[0].FDRE_PER_N/Q
                         net (fo=111, routed)         1.405     4.823    design_1_i/tm_axi_wrapper_0/inst/S_AXI_ARESETN
    SLICE_X44Y92         LUT1 (Prop_lut1_I0_O)        0.296     5.119 f  design_1_i/tm_axi_wrapper_0/inst/S_AXI_AWREADY_i_1/O
                         net (fo=668, routed)         5.006    10.125    design_1_i/tm_axi_wrapper_0/inst/tm_inst/p_0_in
    SLICE_X37Y63         FDCE                                         f  design_1_i/tm_axi_wrapper_0/inst/tm_inst/mask_addr_reg[13]/CLR
  -------------------------------------------------------------------    -------------------

                         (clock clk_fpga_0 rise edge)
                                                     20.000    20.000 r  
    PS7_X0Y0             PS7                          0.000    20.000 r  design_1_i/processing_system7_0/inst/PS7_i/FCLKCLK[0]
                         net (fo=1, routed)           1.088    21.088    design_1_i/processing_system7_0/inst/FCLK_CLK_unbuffered[0]
    BUFGCTRL_X0Y16       BUFG (Prop_bufg_I_O)         0.091    21.179 r  design_1_i/processing_system7_0/inst/buffer_fclk_clk_0.FCLK_CLK_0_BUFG/O
                         net (fo=1413, routed)        1.474    22.653    design_1_i/tm_axi_wrapper_0/inst/tm_inst/S_AXI_ACLK
    SLICE_X37Y63         FDCE                                         r  design_1_i/tm_axi_wrapper_0/inst/tm_inst/mask_addr_reg[13]/C
                         clock pessimism              0.129    22.782    
                         clock uncertainty           -0.302    22.480    
    SLICE_X37Y63         FDCE (Recov_fdce_C_CLR)     -0.405    22.075    design_1_i/tm_axi_wrapper_0/inst/tm_inst/mask_addr_reg[13]
  -------------------------------------------------------------------
                         required time                         22.075    
                         arrival time                         -10.125    
  -------------------------------------------------------------------
                         slack                                 11.950    





Min Delay Paths
--------------------------------------------------------------------------------------
Slack (MET) :             1.049ns  (arrival time - required time)
  Source:                 design_1_i/rst_ps7_0_50M/U0/ACTIVE_LOW_PR_OUT_DFF[0].FDRE_PER_N/C
                            (rising edge-triggered cell FDRE clocked by clk_fpga_0  {rise@0.000ns fall@10.000ns period=20.000ns})
  Destination:            design_1_i/tm_axi_wrapper_0/inst/tm_inst/scores_reg[2][15]/CLR
                            (removal check against rising-edge clock clk_fpga_0  {rise@0.000ns fall@10.000ns period=20.000ns})
  Path Group:             **async_default**
  Path Type:              Removal (Min at Fast Process Corner)
  Requirement:            0.000ns  (clk_fpga_0 rise@0.000ns - clk_fpga_0 rise@0.000ns)
  Data Path Delay:        1.198ns  (logic 0.226ns (18.865%)  route 0.972ns (81.135%))
  Logic Levels:           1  (LUT1=1)
  Clock Path Skew:        0.241ns (DCD - SCD - CPR)
    Destination Clock Delay (DCD):    1.185ns
    Source Clock Delay      (SCD):    0.909ns
    Clock Pessimism Removal (CPR):    0.035ns

    Location             Delay type                Incr(ns)  Path(ns)    Netlist Resource(s)
  -------------------------------------------------------------------    -------------------
                         (clock clk_fpga_0 rise edge)
                                                      0.000     0.000 r  
    PS7_X0Y0             PS7                          0.000     0.000 r  design_1_i/processing_system7_0/inst/PS7_i/FCLKCLK[0]
                         net (fo=1, routed)           0.310     0.310    design_1_i/processing_system7_0/inst/FCLK_CLK_unbuffered[0]
    BUFGCTRL_X0Y16       BUFG (Prop_bufg_I_O)         0.026     0.336 r  design_1_i/processing_system7_0/inst/buffer_fclk_clk_0.FCLK_CLK_0_BUFG/O
                         net (fo=1413, routed)        0.573     0.909    design_1_i/rst_ps7_0_50M/U0/slowest_sync_clk
    SLICE_X57Y84         FDRE                                         r  design_1_i/rst_ps7_0_50M/U0/ACTIVE_LOW_PR_OUT_DFF[0].FDRE_PER_N/C
  -------------------------------------------------------------------    -------------------
    SLICE_X57Y84         FDRE (Prop_fdre_C_Q)         0.128     1.037 r  design_1_i/rst_ps7_0_50M/U0/ACTIVE_LOW_PR_OUT_DFF[0].FDRE_PER_N/Q
                         net (fo=111, routed)         0.644     1.680    design_1_i/tm_axi_wrapper_0/inst/S_AXI_ARESETN
    SLICE_X44Y92         LUT1 (Prop_lut1_I0_O)        0.098     1.778 f  design_1_i/tm_axi_wrapper_0/inst/S_AXI_AWREADY_i_1/O
                         net (fo=668, routed)         0.328     2.107    design_1_i/tm_axi_wrapper_0/inst/tm_inst/p_0_in
    SLICE_X44Y86         FDCE                                         f  design_1_i/tm_axi_wrapper_0/inst/tm_inst/scores_reg[2][15]/CLR
  -------------------------------------------------------------------    -------------------

                         (clock clk_fpga_0 rise edge)
                                                      0.000     0.000 r  
    PS7_X0Y0             PS7                          0.000     0.000 r  design_1_i/processing_system7_0/inst/PS7_i/FCLKCLK[0]
                         net (fo=1, routed)           0.337     0.337    design_1_i/processing_system7_0/inst/FCLK_CLK_unbuffered[0]
    BUFGCTRL_X0Y16       BUFG (Prop_bufg_I_O)         0.029     0.366 r  design_1_i/processing_system7_0/inst/buffer_fclk_clk_0.FCLK_CLK_0_BUFG/O
                         net (fo=1413, routed)        0.819     1.185    design_1_i/tm_axi_wrapper_0/inst/tm_inst/S_AXI_ACLK
    SLICE_X44Y86         FDCE                                         r  design_1_i/tm_axi_wrapper_0/inst/tm_inst/scores_reg[2][15]/C
                         clock pessimism             -0.035     1.150    
    SLICE_X44Y86         FDCE (Remov_fdce_C_CLR)     -0.092     1.058    design_1_i/tm_axi_wrapper_0/inst/tm_inst/scores_reg[2][15]
  -------------------------------------------------------------------
                         required time                         -1.058    
                         arrival time                           2.107    
  -------------------------------------------------------------------
                         slack                                  1.049    

Slack (MET) :             1.130ns  (arrival time - required time)
  Source:                 design_1_i/rst_ps7_0_50M/U0/ACTIVE_LOW_PR_OUT_DFF[0].FDRE_PER_N/C
                            (rising edge-triggered cell FDRE clocked by clk_fpga_0  {rise@0.000ns fall@10.000ns period=20.000ns})
  Destination:            design_1_i/tm_axi_wrapper_0/inst/tm_inst/scores_reg[1][10]/CLR
                            (removal check against rising-edge clock clk_fpga_0  {rise@0.000ns fall@10.000ns period=20.000ns})
  Path Group:             **async_default**
  Path Type:              Removal (Min at Fast Process Corner)
  Requirement:            0.000ns  (clk_fpga_0 rise@0.000ns - clk_fpga_0 rise@0.000ns)
  Data Path Delay:        1.279ns  (logic 0.226ns (17.670%)  route 1.053ns (82.330%))
  Logic Levels:           1  (LUT1=1)
  Clock Path Skew:        0.241ns (DCD - SCD - CPR)
    Destination Clock Delay (DCD):    1.185ns
    Source Clock Delay      (SCD):    0.909ns
    Clock Pessimism Removal (CPR):    0.035ns

    Location             Delay type                Incr(ns)  Path(ns)    Netlist Resource(s)
  -------------------------------------------------------------------    -------------------
                         (clock clk_fpga_0 rise edge)
                                                      0.000     0.000 r  
    PS7_X0Y0             PS7                          0.000     0.000 r  design_1_i/processing_system7_0/inst/PS7_i/FCLKCLK[0]
                         net (fo=1, routed)           0.310     0.310    design_1_i/processing_system7_0/inst/FCLK_CLK_unbuffered[0]
    BUFGCTRL_X0Y16       BUFG (Prop_bufg_I_O)         0.026     0.336 r  design_1_i/processing_system7_0/inst/buffer_fclk_clk_0.FCLK_CLK_0_BUFG/O
                         net (fo=1413, routed)        0.573     0.909    design_1_i/rst_ps7_0_50M/U0/slowest_sync_clk
    SLICE_X57Y84         FDRE                                         r  design_1_i/rst_ps7_0_50M/U0/ACTIVE_LOW_PR_OUT_DFF[0].FDRE_PER_N/C
  -------------------------------------------------------------------    -------------------
    SLICE_X57Y84         FDRE (Prop_fdre_C_Q)         0.128     1.037 r  design_1_i/rst_ps7_0_50M/U0/ACTIVE_LOW_PR_OUT_DFF[0].FDRE_PER_N/Q
                         net (fo=111, routed)         0.644     1.680    design_1_i/tm_axi_wrapper_0/inst/S_AXI_ARESETN
    SLICE_X44Y92         LUT1 (Prop_lut1_I0_O)        0.098     1.778 f  design_1_i/tm_axi_wrapper_0/inst/S_AXI_AWREADY_i_1/O
                         net (fo=668, routed)         0.410     2.188    design_1_i/tm_axi_wrapper_0/inst/tm_inst/p_0_in
    SLICE_X44Y85         FDCE                                         f  design_1_i/tm_axi_wrapper_0/inst/tm_inst/scores_reg[1][10]/CLR
  -------------------------------------------------------------------    -------------------

                         (clock clk_fpga_0 rise edge)
                                                      0.000     0.000 r  
    PS7_X0Y0             PS7                          0.000     0.000 r  design_1_i/processing_system7_0/inst/PS7_i/FCLKCLK[0]
                         net (fo=1, routed)           0.337     0.337    design_1_i/processing_system7_0/inst/FCLK_CLK_unbuffered[0]
    BUFGCTRL_X0Y16       BUFG (Prop_bufg_I_O)         0.029     0.366 r  design_1_i/processing_system7_0/inst/buffer_fclk_clk_0.FCLK_CLK_0_BUFG/O
                         net (fo=1413, routed)        0.819     1.185    design_1_i/tm_axi_wrapper_0/inst/tm_inst/S_AXI_ACLK
    SLICE_X44Y85         FDCE                                         r  design_1_i/tm_axi_wrapper_0/inst/tm_inst/scores_reg[1][10]/C
                         clock pessimism             -0.035     1.150    
    SLICE_X44Y85         FDCE (Remov_fdce_C_CLR)     -0.092     1.058    design_1_i/tm_axi_wrapper_0/inst/tm_inst/scores_reg[1][10]
  -------------------------------------------------------------------
                         required time                         -1.058    
                         arrival time                           2.188    
  -------------------------------------------------------------------
                         slack                                  1.130    

Slack (MET) :             1.130ns  (arrival time - required time)
  Source:                 design_1_i/rst_ps7_0_50M/U0/ACTIVE_LOW_PR_OUT_DFF[0].FDRE_PER_N/C
                            (rising edge-triggered cell FDRE clocked by clk_fpga_0  {rise@0.000ns fall@10.000ns period=20.000ns})
  Destination:            design_1_i/tm_axi_wrapper_0/inst/tm_inst/scores_reg[3][10]/CLR
                            (removal check against rising-edge clock clk_fpga_0  {rise@0.000ns fall@10.000ns period=20.000ns})
  Path Group:             **async_default**
  Path Type:              Removal (Min at Fast Process Corner)
  Requirement:            0.000ns  (clk_fpga_0 rise@0.000ns - clk_fpga_0 rise@0.000ns)
  Data Path Delay:        1.279ns  (logic 0.226ns (17.670%)  route 1.053ns (82.330%))
  Logic Levels:           1  (LUT1=1)
  Clock Path Skew:        0.241ns (DCD - SCD - CPR)
    Destination Clock Delay (DCD):    1.185ns
    Source Clock Delay      (SCD):    0.909ns
    Clock Pessimism Removal (CPR):    0.035ns

    Location             Delay type                Incr(ns)  Path(ns)    Netlist Resource(s)
  -------------------------------------------------------------------    -------------------
                         (clock clk_fpga_0 rise edge)
                                                      0.000     0.000 r  
    PS7_X0Y0             PS7                          0.000     0.000 r  design_1_i/processing_system7_0/inst/PS7_i/FCLKCLK[0]
                         net (fo=1, routed)           0.310     0.310    design_1_i/processing_system7_0/inst/FCLK_CLK_unbuffered[0]
    BUFGCTRL_X0Y16       BUFG (Prop_bufg_I_O)         0.026     0.336 r  design_1_i/processing_system7_0/inst/buffer_fclk_clk_0.FCLK_CLK_0_BUFG/O
                         net (fo=1413, routed)        0.573     0.909    design_1_i/rst_ps7_0_50M/U0/slowest_sync_clk
    SLICE_X57Y84         FDRE                                         r  design_1_i/rst_ps7_0_50M/U0/ACTIVE_LOW_PR_OUT_DFF[0].FDRE_PER_N/C
  -------------------------------------------------------------------    -------------------
    SLICE_X57Y84         FDRE (Prop_fdre_C_Q)         0.128     1.037 r  design_1_i/rst_ps7_0_50M/U0/ACTIVE_LOW_PR_OUT_DFF[0].FDRE_PER_N/Q
                         net (fo=111, routed)         0.644     1.680    design_1_i/tm_axi_wrapper_0/inst/S_AXI_ARESETN
    SLICE_X44Y92         LUT1 (Prop_lut1_I0_O)        0.098     1.778 f  design_1_i/tm_axi_wrapper_0/inst/S_AXI_AWREADY_i_1/O
                         net (fo=668, routed)         0.410     2.188    design_1_i/tm_axi_wrapper_0/inst/tm_inst/p_0_in
    SLICE_X44Y85         FDCE                                         f  design_1_i/tm_axi_wrapper_0/inst/tm_inst/scores_reg[3][10]/CLR
  -------------------------------------------------------------------    -------------------

                         (clock clk_fpga_0 rise edge)
                                                      0.000     0.000 r  
    PS7_X0Y0             PS7                          0.000     0.000 r  design_1_i/processing_system7_0/inst/PS7_i/FCLKCLK[0]
                         net (fo=1, routed)           0.337     0.337    design_1_i/processing_system7_0/inst/FCLK_CLK_unbuffered[0]
    BUFGCTRL_X0Y16       BUFG (Prop_bufg_I_O)         0.029     0.366 r  design_1_i/processing_system7_0/inst/buffer_fclk_clk_0.FCLK_CLK_0_BUFG/O
                         net (fo=1413, routed)        0.819     1.185    design_1_i/tm_axi_wrapper_0/inst/tm_inst/S_AXI_ACLK
    SLICE_X44Y85         FDCE                                         r  design_1_i/tm_axi_wrapper_0/inst/tm_inst/scores_reg[3][10]/C
                         clock pessimism             -0.035     1.150    
    SLICE_X44Y85         FDCE (Remov_fdce_C_CLR)     -0.092     1.058    design_1_i/tm_axi_wrapper_0/inst/tm_inst/scores_reg[3][10]
  -------------------------------------------------------------------
                         required time                         -1.058    
                         arrival time                           2.188    
  -------------------------------------------------------------------
                         slack                                  1.130    

Slack (MET) :             1.130ns  (arrival time - required time)
  Source:                 design_1_i/rst_ps7_0_50M/U0/ACTIVE_LOW_PR_OUT_DFF[0].FDRE_PER_N/C
                            (rising edge-triggered cell FDRE clocked by clk_fpga_0  {rise@0.000ns fall@10.000ns period=20.000ns})
  Destination:            design_1_i/tm_axi_wrapper_0/inst/tm_inst/scores_reg[6][10]/CLR
                            (removal check against rising-edge clock clk_fpga_0  {rise@0.000ns fall@10.000ns period=20.000ns})
  Path Group:             **async_default**
  Path Type:              Removal (Min at Fast Process Corner)
  Requirement:            0.000ns  (clk_fpga_0 rise@0.000ns - clk_fpga_0 rise@0.000ns)
  Data Path Delay:        1.279ns  (logic 0.226ns (17.670%)  route 1.053ns (82.330%))
  Logic Levels:           1  (LUT1=1)
  Clock Path Skew:        0.241ns (DCD - SCD - CPR)
    Destination Clock Delay (DCD):    1.185ns
    Source Clock Delay      (SCD):    0.909ns
    Clock Pessimism Removal (CPR):    0.035ns

    Location             Delay type                Incr(ns)  Path(ns)    Netlist Resource(s)
  -------------------------------------------------------------------    -------------------
                         (clock clk_fpga_0 rise edge)
                                                      0.000     0.000 r  
    PS7_X0Y0             PS7                          0.000     0.000 r  design_1_i/processing_system7_0/inst/PS7_i/FCLKCLK[0]
                         net (fo=1, routed)           0.310     0.310    design_1_i/processing_system7_0/inst/FCLK_CLK_unbuffered[0]
    BUFGCTRL_X0Y16       BUFG (Prop_bufg_I_O)         0.026     0.336 r  design_1_i/processing_system7_0/inst/buffer_fclk_clk_0.FCLK_CLK_0_BUFG/O
                         net (fo=1413, routed)        0.573     0.909    design_1_i/rst_ps7_0_50M/U0/slowest_sync_clk
    SLICE_X57Y84         FDRE                                         r  design_1_i/rst_ps7_0_50M/U0/ACTIVE_LOW_PR_OUT_DFF[0].FDRE_PER_N/C
  -------------------------------------------------------------------    -------------------
    SLICE_X57Y84         FDRE (Prop_fdre_C_Q)         0.128     1.037 r  design_1_i/rst_ps7_0_50M/U0/ACTIVE_LOW_PR_OUT_DFF[0].FDRE_PER_N/Q
                         net (fo=111, routed)         0.644     1.680    design_1_i/tm_axi_wrapper_0/inst/S_AXI_ARESETN
    SLICE_X44Y92         LUT1 (Prop_lut1_I0_O)        0.098     1.778 f  design_1_i/tm_axi_wrapper_0/inst/S_AXI_AWREADY_i_1/O
                         net (fo=668, routed)         0.410     2.188    design_1_i/tm_axi_wrapper_0/inst/tm_inst/p_0_in
    SLICE_X44Y85         FDCE                                         f  design_1_i/tm_axi_wrapper_0/inst/tm_inst/scores_reg[6][10]/CLR
  -------------------------------------------------------------------    -------------------

                         (clock clk_fpga_0 rise edge)
                                                      0.000     0.000 r  
    PS7_X0Y0             PS7                          0.000     0.000 r  design_1_i/processing_system7_0/inst/PS7_i/FCLKCLK[0]
                         net (fo=1, routed)           0.337     0.337    design_1_i/processing_system7_0/inst/FCLK_CLK_unbuffered[0]
    BUFGCTRL_X0Y16       BUFG (Prop_bufg_I_O)         0.029     0.366 r  design_1_i/processing_system7_0/inst/buffer_fclk_clk_0.FCLK_CLK_0_BUFG/O
                         net (fo=1413, routed)        0.819     1.185    design_1_i/tm_axi_wrapper_0/inst/tm_inst/S_AXI_ACLK
    SLICE_X44Y85         FDCE                                         r  design_1_i/tm_axi_wrapper_0/inst/tm_inst/scores_reg[6][10]/C
                         clock pessimism             -0.035     1.150    
    SLICE_X44Y85         FDCE (Remov_fdce_C_CLR)     -0.092     1.058    design_1_i/tm_axi_wrapper_0/inst/tm_inst/scores_reg[6][10]
  -------------------------------------------------------------------
                         required time                         -1.058    
                         arrival time                           2.188    
  -------------------------------------------------------------------
                         slack                                  1.130    

Slack (MET) :             1.130ns  (arrival time - required time)
  Source:                 design_1_i/rst_ps7_0_50M/U0/ACTIVE_LOW_PR_OUT_DFF[0].FDRE_PER_N/C
                            (rising edge-triggered cell FDRE clocked by clk_fpga_0  {rise@0.000ns fall@10.000ns period=20.000ns})
  Destination:            design_1_i/tm_axi_wrapper_0/inst/tm_inst/scores_reg[7][10]/CLR
                            (removal check against rising-edge clock clk_fpga_0  {rise@0.000ns fall@10.000ns period=20.000ns})
  Path Group:             **async_default**
  Path Type:              Removal (Min at Fast Process Corner)
  Requirement:            0.000ns  (clk_fpga_0 rise@0.000ns - clk_fpga_0 rise@0.000ns)
  Data Path Delay:        1.279ns  (logic 0.226ns (17.670%)  route 1.053ns (82.330%))
  Logic Levels:           1  (LUT1=1)
  Clock Path Skew:        0.241ns (DCD - SCD - CPR)
    Destination Clock Delay (DCD):    1.185ns
    Source Clock Delay      (SCD):    0.909ns
    Clock Pessimism Removal (CPR):    0.035ns

    Location             Delay type                Incr(ns)  Path(ns)    Netlist Resource(s)
  -------------------------------------------------------------------    -------------------
                         (clock clk_fpga_0 rise edge)
                                                      0.000     0.000 r  
    PS7_X0Y0             PS7                          0.000     0.000 r  design_1_i/processing_system7_0/inst/PS7_i/FCLKCLK[0]
                         net (fo=1, routed)           0.310     0.310    design_1_i/processing_system7_0/inst/FCLK_CLK_unbuffered[0]
    BUFGCTRL_X0Y16       BUFG (Prop_bufg_I_O)         0.026     0.336 r  design_1_i/processing_system7_0/inst/buffer_fclk_clk_0.FCLK_CLK_0_BUFG/O
                         net (fo=1413, routed)        0.573     0.909    design_1_i/rst_ps7_0_50M/U0/slowest_sync_clk
    SLICE_X57Y84         FDRE                                         r  design_1_i/rst_ps7_0_50M/U0/ACTIVE_LOW_PR_OUT_DFF[0].FDRE_PER_N/C
  -------------------------------------------------------------------    -------------------
    SLICE_X57Y84         FDRE (Prop_fdre_C_Q)         0.128     1.037 r  design_1_i/rst_ps7_0_50M/U0/ACTIVE_LOW_PR_OUT_DFF[0].FDRE_PER_N/Q
                         net (fo=111, routed)         0.644     1.680    design_1_i/tm_axi_wrapper_0/inst/S_AXI_ARESETN
    SLICE_X44Y92         LUT1 (Prop_lut1_I0_O)        0.098     1.778 f  design_1_i/tm_axi_wrapper_0/inst/S_AXI_AWREADY_i_1/O
                         net (fo=668, routed)         0.410     2.188    design_1_i/tm_axi_wrapper_0/inst/tm_inst/p_0_in
    SLICE_X44Y85         FDCE                                         f  design_1_i/tm_axi_wrapper_0/inst/tm_inst/scores_reg[7][10]/CLR
  -------------------------------------------------------------------    -------------------

                         (clock clk_fpga_0 rise edge)
                                                      0.000     0.000 r  
    PS7_X0Y0             PS7                          0.000     0.000 r  design_1_i/processing_system7_0/inst/PS7_i/FCLKCLK[0]
                         net (fo=1, routed)           0.337     0.337    design_1_i/processing_system7_0/inst/FCLK_CLK_unbuffered[0]
    BUFGCTRL_X0Y16       BUFG (Prop_bufg_I_O)         0.029     0.366 r  design_1_i/processing_system7_0/inst/buffer_fclk_clk_0.FCLK_CLK_0_BUFG/O
                         net (fo=1413, routed)        0.819     1.185    design_1_i/tm_axi_wrapper_0/inst/tm_inst/S_AXI_ACLK
    SLICE_X44Y85         FDCE                                         r  design_1_i/tm_axi_wrapper_0/inst/tm_inst/scores_reg[7][10]/C
                         clock pessimism             -0.035     1.150    
    SLICE_X44Y85         FDCE (Remov_fdce_C_CLR)     -0.092     1.058    design_1_i/tm_axi_wrapper_0/inst/tm_inst/scores_reg[7][10]
  -------------------------------------------------------------------
                         required time                         -1.058    
                         arrival time                           2.188    
  -------------------------------------------------------------------
                         slack                                  1.130    

Slack (MET) :             1.136ns  (arrival time - required time)
  Source:                 design_1_i/rst_ps7_0_50M/U0/ACTIVE_LOW_PR_OUT_DFF[0].FDRE_PER_N/C
                            (rising edge-triggered cell FDRE clocked by clk_fpga_0  {rise@0.000ns fall@10.000ns period=20.000ns})
  Destination:            design_1_i/tm_axi_wrapper_0/inst/tm_inst/scores_reg[4][15]/CLR
                            (removal check against rising-edge clock clk_fpga_0  {rise@0.000ns fall@10.000ns period=20.000ns})
  Path Group:             **async_default**
  Path Type:              Removal (Min at Fast Process Corner)
  Requirement:            0.000ns  (clk_fpga_0 rise@0.000ns - clk_fpga_0 rise@0.000ns)
  Data Path Delay:        1.310ns  (logic 0.226ns (17.250%)  route 1.084ns (82.750%))
  Logic Levels:           1  (LUT1=1)
  Clock Path Skew:        0.241ns (DCD - SCD - CPR)
    Destination Clock Delay (DCD):    1.185ns
    Source Clock Delay      (SCD):    0.909ns
    Clock Pessimism Removal (CPR):    0.035ns

    Location             Delay type                Incr(ns)  Path(ns)    Netlist Resource(s)
  -------------------------------------------------------------------    -------------------
                         (clock clk_fpga_0 rise edge)
                                                      0.000     0.000 r  
    PS7_X0Y0             PS7                          0.000     0.000 r  design_1_i/processing_system7_0/inst/PS7_i/FCLKCLK[0]
                         net (fo=1, routed)           0.310     0.310    design_1_i/processing_system7_0/inst/FCLK_CLK_unbuffered[0]
    BUFGCTRL_X0Y16       BUFG (Prop_bufg_I_O)         0.026     0.336 r  design_1_i/processing_system7_0/inst/buffer_fclk_clk_0.FCLK_CLK_0_BUFG/O
                         net (fo=1413, routed)        0.573     0.909    design_1_i/rst_ps7_0_50M/U0/slowest_sync_clk
    SLICE_X57Y84         FDRE                                         r  design_1_i/rst_ps7_0_50M/U0/ACTIVE_LOW_PR_OUT_DFF[0].FDRE_PER_N/C
  -------------------------------------------------------------------    -------------------
    SLICE_X57Y84         FDRE (Prop_fdre_C_Q)         0.128     1.037 r  design_1_i/rst_ps7_0_50M/U0/ACTIVE_LOW_PR_OUT_DFF[0].FDRE_PER_N/Q
                         net (fo=111, routed)         0.644     1.680    design_1_i/tm_axi_wrapper_0/inst/S_AXI_ARESETN
    SLICE_X44Y92         LUT1 (Prop_lut1_I0_O)        0.098     1.778 f  design_1_i/tm_axi_wrapper_0/inst/S_AXI_AWREADY_i_1/O
                         net (fo=668, routed)         0.441     2.219    design_1_i/tm_axi_wrapper_0/inst/tm_inst/p_0_in
    SLICE_X46Y85         FDCE                                         f  design_1_i/tm_axi_wrapper_0/inst/tm_inst/scores_reg[4][15]/CLR
  -------------------------------------------------------------------    -------------------

                         (clock clk_fpga_0 rise edge)
                                                      0.000     0.000 r  
    PS7_X0Y0             PS7                          0.000     0.000 r  design_1_i/processing_system7_0/inst/PS7_i/FCLKCLK[0]
                         net (fo=1, routed)           0.337     0.337    design_1_i/processing_system7_0/inst/FCLK_CLK_unbuffered[0]
    BUFGCTRL_X0Y16       BUFG (Prop_bufg_I_O)         0.029     0.366 r  design_1_i/processing_system7_0/inst/buffer_fclk_clk_0.FCLK_CLK_0_BUFG/O
                         net (fo=1413, routed)        0.819     1.185    design_1_i/tm_axi_wrapper_0/inst/tm_inst/S_AXI_ACLK
    SLICE_X46Y85         FDCE                                         r  design_1_i/tm_axi_wrapper_0/inst/tm_inst/scores_reg[4][15]/C
                         clock pessimism             -0.035     1.150    
    SLICE_X46Y85         FDCE (Remov_fdce_C_CLR)     -0.067     1.083    design_1_i/tm_axi_wrapper_0/inst/tm_inst/scores_reg[4][15]
  -------------------------------------------------------------------
                         required time                         -1.083    
                         arrival time                           2.219    
  -------------------------------------------------------------------
                         slack                                  1.136    

Slack (MET) :             1.136ns  (arrival time - required time)
  Source:                 design_1_i/rst_ps7_0_50M/U0/ACTIVE_LOW_PR_OUT_DFF[0].FDRE_PER_N/C
                            (rising edge-triggered cell FDRE clocked by clk_fpga_0  {rise@0.000ns fall@10.000ns period=20.000ns})
  Destination:            design_1_i/tm_axi_wrapper_0/inst/tm_inst/scores_reg[5][15]/CLR
                            (removal check against rising-edge clock clk_fpga_0  {rise@0.000ns fall@10.000ns period=20.000ns})
  Path Group:             **async_default**
  Path Type:              Removal (Min at Fast Process Corner)
  Requirement:            0.000ns  (clk_fpga_0 rise@0.000ns - clk_fpga_0 rise@0.000ns)
  Data Path Delay:        1.310ns  (logic 0.226ns (17.250%)  route 1.084ns (82.750%))
  Logic Levels:           1  (LUT1=1)
  Clock Path Skew:        0.241ns (DCD - SCD - CPR)
    Destination Clock Delay (DCD):    1.185ns
    Source Clock Delay      (SCD):    0.909ns
    Clock Pessimism Removal (CPR):    0.035ns

    Location             Delay type                Incr(ns)  Path(ns)    Netlist Resource(s)
  -------------------------------------------------------------------    -------------------
                         (clock clk_fpga_0 rise edge)
                                                      0.000     0.000 r  
    PS7_X0Y0             PS7                          0.000     0.000 r  design_1_i/processing_system7_0/inst/PS7_i/FCLKCLK[0]
                         net (fo=1, routed)           0.310     0.310    design_1_i/processing_system7_0/inst/FCLK_CLK_unbuffered[0]
    BUFGCTRL_X0Y16       BUFG (Prop_bufg_I_O)         0.026     0.336 r  design_1_i/processing_system7_0/inst/buffer_fclk_clk_0.FCLK_CLK_0_BUFG/O
                         net (fo=1413, routed)        0.573     0.909    design_1_i/rst_ps7_0_50M/U0/slowest_sync_clk
    SLICE_X57Y84         FDRE                                         r  design_1_i/rst_ps7_0_50M/U0/ACTIVE_LOW_PR_OUT_DFF[0].FDRE_PER_N/C
  -------------------------------------------------------------------    -------------------
    SLICE_X57Y84         FDRE (Prop_fdre_C_Q)         0.128     1.037 r  design_1_i/rst_ps7_0_50M/U0/ACTIVE_LOW_PR_OUT_DFF[0].FDRE_PER_N/Q
                         net (fo=111, routed)         0.644     1.680    design_1_i/tm_axi_wrapper_0/inst/S_AXI_ARESETN
    SLICE_X44Y92         LUT1 (Prop_lut1_I0_O)        0.098     1.778 f  design_1_i/tm_axi_wrapper_0/inst/S_AXI_AWREADY_i_1/O
                         net (fo=668, routed)         0.441     2.219    design_1_i/tm_axi_wrapper_0/inst/tm_inst/p_0_in
    SLICE_X46Y85         FDCE                                         f  design_1_i/tm_axi_wrapper_0/inst/tm_inst/scores_reg[5][15]/CLR
  -------------------------------------------------------------------    -------------------

                         (clock clk_fpga_0 rise edge)
                                                      0.000     0.000 r  
    PS7_X0Y0             PS7                          0.000     0.000 r  design_1_i/processing_system7_0/inst/PS7_i/FCLKCLK[0]
                         net (fo=1, routed)           0.337     0.337    design_1_i/processing_system7_0/inst/FCLK_CLK_unbuffered[0]
    BUFGCTRL_X0Y16       BUFG (Prop_bufg_I_O)         0.029     0.366 r  design_1_i/processing_system7_0/inst/buffer_fclk_clk_0.FCLK_CLK_0_BUFG/O
                         net (fo=1413, routed)        0.819     1.185    design_1_i/tm_axi_wrapper_0/inst/tm_inst/S_AXI_ACLK
    SLICE_X46Y85         FDCE                                         r  design_1_i/tm_axi_wrapper_0/inst/tm_inst/scores_reg[5][15]/C
                         clock pessimism             -0.035     1.150    
    SLICE_X46Y85         FDCE (Remov_fdce_C_CLR)     -0.067     1.083    design_1_i/tm_axi_wrapper_0/inst/tm_inst/scores_reg[5][15]
  -------------------------------------------------------------------
                         required time                         -1.083    
                         arrival time                           2.219    
  -------------------------------------------------------------------
                         slack                                  1.136    

Slack (MET) :             1.167ns  (arrival time - required time)
  Source:                 design_1_i/rst_ps7_0_50M/U0/ACTIVE_LOW_PR_OUT_DFF[0].FDRE_PER_N/C
                            (rising edge-triggered cell FDRE clocked by clk_fpga_0  {rise@0.000ns fall@10.000ns period=20.000ns})
  Destination:            design_1_i/tm_axi_wrapper_0/inst/tm_inst/scores_reg[1][15]/CLR
                            (removal check against rising-edge clock clk_fpga_0  {rise@0.000ns fall@10.000ns period=20.000ns})
  Path Group:             **async_default**
  Path Type:              Removal (Min at Fast Process Corner)
  Requirement:            0.000ns  (clk_fpga_0 rise@0.000ns - clk_fpga_0 rise@0.000ns)
  Data Path Delay:        1.341ns  (logic 0.226ns (16.855%)  route 1.115ns (83.145%))
  Logic Levels:           1  (LUT1=1)
  Clock Path Skew:        0.241ns (DCD - SCD - CPR)
    Destination Clock Delay (DCD):    1.185ns
    Source Clock Delay      (SCD):    0.909ns
    Clock Pessimism Removal (CPR):    0.035ns

    Location             Delay type                Incr(ns)  Path(ns)    Netlist Resource(s)
  -------------------------------------------------------------------    -------------------
                         (clock clk_fpga_0 rise edge)
                                                      0.000     0.000 r  
    PS7_X0Y0             PS7                          0.000     0.000 r  design_1_i/processing_system7_0/inst/PS7_i/FCLKCLK[0]
                         net (fo=1, routed)           0.310     0.310    design_1_i/processing_system7_0/inst/FCLK_CLK_unbuffered[0]
    BUFGCTRL_X0Y16       BUFG (Prop_bufg_I_O)         0.026     0.336 r  design_1_i/processing_system7_0/inst/buffer_fclk_clk_0.FCLK_CLK_0_BUFG/O
                         net (fo=1413, routed)        0.573     0.909    design_1_i/rst_ps7_0_50M/U0/slowest_sync_clk
    SLICE_X57Y84         FDRE                                         r  design_1_i/rst_ps7_0_50M/U0/ACTIVE_LOW_PR_OUT_DFF[0].FDRE_PER_N/C
  -------------------------------------------------------------------    -------------------
    SLICE_X57Y84         FDRE (Prop_fdre_C_Q)         0.128     1.037 r  design_1_i/rst_ps7_0_50M/U0/ACTIVE_LOW_PR_OUT_DFF[0].FDRE_PER_N/Q
                         net (fo=111, routed)         0.644     1.680    design_1_i/tm_axi_wrapper_0/inst/S_AXI_ARESETN
    SLICE_X44Y92         LUT1 (Prop_lut1_I0_O)        0.098     1.778 f  design_1_i/tm_axi_wrapper_0/inst/S_AXI_AWREADY_i_1/O
                         net (fo=668, routed)         0.471     2.249    design_1_i/tm_axi_wrapper_0/inst/tm_inst/p_0_in
    SLICE_X42Y86         FDCE                                         f  design_1_i/tm_axi_wrapper_0/inst/tm_inst/scores_reg[1][15]/CLR
  -------------------------------------------------------------------    -------------------

                         (clock clk_fpga_0 rise edge)
                                                      0.000     0.000 r  
    PS7_X0Y0             PS7                          0.000     0.000 r  design_1_i/processing_system7_0/inst/PS7_i/FCLKCLK[0]
                         net (fo=1, routed)           0.337     0.337    design_1_i/processing_system7_0/inst/FCLK_CLK_unbuffered[0]
    BUFGCTRL_X0Y16       BUFG (Prop_bufg_I_O)         0.029     0.366 r  design_1_i/processing_system7_0/inst/buffer_fclk_clk_0.FCLK_CLK_0_BUFG/O
                         net (fo=1413, routed)        0.819     1.185    design_1_i/tm_axi_wrapper_0/inst/tm_inst/S_AXI_ACLK
    SLICE_X42Y86         FDCE                                         r  design_1_i/tm_axi_wrapper_0/inst/tm_inst/scores_reg[1][15]/C
                         clock pessimism             -0.035     1.150    
    SLICE_X42Y86         FDCE (Remov_fdce_C_CLR)     -0.067     1.083    design_1_i/tm_axi_wrapper_0/inst/tm_inst/scores_reg[1][15]
  -------------------------------------------------------------------
                         required time                         -1.083    
                         arrival time                           2.249    
  -------------------------------------------------------------------
                         slack                                  1.167    

Slack (MET) :             1.167ns  (arrival time - required time)
  Source:                 design_1_i/rst_ps7_0_50M/U0/ACTIVE_LOW_PR_OUT_DFF[0].FDRE_PER_N/C
                            (rising edge-triggered cell FDRE clocked by clk_fpga_0  {rise@0.000ns fall@10.000ns period=20.000ns})
  Destination:            design_1_i/tm_axi_wrapper_0/inst/tm_inst/scores_reg[3][15]/CLR
                            (removal check against rising-edge clock clk_fpga_0  {rise@0.000ns fall@10.000ns period=20.000ns})
  Path Group:             **async_default**
  Path Type:              Removal (Min at Fast Process Corner)
  Requirement:            0.000ns  (clk_fpga_0 rise@0.000ns - clk_fpga_0 rise@0.000ns)
  Data Path Delay:        1.341ns  (logic 0.226ns (16.855%)  route 1.115ns (83.145%))
  Logic Levels:           1  (LUT1=1)
  Clock Path Skew:        0.241ns (DCD - SCD - CPR)
    Destination Clock Delay (DCD):    1.185ns
    Source Clock Delay      (SCD):    0.909ns
    Clock Pessimism Removal (CPR):    0.035ns

    Location             Delay type                Incr(ns)  Path(ns)    Netlist Resource(s)
  -------------------------------------------------------------------    -------------------
                         (clock clk_fpga_0 rise edge)
                                                      0.000     0.000 r  
    PS7_X0Y0             PS7                          0.000     0.000 r  design_1_i/processing_system7_0/inst/PS7_i/FCLKCLK[0]
                         net (fo=1, routed)           0.310     0.310    design_1_i/processing_system7_0/inst/FCLK_CLK_unbuffered[0]
    BUFGCTRL_X0Y16       BUFG (Prop_bufg_I_O)         0.026     0.336 r  design_1_i/processing_system7_0/inst/buffer_fclk_clk_0.FCLK_CLK_0_BUFG/O
                         net (fo=1413, routed)        0.573     0.909    design_1_i/rst_ps7_0_50M/U0/slowest_sync_clk
    SLICE_X57Y84         FDRE                                         r  design_1_i/rst_ps7_0_50M/U0/ACTIVE_LOW_PR_OUT_DFF[0].FDRE_PER_N/C
  -------------------------------------------------------------------    -------------------
    SLICE_X57Y84         FDRE (Prop_fdre_C_Q)         0.128     1.037 r  design_1_i/rst_ps7_0_50M/U0/ACTIVE_LOW_PR_OUT_DFF[0].FDRE_PER_N/Q
                         net (fo=111, routed)         0.644     1.680    design_1_i/tm_axi_wrapper_0/inst/S_AXI_ARESETN
    SLICE_X44Y92         LUT1 (Prop_lut1_I0_O)        0.098     1.778 f  design_1_i/tm_axi_wrapper_0/inst/S_AXI_AWREADY_i_1/O
                         net (fo=668, routed)         0.471     2.249    design_1_i/tm_axi_wrapper_0/inst/tm_inst/p_0_in
    SLICE_X42Y86         FDCE                                         f  design_1_i/tm_axi_wrapper_0/inst/tm_inst/scores_reg[3][15]/CLR
  -------------------------------------------------------------------    -------------------

                         (clock clk_fpga_0 rise edge)
                                                      0.000     0.000 r  
    PS7_X0Y0             PS7                          0.000     0.000 r  design_1_i/processing_system7_0/inst/PS7_i/FCLKCLK[0]
                         net (fo=1, routed)           0.337     0.337    design_1_i/processing_system7_0/inst/FCLK_CLK_unbuffered[0]
    BUFGCTRL_X0Y16       BUFG (Prop_bufg_I_O)         0.029     0.366 r  design_1_i/processing_system7_0/inst/buffer_fclk_clk_0.FCLK_CLK_0_BUFG/O
                         net (fo=1413, routed)        0.819     1.185    design_1_i/tm_axi_wrapper_0/inst/tm_inst/S_AXI_ACLK
    SLICE_X42Y86         FDCE                                         r  design_1_i/tm_axi_wrapper_0/inst/tm_inst/scores_reg[3][15]/C
                         clock pessimism             -0.035     1.150    
    SLICE_X42Y86         FDCE (Remov_fdce_C_CLR)     -0.067     1.083    design_1_i/tm_axi_wrapper_0/inst/tm_inst/scores_reg[3][15]
  -------------------------------------------------------------------
                         required time                         -1.083    
                         arrival time                           2.249    
  -------------------------------------------------------------------
                         slack                                  1.167    

Slack (MET) :             1.183ns  (arrival time - required time)
  Source:                 design_1_i/rst_ps7_0_50M/U0/ACTIVE_LOW_PR_OUT_DFF[0].FDRE_PER_N/C
                            (rising edge-triggered cell FDRE clocked by clk_fpga_0  {rise@0.000ns fall@10.000ns period=20.000ns})
  Destination:            design_1_i/tm_axi_wrapper_0/inst/tm_inst/scores_reg[4][13]/CLR
                            (removal check against rising-edge clock clk_fpga_0  {rise@0.000ns fall@10.000ns period=20.000ns})
  Path Group:             **async_default**
  Path Type:              Removal (Min at Fast Process Corner)
  Requirement:            0.000ns  (clk_fpga_0 rise@0.000ns - clk_fpga_0 rise@0.000ns)
  Data Path Delay:        1.332ns  (logic 0.226ns (16.967%)  route 1.106ns (83.033%))
  Logic Levels:           1  (LUT1=1)
  Clock Path Skew:        0.241ns (DCD - SCD - CPR)
    Destination Clock Delay (DCD):    1.185ns
    Source Clock Delay      (SCD):    0.909ns
    Clock Pessimism Removal (CPR):    0.035ns

    Location             Delay type                Incr(ns)  Path(ns)    Netlist Resource(s)
  -------------------------------------------------------------------    -------------------
                         (clock clk_fpga_0 rise edge)
                                                      0.000     0.000 r  
    PS7_X0Y0             PS7                          0.000     0.000 r  design_1_i/processing_system7_0/inst/PS7_i/FCLKCLK[0]
                         net (fo=1, routed)           0.310     0.310    design_1_i/processing_system7_0/inst/FCLK_CLK_unbuffered[0]
    BUFGCTRL_X0Y16       BUFG (Prop_bufg_I_O)         0.026     0.336 r  design_1_i/processing_system7_0/inst/buffer_fclk_clk_0.FCLK_CLK_0_BUFG/O
                         net (fo=1413, routed)        0.573     0.909    design_1_i/rst_ps7_0_50M/U0/slowest_sync_clk
    SLICE_X57Y84         FDRE                                         r  design_1_i/rst_ps7_0_50M/U0/ACTIVE_LOW_PR_OUT_DFF[0].FDRE_PER_N/C
  -------------------------------------------------------------------    -------------------
    SLICE_X57Y84         FDRE (Prop_fdre_C_Q)         0.128     1.037 r  design_1_i/rst_ps7_0_50M/U0/ACTIVE_LOW_PR_OUT_DFF[0].FDRE_PER_N/Q
                         net (fo=111, routed)         0.644     1.680    design_1_i/tm_axi_wrapper_0/inst/S_AXI_ARESETN
    SLICE_X44Y92         LUT1 (Prop_lut1_I0_O)        0.098     1.778 f  design_1_i/tm_axi_wrapper_0/inst/S_AXI_AWREADY_i_1/O
                         net (fo=668, routed)         0.462     2.241    design_1_i/tm_axi_wrapper_0/inst/tm_inst/p_0_in
    SLICE_X41Y86         FDCE                                         f  design_1_i/tm_axi_wrapper_0/inst/tm_inst/scores_reg[4][13]/CLR
  -------------------------------------------------------------------    -------------------

                         (clock clk_fpga_0 rise edge)
                                                      0.000     0.000 r  
    PS7_X0Y0             PS7                          0.000     0.000 r  design_1_i/processing_system7_0/inst/PS7_i/FCLKCLK[0]
                         net (fo=1, routed)           0.337     0.337    design_1_i/processing_system7_0/inst/FCLK_CLK_unbuffered[0]
    BUFGCTRL_X0Y16       BUFG (Prop_bufg_I_O)         0.029     0.366 r  design_1_i/processing_system7_0/inst/buffer_fclk_clk_0.FCLK_CLK_0_BUFG/O
                         net (fo=1413, routed)        0.819     1.185    design_1_i/tm_axi_wrapper_0/inst/tm_inst/S_AXI_ACLK
    SLICE_X41Y86         FDCE                                         r  design_1_i/tm_axi_wrapper_0/inst/tm_inst/scores_reg[4][13]/C
                         clock pessimism             -0.035     1.150    
    SLICE_X41Y86         FDCE (Remov_fdce_C_CLR)     -0.092     1.058    design_1_i/tm_axi_wrapper_0/inst/tm_inst/scores_reg[4][13]
  -------------------------------------------------------------------
                         required time                         -1.058    
                         arrival time                           2.241    
  -------------------------------------------------------------------
                         slack                                  1.183    





